ICS-CERT_Number,release_date,release_year,in_ytd_window,advisory_type,vendor,title,cvss_severity,cumulative_cvss,n_cves,any_kev,max_epss,cwes,n_cwes,sector,hq_country,in_scope,scope_sector_energy,scope_ong_class,scope_excluded_non_ong,mega_advisory
ICSA-10-070-01A,2010-03-11,2010,True,ICSA,Rockwell Automation,Rockwell Automation RSLinx Classic EDS Vulnerability (Update A),High,10.0,1,False,0.07588,CWE-119,1,Multiple Critical Sectors,United States,False,False,False,False,False
ICSA-10-070-02,2010-03-11,2010,True,ICSA,Rockwell Automation,Rockwell PLC5/SLC5/0x/RSLogix Security Vulnerability,High,7.5,1,False,0.05695,CWE-284,1,Water and Wastewater Systems,United States,False,False,False,False,False
ICSA-10-090-01,2010-03-31,2010,True,ICSA,Mariposa Botnet,Mariposa Botnet,Not Applicable,Not Applicable,0,False,,,0,Information Technology,Not Applicable,False,False,False,False,False
ICSA-10-097-01,2010-04-07,2010,True,ICSA,ABB,ABB NETCADOPS HELP SYSTEM VULNERABILITY,Not Applicable,Not Applicable,0,False,,CWE-79,1,Energy,Switzerland,True,True,False,False,False
ICSA-10-147-01,2010-05-27,2010,True,ICSA,Cisco,Cisco Network Building Mediator,High,9.3,3,False,0.04585,CWE-264,1,Commercial Facilities; Energy; Government Facilities; Information Technology,United States,True,True,False,False,False
ICSA-10-201-01C,2010-07-20,2010,True,ICSA,Siemens,USB Malware Targeting Siemens Control Software (Update C),High,8.1,1,True,0.91324,CWE-20,1,Multiple Critical Sectors,Germany,True,False,True,False,False
ICSA-10-214-01,2010-08-02,2010,True,ICSA,Wind River,Wind River VxWorks Vulnerabilities,High,7.8,2,False,0.01731,CWE-255;CWE-310,2,Critical Manufacturing; Defense Industrial Base; Healthcare and Public Health,United States,False,False,False,False,False
ICSA-10-228-01,2010-08-16,2010,True,ICSA,Vendor Admin,Vendor Admin Accounts Warning,Not Applicable,Not Applicable,0,False,,,0,Multiple Critical Sectors,Not Applicable,False,False,False,False,False
ICSA-10-238-01B,2010-08-26,2010,True,ICSA,Siemens,Stuxnet Malware Mitigation (Update B),High,8.1,2,True,0.98751,CWE-20;CWE-94,2,Multiple Critical Sectors,Germany,False,False,False,False,False
ICSA-10-264-01,2010-09-21,2010,False,ICSA,SCADA Engine,SCADA Engine BACnet OPC Client Buffer Overflow Vulnerability,High,9.3,1,False,0.41619,CWE-119,1,Commercial Facilities,Australia,False,False,False,False,False
ICSA-10-272-01,2010-09-29,2010,False,ICSA,Siemens,Primary Stuxnet Advisory,Medium,6.9,1,False,0.62988,CWE-255,1,Multiple Critical Sectors,Germany,False,False,False,False,False
ICSA-10-301-01A,2010-10-28,2010,False,ICSA,Moxa,MOXA Device Manager Buffer Overflow (Update A),High,9.3,1,False,0.27841,CWE-119,1,Energy; Critical Manufacturing; Communications; Healthcare and Public Health,Taiwan,True,True,False,False,False
ICSA-10-313-01,2010-11-09,2010,False,ICSA,RealFlex Technologies,RealFlex RealWin Buffer Overflow,High,10.0,1,False,0.62988,CWE-119,1,Chemical; Critical Manufacturing; Communications; Energy; Oil and Gas; Transportation Systems; Maritime; Water and Wastewater,United States,False,True,False,False,False
ICSA-10-314-01A,2010-11-10,2010,False,ICSA,Schneider Electric,ClearScada Vulnerabilities (Update A),High,7.2,2,False,0.07506,CWE-79;CWE-122;CWE-399,3,Energy; Oil and Gas; Water and Wastewater,France,False,True,False,False,False
ICSA-10-316-01A,2010-11-12,2010,False,ICSA,Intellicom,Intellicom NetBiter WebSCADA Vulnerabilities (Update A),Not Applicable,Not Applicable,0,False,,CWE-22,1,Critical Manufacturing; Commercial Facilities; Communications; Energy; Government Facilities,United States,True,True,False,False,False
ICSA-10-322-01,2010-11-18,2010,False,ICSA,Ecava,Ecava IntegraXor Buffer Overflow,High,10.0,1,False,0.18823,CWE-119,1,Multiple Critical Sectors,Malaysia,False,False,False,False,False
ICSA-10-322-02A,2010-11-18,2010,False,ICSA,Automated Solutions,Automated Solutions OPC Vulnerability (Update),Not Applicable,Not Applicable,0,False,,CWE-119,1,Multiple Critical Sectors,United States,False,False,False,False,False
ICSA-10-337-01,2010-12-03,2010,False,ICSA,Advantech,Advantech Studio Test Web Server Buffer Overflow,High,10.0,1,False,0.08598,CWE-119,1,Commercial Facilities; Energy; Government Facilities; Water and Wastewater,Taiwan,True,True,False,False,False
ICSA-10-348-01A,2010-12-14,2010,False,ICSA,Invensys,Wonderware InBatch Vulnerability (Update A),High,9.3,2,False,0.04564,CWE-119,1,Chemical; Pharmaceutical; Food and Agriculture,United States,False,False,False,False,False
ICSA-10-362-01,2010-12-28,2010,False,ICSA,Ecava,Ecava IntegraXor Directory Traversal,Medium,6.0,2,False,0.26482,CWE-22,1,Multiple Critical Sectors,Malaysia,False,False,False,False,False
ICSA-11-017-01,2011-01-17,2011,True,ICSA,WellinTech,WellinTech Kingview 6.53 Remote Heap Overflow,High,10.0,1,False,0.20939,CWE-119,1,Commercial Facilities; Critical Manufacturing; Defense Industrial Base Energy; Water and Wastewater,China,False,True,False,False,False
ICSA-11-017-02,2011-01-17,2011,True,ICSA,Sielco Sistemi,Sielco Sistemi WinLog Stack Overflow,High,9.3,1,False,0.40462,CWE-119,1,Critical Manufacturing; Food and Agriculture,Italy,False,False,False,False,False
ICSA-11-018-01,2011-01-18,2011,True,ICSA,AGG Software,AGG SCADA Viewer OPC Buffer Overflow Vulnerability,Not Applicable,Not Applicable,0,False,,,0,Chemical,Canada,False,False,False,False,False
ICSA-11-018-02,2011-01-18,2011,True,ICSA,7-Technologies,7-Technologies IGSS 8 ODBC Server Remote Heap Corruption,High,10.0,1,False,0.04676,,0,Critical Manufacturing; Energy; oil and gas; Water and Wastewater,France,False,True,False,False,False
ICSA-11-025-01,2011-01-25,2011,True,ICSA,Other,Federal Aviation Administration GPS Testing,Not Applicable,Not Applicable,0,False,,,0,Energy; Transportation Systems,Not Applicable,True,True,False,False,False
ICSA-11-041-01A,2011-02-10,2011,True,ICSA,Other,McAfee Night Dragon Report (Update A),Not Applicable,Not Applicable,0,False,,,0,Chemical; Information Technology; Energy; oil and gas,Not Applicable,True,True,False,False,False
ICSA-11-056-01A,2011-02-25,2011,True,ICSA,Progea,Progea Movicon TCPUploadServer (Update A),High,10.0,1,False,0.07625,CWE-287,1,Critical Manufacturing; Energy; Water and Wastewater,Italy,False,True,False,False,False
ICSA-11-069-01B,2011-03-10,2011,True,ICSA,Samsung,Samsung Data Management Server (Update B),High,7.5,1,False,0.01779,CWE-89,1,Commercial Facilities; Government Facilities,South Korea,False,False,False,False,False
ICSA-11-074-01,2011-03-15,2011,True,ICSA,WellinTech,WellinTech KingView 6.53 KVWebSvr ActiveX,High,10.0,3,False,0.381,CWE-119,1,Commercial Facilities; Critical Manufacturing; Defense Industrial Base Energy; Water and Wastewater,China,False,True,False,False,False
ICSA-11-082-01,2011-03-23,2011,True,ICSA,Ecava,Ecava IntegraXor SQL,Medium,4.3,1,False,0.01197,CWE-79,1,Critical Manufacturing,Malaysia,False,False,False,False,False
ICSA-11-084-01,2011-03-25,2011,True,ICSA,Other,Solar Magnetic Storm Impact on Control Systems,Not Applicable,Not Applicable,0,False,,,0,Communications; Dams; Emergency Services; Energy; oil and gas; Transportation Systems; Water and Wastewater,Not Applicable,True,True,False,False,False
ICSA-11-091-01A,2011-04-01,2011,True,ICSA,Siemens,Siemens Tecnomatix FactoryLink Vulnerabilities (Update A),Not Applicable,Not Applicable,0,False,,,0,Chemical; Commercial Facilities; Energy; oil and gas; Food and Agriculture; Government Facilities,Germany,True,True,False,False,False
ICSA-11-094-01,2011-04-04,2011,True,ICSA,Invensys,Wonderware InBatch Client ActiveX Buffer Overflow,High,9.3,1,False,0.04047,CWE-119,1,Chemical; Pharmaceutical,United States,False,False,False,False,False
ICSA-11-094-02B,2011-04-04,2011,True,ICSA,Advantech,Advantech/Broadwin WebAccess RPC Vulnerability (Update B),High,10.0,1,False,0.17905,CWE-94,1,Energy,Taiwan,False,True,False,False,False
ICSA-11-096-01,2011-04-06,2011,True,ICSA,Other,GLEG Agora SCADA+ Exploit Pack,High,7.5,13,False,0.77717,CWE-22;CWE-119,2,Multiple Critical sectors,Russia,False,False,False,False,False
ICSA-11-103-01A,2011-04-13,2011,True,ICSA,Honeywell,Honeywell ScanServer ActiveX Control (Update A),High,9.3,1,False,0.04488,CWE-416,1,Energy,United States,True,True,False,False,False
ICSA-11-108-01,2011-04-18,2011,True,ICSA,ICONICS,ICONICS GENESIS (32 & 64) Vulnerabilities,Medium,5.0,1,False,0.10361,CWE-190;CWE-415,2,Commercial Facilities; Critical Manufacturing; Energy; oil and gas; Government Facilities; Water and Wastewater,United States,True,True,False,False,False
ICSA-11-110-01,2011-04-20,2011,True,ICSA,RealFlex Technologies,RealFlex RealWin Vulnerabilities,High,10.0,1,False,0.18626,CWE-680,1,Chemical; Critical Manufacturing; Energy; oil and gas; Transportation Systems; Water and Wastewater,United States,True,True,False,False,False
ICSA-11-119-01,2011-04-29,2011,True,ICSA,7-Technologies,7-Technologies IGSS ODBC Remote Stack Overflow,High,10.0,1,False,0.06879,CWE-119,1,Critical Manufacturing; Energy; oil and gas;,Denmark,True,True,False,False,False
ICSA-11-122-01,2011-05-02,2011,True,ICSA,AzeoTech,AzeoTech DAQFactory Networking Vulnerabilities,High,7.8,1,False,0.06742,CWE-287,1,Critical Manufacturing; Energy; Water and Wastewater,United States,True,True,False,False,False
ICSA-11-126-01,2011-05-06,2011,True,ICSA,7-Technologies,7-Technologies IGSS Vulnerabilities,High,10.0,3,False,0.69618,CWE-22;CWE-119;CWE-121;CWE-134,4,Critical Manufacturing; Energy; oil and gas,Denmark,True,True,False,False,False
ICSA-11-131-01,2011-05-11,2011,True,ICSA,ICONICS,ICONICS GENESIS32 and BizViz ActiveX Stack Overflow,High,9.3,1,False,0.38316,CWE-119,1,Commercial Facilities; Critical Manufacturing; Energy; oil and gas; Government Facilities; Water and Wastewater,United States,True,True,False,False,False
ICSA-11-132-01A,2011-05-12,2011,True,ICSA,7-Technologies,7-Technologies IGSS Denial of Service (Update A),High,10.0,1,False,0.04676,,0,Critical Manufacturing; Energy; oil and gas,Denmark,True,True,False,False,False
ICSA-11-147-01B,2011-05-27,2011,True,ICSA,Ecava,Ecava IntegraXor DLL Hijacking (Update B),Medium,4.3,1,False,0.01197,CWE-79,1,Multiple Critical sectors,Malaysia,False,False,False,False,False
ICSA-11-147-02,2011-05-27,2011,True,ICSA,Ecava,Ecava IntegraXor XSS,Medium,4.3,1,False,0.01197,CWE-79,1,Multiple Critical sectors,Malaysia,False,False,False,False,False
ICSA-11-161-01,2011-06-10,2011,True,ICSA,Rockwell Automation,Rockwell RSLinx EDS Vulnerability,High,9.3,1,False,0.07588,CWE-119,1,Critical Manufacturing; Energy; Water and Wastewater,United States,True,True,False,False,False
ICSA-11-167-01,2011-06-16,2011,True,ICSA,Sunway,Sunway Force Control,High,10.0,2,False,0.17566,CWE-119,1,Chemical; Pharmaceutical; Communications; Critical Manufacturing; Energy,China,False,True,False,False,False
ICSA-11-168-01A,2011-06-17,2011,True,ICSA,InduSoft,InduSoft ISSymbol ActiveX Control Buffer Overflow (Update A),High,9.3,1,False,0.32349,CWE-119,1,Pharmaceutical; Critical Manufacturing; Energy; oil and gas; Food and Agriculture; Water and Wastewater,United States,True,True,False,False,False
ICSA-11-173-01,2011-06-22,2011,True,ICSA,Schneider Electric,ClearSCADA Remote Authentication Bypass,Not Applicable,Not Applicable,0,False,,,0,Energy; Water and Wastewater,France,False,True,False,False,False
ICSA-11-175-01,2011-06-24,2011,True,ICSA,Rockwell Automation,Rockwell FactoryTalk Diag Viewer Memory Corruption,Medium,6.9,1,False,0.00644,,0,Food and Agriculture; Transportation Systems; Water and Wastewater,United States,False,False,False,False,False
ICSA-11-175-02,2011-06-24,2011,True,ICSA,Siemens,Siemens WinCC Exploitable Crashes,Not Applicable,Not Applicable,0,False,,,0,Chemical; Energy; oil and gas; Food and Agriculture; Water and Wastewater,Germany,True,True,False,False,False
ICSA-11-182-01,2011-07-01,2011,True,ICSA,ICONICS,ICONICS GENESIS32 and BizViz ActiveX Trusted Zone Vulnerability,Not Applicable,Not Applicable,0,False,,,0,Commercial Facilities; Critical Manufacturing; Energy; oil and gas; Government Facilities; Water and Wastewater,United States,True,True,False,False,False
ICSA-11-182-02,2011-07-01,2011,True,ICSA,ICONICS,ICONICS Login ActiveX Vulnerability,Not Applicable,Not Applicable,0,False,,,0,Commercial Facilities; Critical Manufacturing; Energy; oil and gas; Government Facilities; Water and Wastewater,United States,True,True,False,False,False
ICSA-11-189-01,2011-07-08,2011,True,ICSA,7-Technologies,7-Technologies IGSS Remote Memory Corruption,High,10.0,1,False,0.04676,,0,Critical Manufacturing; Energy; oil and gas,Denmark,True,True,False,False,False
ICSA-11-195-01,2011-07-14,2011,True,ICSA,Invensys,Wonderware Information Server,High,9.3,1,False,0.04564,CWE-119,1,Chemical; Pharmaceutical; Energy; oil and gas; Water and Wastewater,United States,True,True,False,False,False
ICSA-11-216-01,2011-08-04,2011,True,ICSA,Scadatec Limited,Scadatec Limited Procyon Telnet Buffer Overflow,High,10.0,1,False,0.64653,CWE-119,1,Chemical; Critical Manufacturing; Transportation Systems,United Kingdom,False,False,False,False,False
ICSA-11-223-01A,2011-08-11,2011,True,ICSA,Siemens,Siemens SIMATIC PLCs Reported Issues Summary (Update A),Not Applicable,Not Applicable,0,False,,,0,Chemical; Commercial Facilities; Critical Manufacturing; Energy; oil and gas; Government Facilities; Water and Wastewater,Germany,True,True,True,False,False
ICSA-11-231-01,2011-08-19,2011,True,ICSA,Inductive Automation,Inductive Automation Ignition Information Disclosure Vulnerability,Not Applicable,Not Applicable,0,False,,,0,Chemical; Pharmaceutical; Critical Manufacturing; Energy; oil and gas; Food and Agriculture,United States,False,True,False,False,False
ICSA-11-243-01,2011-08-31,2011,True,ICSA,GE,GE Intelligent Platforms Proficy Plant Applications Buffer Overflow,High,10.0,1,False,0.04597,CWE-119,1,Multiple Critical sectors,United States,False,False,False,False,False
ICSA-11-243-02,2011-08-31,2011,True,ICSA,GE,GE Proficy Historian Web Administrator XSS,Medium,4.3,1,False,0.00908,CWE-79,1,Multiple Critical sectors,United States,False,False,False,False,False
ICSA-11-243-03A,2011-08-31,2011,True,ICSA,GE,GE Intelligent Platforms Proficy Historian Data Archiver Buffer Overflow Vulnerability (Update A),High,10.0,1,False,0.06286,CWE-119,1,Multiple Critical sectors,United States,False,False,False,False,False
ICSA-11-244-01,2011-09-01,2011,True,ICSA,Siemens,Siemens WinCC Flexible Runtime Heap Overflow,High,9.3,1,False,0.0707,CWE-119,1,Chemical; Energy; oil and gas; Food and Agriculture; Water and Wastewater,Germany,True,True,True,False,False
ICSA-11-263-01,2011-09-20,2011,False,ICSA,Measuresoft,Measuresoft ScadaPro Vulnerabilities,High,10.0,4,False,0.57105,CWE-20;CWE-22;CWE-119;CWE-200,4,Pharmaceutical; Critical Manufacturing; Energy; oil and gas,Ireland,False,True,False,False,False
ICSA-11-264-01,2011-09-21,2011,False,ICSA,AzeoTech,AzeoTech DAQFactory Stack Overflow,High,10.0,1,False,0.70909,CWE-119,1,Critical Manufacturing; Energy; Water and Wastewater,United States,True,True,False,False,False
ICSA-11-273-01,2011-09-30,2011,False,ICSA,ICONICS,ICONICS GENESIS32 Multiple Memory Corruption,Not Applicable,Not Applicable,0,False,,,0,Commercial Facilities; Critical Manufacturing; Energy; oil and gas; Government Facilities; Water and Wastewater,United States,True,True,False,False,False
ICSA-11-273-02,2011-09-30,2011,False,ICSA,InduSoft,InduSoft ISSymbol ActiveX Control Buffer Overflow,High,10.0,1,False,0.05922,CWE-119,1,Pharmaceutical; Critical Manufacturing; Energy; oil and gas; Food and Agriculture; Water and Wastewater,United States,True,True,False,False,False
ICSA-11-273-03A,2011-09-30,2011,False,ICSA,Rockwell Automation,Rockwell RSLogix Overflow Vulnerability (Update A),Medium,5.0,1,False,0.08746,CWE-119,1,Chemical; Critical Manufacturing; Food and Agriculture; Water and Wastewater,United States,False,False,False,False,False
ICSA-11-277-01,2011-10-04,2011,False,ICSA,Schneider Electric,Schneider Electric UnitelWay Buffer Overflow,High,7.2,1,False,0.01302,CWE-119,1,Energy; Information Technology,France,True,True,False,False,False
ICSA-11-279-01,2011-10-06,2011,False,ICSA,Advantech,Advantech OPC Server Buffer Overflow,High,10.0,1,False,0.03925,CWE-119,1,Communications; Energy; Transportation Systems; Government Facilities,Taiwan,True,True,False,False,False
ICSA-11-279-02,2011-10-06,2011,False,ICSA,"Mitsubishi Electric Automation, Schneider Electric",CitectSCADA and Mitsubishi MX4 SCADA Batch Server Buffer Overflow,Medium,4.6,1,False,0.00471,CWE-119,1,Commercial Facilities,Japan,False,False,False,False,False
ICSA-11-279-03A,2011-10-06,2011,False,ICSA,Unitronics,Unitronics UNIOPC Server Input Handling Vulnerability (Update A),Medium,6.8,1,False,0.01658,CWE-20,1,Multiple Critical Sectors,Israel,False,False,False,False,False
ICSA-11-279-04,2011-10-06,2011,False,ICSA,Beckhoff Automation,Beckhoff TwinCAT Read Access Violation,Medium,5.0,1,False,0.4965,CWE-119,1,Commercial Facilities; Critical Manufacturing; Energy; oil and gas; Government Facilities; Water and Wastewater,Germany,True,True,False,False,False
ICSA-11-280-01,2011-10-07,2011,False,ICSA,Cogent Real-Time Systems Inc,Cogent DataHub Vulnerabilities,Medium,6.3,4,False,0.07991,CWE-22;CWE-119;CWE-189;CWE-200,4,Chemical,Canada,False,False,False,False,False
ICSA-11-285-01,2011-10-12,2011,False,ICSA,Honeywell,Honeywell TEMA Remote Installer ActiveX Vulnerability,Not Applicable,Not Applicable,0,False,,,0,Energy,United States,True,True,False,False,False
ICSA-11-294-01,2011-10-21,2011,False,ICSA,Progea,Progea Movicon Power HMI Vulnerabilities,High,10.0,3,False,0.1624,CWE-119,1,Critical Manufacturing; Energy,Italy,True,True,False,False,False
ICSA-11-298-01A,2011-10-25,2011,False,ICSA,Sielco Sistemi,Sielco Sistemi Winlog Buffer Overflow (Update A),High,9.3,1,False,0.04514,CWE-119,1,Communications,Italy,False,False,False,False,False
ICSA-11-307-01,2011-11-03,2011,False,ICSA,Schneider Electric,Schneider Electric Vijeo Historian Web Server Multiple Vulnerabilities,Medium,5.7,4,False,0.13368,CWE-22;CWE-79;CWE-119,3,Energy,France,True,True,False,False,False
ICSA-11-314-01,2011-11-10,2011,False,ICSA,SafeNet,Safenet Sentinel and 7-T Input Sanitization Vulnerability,Medium,4.3,1,False,0.01338,CWE-79,1,Chemical,United States,False,False,False,False,False
ICSA-11-319-01,2011-11-15,2011,False,ICSA,InduSoft,InduSoft Web Studio Vulnerabilities,High,9.6,2,False,0.69095,CWE-119;CWE-287,2,Pharmaceutical; Critical Manufacturing; Energy; oil and gas; Food and Agriculture; Water and Wastewater,United States,True,True,False,False,False
ICSA-11-332-01A,2011-11-28,2011,False,ICSA,Invensys,Wonderware InBatch ActiveX Vulnerabilities (Update A),Medium,6.8,1,False,0.02387,CWE-119,1,Chemical; Critical Manufacturing; Energy; Water and Wastewater,United States,True,True,False,False,False
ICSA-11-335-01,2011-12-01,2011,False,ICSA,7-Technologies,7-Technologies Data Server Denial of Service,Medium,5.0,1,False,0.20062,CWE-119,1,Critical Manufacturing; Energy; oil and gas,Denmark,True,True,False,False,False
ICSA-11-340-01,2011-12-06,2011,False,ICSA,ARC Informatique,ARC Informatique PcVue HMI/SCADA ActiveX Vulnerabilities,High,9.3,2,False,0.07417,CWE-189,1,Chemical,France,False,False,False,False,False
ICSA-11-343-01,2011-12-09,2011,False,ICSA,Siemens,Siemens FactoryLink Multiple ActiveX Vulnerabilities,High,7.5,2,False,0.04564,CWE-119,1,Chemical; Commercial Facilities; Energy; oil and gas; Food and Agriculture; Government Facilities,Germany,False,True,False,False,False
ICSA-11-353-01,2011-12-19,2011,False,ICSA,7-Technologies,7-Technologies Interactive Graphical SCADA,High,9.3,1,False,0.01479,CWE-426,1,Critical Manufacturing; Energy; oil and gas,Denmark,True,True,False,False,False
ICSA-11-355-01,2011-12-21,2011,False,ICSA,7-Technologies,7-Technologies IGSS Buffer Overflow,High,7.5,1,False,0.04492,CWE-119,1,Critical Manufacturing; Energy; oil and gas,Denmark,True,True,False,False,False
ICSA-11-355-02,2011-12-21,2011,False,ICSA,WellinTech,WellinTech KingView History Server Buffer Overflow,High,10.0,1,False,0.08527,CWE-119,1,Commercial Facilities; Critical Manufacturing; Energy,China,True,True,False,False,False
ICSA-11-356-01,2011-12-22,2011,False,ICSA,Siemens,Siemens Simatic HMI Authentication Vulnerabilities,High,9.6,2,False,0.03119,CWE-255;CWE-287,2,Chemical; Energy; oil and gas; Food and Agriculture; Water and Wastewater,Germany,True,True,True,False,False
ICSA-11-361-01,2011-12-27,2011,False,ICSA,Siemens,Siemens Automation License Manager Vulnerabilities,Medium,5.6,4,False,0.08406,CWE-20;CWE-22;CWE-119,3,Chemical; Energy; oil and gas; Food and Agriculture; Water and Wastewater,Germany,True,True,False,False,False
ICSA-11-362-01,2011-12-28,2011,False,ICSA,ScadaTEC,ScadaTEC ScadaPhone & Modbus TagServer Buffer Overflow Vulnerability,Medium,6.8,1,False,0.26729,CWE-119,1,Chemical; Critical Manufacturing,United States,False,False,False,False,False
ICSA-12-006-01,2012-01-06,2012,True,ICSA,3S-Smart Software Solutions,3S CoDeSys Vulnerabilities,High,7.5,3,False,0.72714,CWE-119;CWE-189,2,Critical Manufacturing,Germany,False,False,False,False,False
ICSA-12-012-01A,2012-01-12,2012,True,ICSA,Open Automation Software,Open Automation Software OPC Systems.NET Vulnerability (Update A),High,7.2,2,False,0.05743,CWE-20,1,Energy; Information Technology; Water and Wastewater,United States,True,True,False,False,False
ICSA-12-013-01,2012-01-13,2012,True,ICSA,COPA-DATA,ING. Punzenberger COPA-DATA GMBH DoS Vulnerabilities,High,7.5,2,False,0.03044,,0,Pharmaceutical; Energy,Austria,True,True,False,False,False
ICSA-12-016-01,2012-01-16,2012,True,ICSA,Cogent Real-Time Systems Inc,Cogent DataHub XSS and CRLF,Medium,4.3,2,False,0.01457,CWE-79;CWE-94,2,Chemical,Canada,False,False,False,False,False
ICSA-12-018-01B,2012-01-18,2012,True,ICSA,Schneider Electric,Schneider Electric Quantum Ethernet Module Hard-Coded Credentials (Update B),High,10.0,1,False,0.03894,,0,Energy,France,True,True,False,False,False
ICSA-12-018-02,2012-01-18,2012,True,ICSA,Certec EDV GmbH,Certec Atvise Server Remote DOS,Medium,5.0,1,False,0.01759,,0,Multiple Critical Sectors,Austria,False,False,False,False,False
ICSA-12-024-01,2012-01-24,2012,True,ICSA,Ocean Data,Ocean Data Systems Dream Reports XSS and Write Access Violation Vulnerabilities,Medium,6.8,2,False,0.04282,CWE-79;CWE-264,2,Commercial Facilities; Energy; oil and gas; Government Facilities; Healthcare and Public Health; Water and Wastewater,France,True,True,False,False,False
ICSA-12-024-02,2012-01-24,2012,True,ICSA,MICROSYS,MICROSYS PROMOTIC Vulnerabilities,Medium,4.5,3,False,0.26385,CWE-22;CWE-119,2,Energy; Water and Wastewater,Czech Republic,False,True,False,False,False
ICSA-12-025-02A,2012-01-25,2012,True,ICSA,7-Technologies,7-Technologies Termis DLL Hijacking (Update A),High,9.3,1,False,0.01787,CWE-427,1,Energy,Denmark,True,True,False,False,False
ICSA-12-030-01A,2012-01-30,2012,True,ICSA,Siemens,Siemens SIMATIC WinCC Vulnerabilities (UPDATE A),High,7.9,12,False,0.14013,CWE-20;CWE-22;CWE-79;CWE-94;CWE-119;CWE-134;CWE-255;CWE-287;CWE-399,9,Chemical; Energy; oil and gas; Food and Agriculture; Water and Wastewater,Germany,True,True,True,False,False
ICSA-12-032-01,2012-02-01,2012,True,ICSA,GE,GE Proficy Historian ihDataArchiver,High,10.0,1,False,0.04953,CWE-119,1,Multiple Critical Sectors,United States,False,False,False,False,False
ICSA-12-032-02,2012-02-01,2012,True,ICSA,GE,GE Intelligent Platforms Proficy Plant Applications Memory Corruption Vulnerabilities,High,10.0,2,False,0.09164,CWE-119,1,Multiple Critical Sectors,United States,False,False,False,False,False
ICSA-12-032-03,2012-02-01,2012,True,ICSA,GE,GE Intelligent Platforms Proficy Real-Time Information Portal Directory Traversal,Medium,6.4,1,False,0.02209,CWE-22,1,Multiple Critical Sectors,United States,False,False,False,False,False
ICSA-12-039-01,2012-02-08,2012,True,ICSA,Invensys,Invensys Wonderware HMI Reports XSS and Write Access Violation Vulnerabilities,High,9.3,1,False,0.04282,CWE-79;CWE-264,2,Commercial Facilities; Energy; oil and gas; Government Facilities; Healthcare and Public Health; Water and Wastewater,United States,True,True,False,False,False
ICSA-12-047-01A,2012-02-16,2012,True,ICSA,Advantech,Advantech WebAccess Vulnerabilities (UPDATE A),High,7.4,18,False,0.07173,CWE-79;CWE-89;CWE-119;CWE-134;CWE-200;CWE-287;CWE-352,7,Energy,Taiwan,True,True,False,False,False
ICSA-12-059-01,2012-02-28,2012,True,ICSA,ABB,ABB Robot Communications Runtime Buffer Overflow,High,10.0,1,False,0.0818,CWE-119,1,Critical Manufacturing,Switzerland,False,False,False,False,False
ICSA-12-062-01,2012-03-02,2012,True,ICSA,Invensys,Wonderware Information Server Multiple Vulnerabilities,High,8.1,3,False,0.02164,CWE-89;CWE-264,2,Chemical; Energy; Water and Wastewater,United States,True,True,False,False,False
ICSA-12-079-01,2012-03-19,2012,True,ICSA,Microsoft,Microsoft Remote Desktop Protocol Memory Corruption Vulnerability,High,10.0,1,False,0.74102,CWE-94,1,Multiple Critical Sectors,United States,False,False,False,False,False
ICSA-12-081-01,2012-03-21,2012,True,ICSA,Invensys,Wonderware System Platform Buffer Overflows,Medium,6.0,2,False,0.03161,CWE-122,1,Critical Manufacturing,United States,True,False,True,False,False
ICSA-12-083-01,2012-03-23,2012,True,ICSA,Ecava,Ecava IntegraXor ActiveX Directory Traversal,Medium,4.3,1,False,0.05948,CWE-22,1,Critical Manufacturing,Malaysia,False,False,False,False,False
ICSA-12-088-01A,2012-03-28,2012,True,ICSA,Rockwell Automation,Rockwell Automation FactoryTalk RNADiagReceiver (UPDATE A),Medium,5.0,2,False,0.1021,CWE-125;CWE-389,2,Multiple Critical Sectors,United States,False,False,False,False,False
ICSA-12-095-01A,2012-04-04,2012,True,ICSA,ABB,ABB Multiple Components Buffer Overflow (UPDATE),High,7.7,1,False,0.01555,CWE-119,1,Critical Manufacturing,Switzerland,False,False,False,False,False
ICSA-12-102-01,2012-04-11,2012,True,ICSA,Certec EDV GmbH,Certec atvise webMI2ADS Vulnerabilities,Medium,5.0,3,False,0.07537,CWE-22;CWE-400;CWE-476;CWE-732,4,Commercial Facilities,Austria,False,False,False,False,False
ICSA-12-102-02,2012-04-11,2012,True,ICSA,Koyo,Koyo Ecom Modules Vulnerabilities,High,8.1,4,False,0.05498,CWE-119;CWE-306;CWE-521,3,Multiple Critical Sectors,Australia,False,False,False,False,False
ICSA-12-102-03,2012-04-11,2012,True,ICSA,MICROSYS,MICROSYS PROMOTIC Use After Free Vulnerability,High,7.9,1,False,0.0151,CWE-416,1,Energy; Water and Wastewater,Czech Republic,False,True,False,False,False
ICSA-12-102-04,2012-04-11,2012,True,ICSA,Siemens,Siemens Scalance X Buffer Overflow Vulnerability,High,7.8,1,False,0.06052,CWE-119,1,Chemical; Critical Manufacturing; Communications; Dams; Defense Industrial Base; Energy; Food and Agriculture; Government Facilities; Transportation Systems; Water and Wastewater,Germany,True,True,False,False,False
ICSA-12-102-05,2012-04-11,2012,True,ICSA,Siemens,Siemens Scalance S Multiple Security Vulnerabilities,High,8.1,2,False,0.05011,CWE-307;CWE-1121,2,Chemical; Defense Industrial Base; Energy; Transportation Systems,Germany,False,True,False,False,False
ICSA-12-122-01,2012-05-01,2012,True,ICSA,WellinTech,WellinTech KingView DLL Hijack Vulnerability,High,9.3,1,False,0.01689,CWE-427,1,Commercial Facilities; Energy; Water and Wastewater,China,True,True,False,False,False
ICSA-12-129-01,2012-05-08,2012,True,ICSA,WellinTech,WellinTech KingSCADA Insecure Password Encryption,High,7.2,1,False,0.00789,CWE-311,1,Commercial Facilities; Energy; Water and Wastewater,China,True,True,False,False,False
ICSA-12-131-01,2012-05-10,2012,True,ICSA,Progea,Progea Movicon Memory Corruption Vulnerability,High,7.8,1,False,0.02848,CWE-119,1,Energy,Italy,True,True,False,False,False
ICSA-12-131-02,2012-05-10,2012,True,ICSA,GE,GE Intelligent Platforms Proficy HTML Help Vulnerabilities (Update A),High,8.8,2,False,0.39711,CWE-77;CWE-121,2,Multiple Critical Sectors,United States,False,False,False,False,False
ICSA-12-137-02,2012-05-16,2012,True,ICSA,Advantech,Advantech Studio ISSymbol ActiveX Buffer Overflow,Medium,4.3,1,False,0.32349,CWE-119,1,Commercial Facilities; Energy; Government Facilities; Water and Wastewater,Taiwan,True,True,False,False,False
ICSA-12-138-01,2012-05-17,2012,True,ICSA,Emerson,Emerson DeltaV Multiple Vulnerabilities,Medium,6.4,5,False,0.03971,CWE-79;CWE-89;CWE-119;CWE-400;CWE-618,5,Commercial Facilities; Energy; Government Facilities,United States,True,True,True,False,False
ICSA-12-145-01,2012-05-24,2012,True,ICSA,Measuresoft,Measuresoft ScadaPro DLL Hijack,Medium,6.0,1,False,0.00476,CWE-427,1,Pharmaceutical; Energy; oil and gas,Ireland,False,True,False,False,False
ICSA-12-145-02,2012-05-24,2012,True,ICSA,xArrow,xArrow Multiple Vulnerabilities,High,8.5,4,False,0.04587,CWE-119;CWE-122;CWE-125;CWE-476,4,Commercial Facilities; Food and Agriculture; Water and Wastewater,China,False,False,False,False,False
ICSA-12-146-01A,2012-05-25,2012,True,ICSA,RuggedCom,RuggedCom Weak Cryptography for Password Vulnerability (Update A),High,8.5,1,False,0.49009,CWE-261,1,Communications; Energy; Transportation Systems; Government Facilities,Germany,True,True,False,False,False
ICSA-12-150-01,2012-05-29,2012,True,ICSA,Honeywell,Honeywell HMIWeb Browser Buffer Overflow Vulnerability,High,7.5,1,False,0.04083,CWE-121,1,Energy,United States,False,True,True,False,False
ICSA-12-158-01,2012-06-06,2012,True,ICSA,Siemens,Siemens WinCC Multiple Vulnerabilities,Medium,4.9,5,False,0.02328,CWE-22;CWE-79;CWE-91,3,Chemical; Energy; oil and gas; Food and Agriculture; Water and Wastewater,Germany,True,True,True,False,False
ICSA-12-167-01,2012-06-15,2012,True,ICSA,Innominate,Innominate MGuard Weak HTTPS and SSH Keys,High,7.1,1,False,0.01177,CWE-310,1,Critical Manufacturing; Communications; Energy; Healthcare and Public Health; Transportation Systems; Water and Wastewater,Germany,False,True,False,False,False
ICSA-12-171-01,2012-06-19,2012,True,ICSA,Invensys,Wonderware SuiteLink Unallocated Unicode String Vulnerability,High,7.1,1,False,0.02153,CWE-121,1,Chemical; Energy; Water and Wastewater,United States,True,True,False,False,False
ICSA-12-177-02,2012-06-25,2012,True,ICSA,Invensys,Invensys Wonderware InTouch 10 DLL Hijack,Medium,6.6,1,False,0.00447,CWE-427,1,Chemical; Energy; Water and Wastewater,United States,True,True,True,False,False
ICSA-12-179-01,2012-06-27,2012,True,ICSA,Pro-face,Pro-Face Pro-Server EX Vulnerabilities,Medium,5.1,6,False,0.21473,CWE-119;CWE-388;CWE-680;CWE-788,4,Energy; oil and gas; Food and Agriculture; Water and Wastewater,United States,False,True,False,False,False
ICSA-12-185-01,2012-07-03,2012,True,ICSA,WellinTech,WellinTech KingView Multiple Vulnerabilities,High,9.0,5,False,0.15942,CWE-35;CWE-119;CWE-121;CWE-122;CWE-125,5,Commercial Facilities; Energy; Water and Wastewater,China,True,True,False,False,False
ICSA-12-201-01,2012-07-19,2012,True,ICSA,OSIsoft,OSIsoft PI OPC DA Interface Buffer Overflow,Medium,6.3,1,False,0.04683,CWE-121,1,Multiple Critical Sectors,United States,False,False,False,False,False
ICSA-12-205-01,2012-07-23,2012,True,ICSA,Siemens,Siemens WinCC Insecure SQL Server Authentication,High,10.0,1,False,0.0055,CWE-798,1,Chemical; Energy; oil and gas; Food and Agriculture; Water and Wastewater,Germany,True,True,True,False,False
ICSA-12-205-02,2012-07-23,2012,True,ICSA,Siemens,Siemens SIMATIC STEP 7 DLL Vulnerability,Medium,6.9,1,False,0.00455,CWE-114,1,Chemical; Commercial Facilities; Energy; oil and gas; Government Facilities; Water and Wastewater,Germany,True,True,True,False,False
ICSA-12-212-01,2012-07-30,2012,True,ICSA,ICONICS,ICONICS GENESIS32/BizViz Security Configurator Authentication Bypass Vulnerability,Medium,6.0,1,False,0.0021,CWE-261,1,Commercial Facilities; Energy; oil and gas; Government Facilities; Water and Wastewater,United States,True,True,False,False,False
ICSA-12-212-02,2012-07-30,2012,True,ICSA,Siemens,Siemens SIMATIC S7-400 PN CPU DoS,High,7.8,1,False,0.03464,CWE-404,1,Chemical,Germany,True,False,True,False,False
ICSA-12-213-01A,2012-07-31,2012,True,ICSA,Sielco Sistemi,Sielco Sistemi Winlog Multiple Vulnerabilities (Update A),High,8.6,7,False,0.44189,CWE-22;CWE-118;CWE-119;CWE-123;CWE-284,5,Critical Manufacturing,Italy,False,False,False,False,False
ICSA-12-214-01,2012-08-01,2012,True,ICSA,Siemens,Siemens Synco OZW Default Password,High,9.0,1,False,0.01443,CWE-262,1,Commercial Facilities; Government Facilities,Germany,False,False,False,False,False
ICSA-12-227-01,2012-08-14,2012,True,ICSA,Siemens,Siemens COMOS Database Privilege Escalation Vulnerability,High,8.5,1,False,0.02149,CWE-250,1,Multiple Critical Sectors,Germany,False,False,False,False,False
ICSA-12-228-01A,2012-08-15,2012,True,ICSA,Tridium,Tridium Niagara Vulnerabilities (Update A),Medium,6.8,4,False,0.02542,CWE-22;CWE-315;CWE-330;CWE-522,4,Commercial Facilities; Communications; Energy,United States,True,True,False,False,False
ICSA-12-234-01,2012-08-21,2012,True,ICSA,GE,GE Intelligent Platforms Proficy Real-Time Information Portal Vulnerabilities,High,7.1,3,False,0.05009,CWE-20,1,Multiple Critical Sectors,United States,False,False,False,False,False
ICSA-12-243-01,2012-08-30,2012,True,ICSA,GarrettCom,GarrettCom - Use of Hard-Coded Password,High,7.7,1,False,0.00433,CWE-259,1,Defense Industrial Base; Energy; Transportation Systems,United States,True,True,False,False,False
ICSA-12-249-01,2012-09-05,2012,True,ICSA,Arbiter Systems,Arbiter Systems Power Sentinel Denial-of-Service Vulnerability,High,7.8,1,False,0.0147,CWE-410,1,Energy,United States,True,True,False,False,False
ICSA-12-249-02,2012-09-05,2012,True,ICSA,WAGO,WAGO IO 758 Default Linux Credentials,High,10.0,1,False,0.03153,CWE-259;CWE-287,2,Commercial Facilities; Energy; Government Facilities; Transportation Systems,Germany,False,True,False,False,False
ICSA-12-249-03,2012-09-05,2012,True,ICSA,InduSoft,InduSoft ISSymbol ActiveX Control Buffer Overflow,High,7.5,1,False,0.32349,CWE-122,1,Chemical; Food and Agriculture,United States,False,False,False,False,False
ICSA-12-251-01,2012-09-07,2012,True,ICSA,RealFlex Technologies,RealFlex RealWinDemo DLL Hijack,Medium,6.2,1,False,0.00447,CWE-427,1,Chemical; Critical Manufacturing; Communications; Energy; oil and gas; Transportation Systems; Maritime; Water and Wastewater,United States,False,True,False,False,False
ICSA-12-256-01,2012-09-12,2012,False,ICSA,Siemens,Siemens WinCC WebNavigator Multiple Vulnerabilities,High,7.7,5,False,0.02638,CWE-79;CWE-89;CWE-352;CWE-425;CWE-618,5,Chemical; Energy; oil and gas; Food and Agriculture; Water and Wastewater,Germany,True,True,False,False,False
ICSA-12-258-01,2012-09-14,2012,False,ICSA,IOServer,IOServer OPC Server Multiple Vulnerabilities,High,7.8,1,False,0.02746,CWE-22;CWE-219;CWE-538,3,Commercial Facilities; Energy; oil and gas; Government Facilities,Australia,True,True,False,False,False
ICSA-12-262-01,2012-09-18,2012,False,ICSA,Fultek,Fultek WinTr Directory Traversal,High,7.8,1,False,0.02627,CWE-23,1,Critical Manufacturing,Turkey,False,False,False,False,False
ICSA-12-263-01,2012-09-19,2012,False,ICSA,Siemens,Siemens S7-1200 Insecure Storage of HTTPS CA Certificate,High,9.3,1,False,0.01472,CWE-311,1,Chemical,Germany,True,False,True,False,False
ICSA-12-263-02,2012-09-19,2012,False,ICSA,ORing,ORing Industrial Networking IDS-5042/5042+ Hard-Coded Credential Vulnerability,Critical,10.0,1,False,0.03602,CWE-259,1,Energy; oil and gas; Transportation Systems,Taiwan,True,True,False,False,False
ICSA-12-265-01,2012-09-21,2012,False,ICSA,Emerson,Emerson DeltaV Buffer Overflow,Medium,5.0,1,False,0.02194,CWE-120,1,Commercial Facilities; Energy; Government Facilities,United States,True,True,True,False,False
ICSA-12-271-01,2012-09-27,2012,False,ICSA,C3-ilex,C3-ilex EOScada Multiple Vulnerabilities,Medium,6.4,4,False,0.02201,CWE-200;CWE-284;CWE-399,3,Energy; Water and Wastewater,United States,True,True,False,False,False
ICSA-12-271-02,2012-09-27,2012,False,ICSA,Optimalog,Optimalog Optima PLC Multiple Vulnerabilities,Medium,5.0,2,False,0.06722,CWE-476;CWE-835,2,Multiple Critical Sectors,France,False,False,False,False,False
ICSA-12-283-01,2012-10-09,2012,False,ICSA,Siemens,Siemens S7-1200 Web Application Cross Site Scripting,High,8.3,1,False,0.02556,CWE-79,1,Chemical,Germany,False,False,False,False,False
ICSA-12-283-02,2012-10-09,2012,False,ICSA,WellinTech,WellinTech KingView User Credentials Not Securely Hashed,Medium,6.8,1,False,0.00322,CWE-311,1,Commercial Facilities; Energy; Water and Wastewater,China,True,True,False,False,False
ICSA-12-297-01,2012-10-23,2012,False,ICSA,Tropos,Tropos Wireless Mesh Routers,Medium,6.1,1,False,0.00994,CWE-331,1,Emergency Services; Energy; Transportation Systems,United States,True,True,False,False,False
ICSA-12-297-02,2012-10-23,2012,False,ICSA,Korenix,Korenix Jetport 5600 Series Hard-coded Credentials,High,10.0,1,False,0.03602,CWE-259,1,Communications; Information Technology,Taiwan,False,False,False,False,False
ICSA-12-305-01,2012-10-31,2012,False,ICSA,Siemens,Siemens SiPass Server Buffer Overflow,High,10.0,1,False,0.15788,CWE-121,1,Multiple Critical sectors; Energy,Germany,False,True,False,False,False
ICSA-12-320-01,2012-11-15,2012,False,ICSA,ABB,ABB AC500 PLC Webserver CoDeSys Vulnerability,High,7.8,1,False,0.72714,CWE-121,1,Energy,Switzerland,True,True,False,False,False
ICSA-12-325-01,2012-11-20,2012,False,ICSA,Sinapsi,Sinapsi Devices Vulnerabilities,High,9.3,4,False,0.24823,CWE-78;CWE-89;CWE-259;CWE-287,4,Energy,Italy,True,True,False,False,False
ICSA-12-335-01,2012-11-30,2012,False,ICSA,Post Oak Traffic Systems,Post Oak Bluetooth Traffic Systems Insufficient Entropy Vulnerability,High,7.6,1,False,0.01547,CWE-331,1,Transportation Systems,United States,False,False,False,False,False
ICSA-12-341-01,2012-12-06,2012,False,ICSA,GE,GE Proficy HMI/SCADA Cimplicity Integer Overflow,High,7.1,1,False,0.01151,CWE-20,1,Multiple Critical Sectors,United States,False,False,False,False,False
ICSA-12-342-01B,2012-12-07,2012,False,ICSA,Rockwell Automation,"Rockwell Allen-Bradley MicroLogix, SLC 500, and PLC-5 Fault Generation Vulnerability (Update B)",High,7.1,1,False,0.0405,CWE-471,1,Chemical,United States,False,False,False,False,False
ICSA-12-348-01,2012-12-13,2012,False,ICSA,Invensys,Siemens ProcessSuite and Invensys Intouch Poorly Encrypted Password File,Medium,4.3,1,False,0.00228,CWE-326,1,Chemical; Energy; oil and gas,United States,True,True,True,False,False
ICSA-12-349-01,2012-12-14,2012,False,ICSA,Siemens,Siemens Automation License Manager Uncontrolled Resource Consumption,High,7.8,1,False,0.00892,CWE-399,1,Energy; Healthcare and Public Health,Germany,True,True,True,False,False
ICSA-12-354-01A,2012-12-19,2012,False,ICSA,RuggedCom,Ruggedcom ROS Hard-Coded RSA SSL Private Key (Update A),High,9.3,1,False,0.01134,CWE-320,1,Energy; Transportation Systems,Germany,True,True,False,False,False
ICSA-12-354-02,2012-12-19,2012,False,ICSA,Carlo Gavazzi,Carlo Gavazzi EOS Box Multiple Vulnerabilities,High,8.9,2,False,0.01533,CWE-89,1,Energy,Italy,True,True,False,False,False
ICSA-12-362-01,2012-12-27,2012,False,ICSA,I-GEN,I-GEN opLYNX Central Authentication Bypass,High,7.5,1,False,0.01646,CWE-592,1,Chemical; Energy; oil and gas; Water and Wastewater,Canada,False,True,False,False,False
ICSA-13-011-01,2013-01-11,2013,True,ICSA,3S-Smart Software Solutions,3S CoDeSys (Update A),Critical,10.0,2,False,0.05266,CWE-23;CWE-284,2,Energy; Transportation Systems,Germany,False,True,False,False,False
ICSA-13-011-02,2013-01-11,2013,True,ICSA,SpecView,SpecView Directory Traversal,Low,2.6,1,False,0.05003,CWE-23,1,Critical Manufacturing,United Kingdom,False,False,False,False,False
ICSA-13-011-03,2013-01-11,2013,True,ICSA,Rockwell Automation,Rockwell Automation ControlLogix PLC Vulnerabilities,High,8.0,8,False,0.57148,CWE-119;CWE-200;CWE-287;CWE-399,4,Critical Manufacturing; Chemical; Food and Agriculture; Water and Wastewater,United States,True,False,True,False,False
ICSA-13-014-01,2013-01-14,2013,True,ICSA,Siemens,Siemens SIMATIC RF Manager ActiveX Buffer Overflow,Medium,6.8,1,False,0.02676,CWE-119,1,"Critical manufacturing, Chemical; Energy; Food and Agriculture; Public Health and Health",Germany,True,True,True,False,False
ICSA-13-016-01,2013-01-16,2013,True,ICSA,Schneider Electric,Schneider Electric Authenticated Communication Risk Vulnerability,High,9.3,1,False,0.02906,CWE-287,1,Commericial Facilities; Government Facilities; Energy,France,True,True,False,False,False
ICSA-13-018-01,2013-01-18,2013,True,ICSA,Schneider Electric,Schneider Electric IGSS Buffer Overflow,High,10.0,1,False,0.21262,CWE-121,1,Commercial Facilities; Energy,France,True,True,False,False,False
ICSA-13-022-01,2013-01-22,2013,True,ICSA,GE,GE Proficy Real-Time Information Portal Information Disclosure Vulnerabilities,Medium,5.0,2,False,0.01955,CWE-200;CWE-306,2,Multiple Critical Sectors,United States,False,False,False,False,False
ICSA-13-022-02,2013-01-22,2013,True,ICSA,GE,GE Intelligent Platforms Proficy Cimplicity Multiple Vulnerabilities,Medium,6.6,2,False,0.19111,CWE-20;CWE-22,2,Multiple Critical Sectors,United States,False,False,False,False,False
ICSA-13-024-01,2013-01-24,2013,True,ICSA,Beijer Electronics,Beijer Electronics ADP and H-Designer Buffer Overflow Vulnerability,Medium,6.9,1,False,0.00338,CWE-119,1,Energy; Food and Agriculture; Transportation Systems,Sweden,True,True,False,False,False
ICSA-13-036-02,2013-02-05,2013,True,ICSA,Ecava,Ecava IntegraXor ActiveX Buffer Overflow,High,9.3,1,False,0.03769,CWE-119,1,Multiple Critical Sectors; Critical Manufacturing,Malaysia,False,False,False,False,False
ICSA-13-038-01A,2013-02-07,2013,True,ICSA,360 Systems,360 Systems Image Server 2000 Series Remote Root Access (Update A),High,10.0,1,False,0.03799,CWE-259,1,Communications; Emergency Services,United States,False,False,False,False,False
ICSA-13-042-01,2013-02-11,2013,True,ICSA,Moxa,MOXA EDR-G903 Series Multiple Vulnerabilities,Medium,5.8,2,False,0.01925,CWE-259;CWE-331,2,Chemical; Commercial Facilities; Emergency Services; Energy; Government Facilities; Water and Wastewater,Taiwan,True,True,False,False,False
ICSA-13-043-01,2013-02-12,2013,True,ICSA,Schneider Electric,Schneider Electric Accutech Manager Heap Overflow,High,10.0,1,False,0.21527,CWE-122,1,Energy; Water and Wastewater,France,False,True,False,False,False
ICSA-13-043-02A,2013-02-12,2013,True,ICSA,WellinTech,WellinTech KingView KingMess Buffer Overflow (Update A),High,10.0,1,False,0.61492,CWE-119,1,Commercial Facilities; Energy; Water and Wastewater,China,True,True,False,False,False
ICSA-13-045-01,2013-02-14,2013,True,ICSA,Tridium,Tridium NiagaraAX Directory Traversal Vulnerability,High,8.5,1,False,0.06367,CWE-22,1,Commercial Facilities; Energy; Government Facilities,United States,True,True,False,False,False
ICSA-13-050-01A,2013-02-19,2013,True,ICSA,3S-Smart Software Solutions,3S CODESYS Gateway-Server Vulnerabilities (Update A),High,9.1,5,False,0.65668,CWE-22;CWE-118;CWE-119;CWE-121;CWE-122,5,Critical manufacturing; Energy,Germany,False,True,False,False,False
ICSA-13-053-01,2013-02-22,2013,True,ICSA,Emerson,Emerson DeltaV Uncontroller Resource Consumption Vulnerability,Medium,6.1,1,False,0.00865,CWE-400,1,Chemical; Energy; oil and gas,United States,True,True,True,False,False
ICSA-13-053-02A,2013-02-22,2013,True,ICSA,Honeywell,"Honeywell EBI, SymmetrE, and ComfortPoint Open Manager Station (Update A)",Medium,6.8,1,False,0.26639,CWE-20,1,Commercial Facilities; Energy; Government Facilities,United States,True,True,False,False,False
ICSA-13-067-01,2013-03-08,2013,True,ICSA,"Advantech, InduSoft",InduSoft Advantech Studio Directory Traversal,High,7.8,1,False,0.03387,CWE-22,1,Commercial Facilities; Energy; Water and Wastewater,Taiwan,True,True,False,False,False
ICSA-13-067-02,2013-03-08,2013,True,ICSA,Invensys,Invensys Wonderware Win-XML Exporter Improper Input Validation Vulnerability,Medium,6.3,1,False,0.02078,CWE-20,1,Dams; Defense Industrial Base; Energy; Food and Agriculture; Government Facilities; Nuclear Reactors; Transportation Systems; Water and Wastewater,United States,True,True,False,False,False
ICSA-13-077-01B,2013-03-18,2013,True,ICSA,Schneider Electric,Schneider Electric PLCs Vulnerabilities (Update B),High,9.3,2,False,0.0596,CWE-287;CWE-352,2,Critical Manufacturing; Dams; Energy; Food and Agriculture; Government Facilities; Transportation Systems; Water and Wastewater,France,True,True,True,False,False
ICSA-13-079-01,2013-03-20,2013,True,ICSA,Schweitzer Engineering Laboratories,Schweitzer Engineering Laboratories AcSELerator Improper Authorization Vulnerability,Medium,6.2,1,False,0.01186,CWE-284,1,Energy,United States,True,True,False,False,False
ICSA-13-079-02,2013-03-20,2013,True,ICSA,Siemens,Siemens WinCC 7.0 SP3 Multiple Vulnerabilities,Medium,5.7,6,False,0.03361,CWE-23;CWE-119;CWE-285;CWE-311,4,Chemical; Energy; oil and gas; Food and Agriculture; Water and Wastewater,Germany,False,True,True,False,False
ICSA-13-079-03,2013-03-20,2013,True,ICSA,Siemens,Siemens WinCC TIA Portal Vulnerabilities,Medium,4.2,7,False,0.02328,CWE-20;CWE-79;CWE-113;CWE-425,4,Chemical; Energy; oil and gas; Food and Agriculture; Water and Wastewater,Germany,False,True,False,False,False
ICSA-13-084-01,2013-03-25,2013,True,ICSA,Siemens,Siemens CP 1604 and CP 1616 Improper Access Control,High,10.0,1,False,0.0592,CWE-284,1,Critical Manufacturing; Energy; oil and gas,Germany,False,True,False,False,False
ICSA-13-091-01,2013-04-01,2013,True,ICSA,"Wind River, GE",Wind River VxWorks SSH and Web Server and General Electric D20MX (Update A),Critical,9.8,5,False,0.06353,CWE-20,1,Energy; Water and Wastewater,United States,True,True,False,False,False
ICSA-13-095-01,2013-04-05,2013,True,ICSA,Cogent Real-Time Systems Inc,Cogent Real-Time Systems Vulnerabilities,High,8.5,4,False,0.18768,CWE-20;CWE-755;CWE-763,3,Critical Manufacturing; Commerical Facilities; Chemical; Energy; Finance Services,Canada,True,True,False,False,False
ICSA-13-095-02A,2013-04-05,2013,True,ICSA,Rockwell Automation,Rockwell Automation FactoryTalk and RSLinx Vulnerabilities (Update A),High,7.7,6,False,0.03855,CWE-125;CWE-190;CWE-703,3,Critical Manufacturing; Chemical; Food and Agriculture; Water and Wastewater,United States,False,False,False,False,False
ICSA-13-098-01,2013-04-08,2013,True,ICSA,"Canary Labs, Inc.",Canary Labs Inc Trend Link Insecure ActiveX Control Method,High,7.9,1,False,0.0129,CWE-73,1,Critical manufacturing; Energy,United States,True,True,False,False,False
ICSA-13-100-01,2013-04-10,2013,True,ICSA,Schneider Electric,Schneider Electric MiCOM S1 Studio Improper Authorization Vulnerability,Medium,6.0,1,False,0.00336,CWE-284,1,Critical Manufacturing; Energy; Water and Wastewater,France,False,True,False,False,False
ICSA-13-106-01,2013-04-16,2013,True,ICSA,MatrikonOPC,MatrikonOPC Multiple Product Vulnerabilities,High,7.2,2,False,0.03029,CWE-22;CWE-388,2,Chemical; Energy; oil and gas,Canada,True,True,False,False,False
ICSA-13-113-01,2013-04-23,2013,True,ICSA,Invensys,Wonderware Information Server Vulnerabilities,High,9.3,4,False,0.03287,CWE-20;CWE-79;CWE-89;CWE-400,4,Chemical; Energy; Food and Agriculture; Transportation Systems; Water and Wastewater,United States,True,True,False,False,False
ICSA-13-116-01,2013-04-26,2013,True,ICSA,Galil,Galil RIO-47100 Improper Input Validation,High,7.1,1,False,0.02793,CWE-20,1,Defense Industrial Base; Energy,United States,True,True,False,False,False
ICSA-13-136-01,2013-05-16,2013,True,ICSA,TURCK,TURCK BL20 and BL67 Programmable Gateway Hard-Coded User Accounts,High,10.0,1,False,0.02251,CWE-798,1,Critical manufacturing; Food and Agriculture,Germany,False,False,False,False,False
ICSA-13-140-01,2013-05-20,2013,True,ICSA,Mitsubishi Electric Automation,Mitsubishi Electric Automation MX Component V3 ActiveX Vulnerability,High,9.3,1,False,0.10771,CWE-122,1,Multiple Critical Sectors,United States,False,False,False,False,False
ICSA-13-142-01,2013-05-22,2013,True,ICSA,3S-Smart Software Solutions,3S CODESYS Gateway Use After Free,High,10.0,1,False,0.03799,CWE-416,1,Critical manufacturing; Energy,Germany,True,True,False,False,False
ICSA-13-149-01,2013-05-29,2013,True,ICSA,Siemens,Siemens SCALANCE Privilege Escalation Vulnerabilities (Update A),High,7.6,2,False,0.01445,CWE-264;CWE-287,2,Chemical; Communications; Critical Manufacturing; Dams; Defense Industrial Base; Energy; Food and Agriculture; Government Facilities; Transportation Systems;: Water and Wastewater,Germany,True,True,False,False,False
ICSA-13-161-01,2013-06-10,2013,True,ICSA,IOServer,IOServer DNP3 Improper Input Validation,High,7.1,1,False,0.01255,CWE-20,1,Commercial Facilities; Energy; oil and gas; Government Facilities,Australia,True,True,False,False,False
ICSA-13-169-01,2013-06-18,2013,True,ICSA,Siemens,Siemens Scalance X200 IRT Multiple Vulnerabilities,High,7.2,2,False,0.01445,CWE-264,1,Chemical; Energy; oil and gas; Food and Agriculture; Water and Wastewater,Germany,False,True,False,False,False
ICSA-13-169-02,2013-06-18,2013,True,ICSA,Siemens,Siemens WinCC 7.2 Multiple Vulnerabilities,Medium,6.9,3,False,0.01934,CWE-89;CWE-425;CWE-798,3,Chemical; Energy; oil and gas; Food and Agriculture; Water and Wastewater,Germany,False,True,True,False,False
ICSA-13-169-03,2013-06-18,2013,True,ICSA,Siemens,"Siemens COMOS Permissions, Privileges, and Access Controls",Medium,4.6,1,False,0.00362,CWE-264,1,Multiple Critical sectors; Energy,Germany,False,True,False,False,False
ICSA-13-170-01,2013-06-19,2013,True,ICSA,GE,GE Proficy HMI/SCADA CIMPLICITY WebView Improper Input Validation,High,8.8,1,False,0.03769,CWE-20,1,Multiple Critical Sectors,United States,False,False,False,False,False
ICSA-13-184-01,2013-07-03,2013,True,ICSA,Alstom,Alstom Grid S1 Agile Improper Authorization,Medium,6.0,1,False,0.00291,CWE-284,1,Chemical; Commercial Facilities; Dams; Energy; Healthcare and Public Health,France,True,True,False,False,False
ICSA-13-184-02,2013-07-03,2013,True,ICSA,Monroe Electronics,Monroe Electronics DASDEC Compromised Root SSH Key,High,10.0,1,False,0.13446,CWE-321,1,Communications,United States,False,False,False,False,False
ICSA-13-189-01,2013-07-08,2013,True,ICSA,QNX,QNX Multiple Vulnerabilities,Medium,5.8,2,False,0.08221,CWE-120;CWE-121,2,Commercial Facilities; Communications; Defense Industrial Base; Energy; Nuclear Facilities; Transportation Systems; Healthcare and Public Health,Canada,True,True,False,False,False
ICSA-13-189-02,2013-07-08,2013,True,ICSA,"Triangle Research International, Inc.",Triangle Research Nano 10 PLC Denial of Service,High,7.8,1,False,0.04041,CWE-20,1,Commercial Facilities; Energy; Food and Agriculture; Government Facilities; Transportation Systems; Water and Wastewater,Canada,True,True,False,False,False
ICSA-13-213-01,2013-08-01,2013,True,ICSA,Siemens,Siemens Scalance W-7xx Product Family Multiple Vulnerabilities,High,9.0,2,False,0.05916,CWE-287;CWE-320,2,Energy; Healthcare and Public Health; Transportation Systems,Germany,False,True,False,False,False
ICSA-13-213-02,2013-08-01,2013,True,ICSA,Siemens,Siemens WinCC TIA Portal Vulnerabilities,High,7.2,2,False,0.02067,CWE-352;CWE-601,2,Chemical; Energy; oil and gas; Food and Agriculture; Water and Wastewater,Germany,False,True,False,False,False
ICSA-13-213-03,2013-08-01,2013,True,ICSA,IOServer,IOServer Master Station Improper Input Validation,High,7.1,1,False,0.01477,CWE-20,1,Commercial Facilities; Energy; oil and gas; Government Facilities; Water and Wastewater,Australia,False,True,False,False,False
ICSA-13-213-04A,2013-08-01,2013,True,ICSA,MatrikonOPC,MatrikonOPC SCADA DNP3 Master Station Improper Input Validation,High,7.1,1,False,0.0126,CWE-20,1,Chemical; Energy; oil and gas,Canada,True,True,False,False,False
ICSA-13-217-01,2013-08-05,2013,True,ICSA,Moxa,MOXA Weak Entropy in DSA Keys Vulnerability,High,7.1,1,False,0.01404,CWE-331,1,Communications; Critical Manufacturing; Information Technology; Transportation Systems; Water and Wastewater,Taiwan,False,False,False,False,False
ICSA-13-217-02,2013-08-05,2013,True,ICSA,Schneider Electric,"Schneider Electric Vijeo Citect, CitectSCADA, PowerLogic SCADA Vulnerability",Medium,6.9,1,False,0.00732,CWE-611,1,Critical Manufacturing; Energy,France,True,True,False,False,False
ICSA-13-219-01,2013-08-07,2013,True,ICSA,Schweitzer Engineering Laboratories,Schweitzer Engineering Laboratories Improper Input Validation,High,7.4,2,False,0.01878,CWE-20,1,Energy,United States,True,True,False,False,False
ICSA-13-225-01,2013-08-13,2013,True,ICSA,Advantech,Advantech WebAccess Cross-Site Scripting,Medium,6.3,1,False,0.01439,CWE-79,1,Energy; Government Facilities,Taiwan,False,True,False,False,False
ICSA-13-225-02,2013-08-13,2013,True,ICSA,OSIsoft,OSIsoft Multiple Vulnerabilities,High,8.6,2,False,0.01358,CWE-119,1,Energy,United States,True,True,False,False,False
ICSA-13-226-01,2013-08-14,2013,True,ICSA,Kepware Technologies,Kepware Technologies Improper Input Validation Vulnerability,High,7.1,1,False,0.01818,CWE-20,1,Commercial Facilities; Energy; oil and gas; Water and Wastewater,United States,True,True,False,False,False
ICSA-13-231-01B,2013-08-19,2013,True,ICSA,Sixnet,Sixnet Universal Protocol Undocumented Function Codes (Update B),High,10.0,1,False,0.03937,CWE-912,1,Commercial Facilities; Energy; Financial Services; Transportation Systems,United States,True,True,False,False,False
ICSA-13-233-01,2013-08-21,2013,True,ICSA,Siemens,Siemens COMOS Privilege Escalation Vulnerability,High,7.2,1,False,0.00432,CWE-269,1,Multiple Critical Sectors,Germany,False,False,False,False,False
ICSA-13-234-01,2013-08-22,2013,True,ICSA,Schneider Electric,Schneider Electric Trio J-Series Radio Encryption,High,8.3,1,False,0.01347,CWE-321,1,Energy; oil and gas; Water and Wastewater,France,True,True,False,False,False
ICSA-13-234-02,2013-08-22,2013,True,ICSA,Software Toolbox,Top Server OPC Improper Input Validation Vulnerability,High,7.1,1,False,0.0126,CWE-20,1,Energy; oil and gas; Water and Wastewater,United States,True,True,False,False,False
ICSA-13-240-01,2013-08-28,2013,True,ICSA,Triangle MicroWorks,Triangle MicroWorks Improper Input Validation,Medium,6.3,2,False,0.0147,CWE-20,1,Energy; Government Facilities; Transportation Systems; Water and Wastewater,United States,True,True,False,False,False
ICSA-13-248-01,2013-09-05,2013,True,ICSA,ProSoft Technology,ProSoft Technology RadioLinx ControlScape PRNG Vulnerability,High,9.3,1,False,0.0193,CWE-338,1,Energy; oil and gas; Water and Wastewater,United States,False,True,False,False,False
ICSA-13-252-01,2013-09-09,2013,True,ICSA,SUBNET Solutions Inc.,SUBNET Solutions Inc. SubSTATION Server DNP3 Outstation Improper Input Validation,High,7.1,1,False,0.01164,CWE-20,1,Energy,Canada,False,True,False,False,False
ICSA-13-254-01,2013-09-11,2013,False,ICSA,Siemens,Siemens SCALANCE X-200 Web Hijack Vulnerability,High,8.3,1,False,0.02988,CWE-331,1,Energy; Healthcare and Public Health; Transportation Systems,Germany,False,True,False,False,False
ICSA-13-259-01B,2013-09-16,2013,False,ICSA,Emerson,Emerson ROC800 Multiple Vulnerabilities (Update B),High,9.8,5,False,0.05983,CWE-294;CWE-798;CWE-912,3,Energy; oil and gas,United States,True,True,True,False,False
ICSA-13-274-01,2013-10-01,2013,False,ICSA,Siemens,Siemens SCALANCE X-200 Authentication Bypass Vulnerability,High,10.0,1,False,0.03203,CWE-592,1,Energy; Healthcare and Public Health; Transportation Systems,Germany,False,True,False,False,False
ICSA-13-276-01,2013-10-03,2013,False,ICSA,Invensys,Invensys Wonderware InTouch Improper Input Validation Vulnerability,Medium,6.3,1,False,0.00628,CWE-20,1,Chemical; Energy; Food and Agriculture; Water and Wastewater,United States,True,True,False,False,False
ICSA-13-277-01,2013-10-04,2013,False,ICSA,Philips,Philips Xper Buffer Overflow Vulnerability,High,9.3,1,False,0.04345,CWE-122,1,Healthcare and Public Health,Netherlands,False,False,False,False,False
ICSA-13-282-01A,2013-10-09,2013,False,ICSA,Alstom,Alstom e-Terracontrol DNP3 Master Improper Input Validation (Update A),High,7.0,2,False,0.01465,CWE-20,1,Energy,France,False,True,False,False,False
ICSA-13-289-01,2013-10-16,2013,False,ICSA,Cisco,Cisco ASA and FWSM Security Advisories,High,7.1,3,False,0.01897,CWE-20;CWE-264;CWE-399,3,Multiple Critical Sectors,United States,False,False,False,False,False
ICSA-13-291-01B,2013-10-18,2013,False,ICSA,Other,DNP3 Implementation Vulnerability (Update B),Medium,5.9,0,False,,CWE-20,1,Commercial Facilities; Energy; Government Facilities,Not Applicable,True,True,False,False,False
ICSA-13-295-01,2013-10-22,2013,False,ICSA,WellinTech,WellinTech KingView ActiveX Vulnerabilities,Medium,6.5,2,False,0.13854,CWE-28;CWE-40,2,Commercial Facilities; Energy; Water and Wastewater,China,True,True,False,False,False
ICSA-13-297-01,2013-10-24,2013,False,ICSA,Catapult Software,Catapult Software DNP3 Driver Improper Input Validation,High,7.4,2,False,0.01846,CWE-20,1,Energy; oil and gas; Water and Wastewater,New Zealand,False,True,False,False,False
ICSA-13-297-02,2013-10-24,2013,False,ICSA,GE,GE Proficy DNP3 Improper Input Validation,Medium,6.5,2,False,0.01846,CWE-20,1,Energy; oil and gas; Water and Wastewater,United States,True,True,False,False,False
ICSA-13-329-01,2013-11-25,2013,False,ICSA,"Triangle Research International, Inc.",Triangle Research Nano-10 PLC Improper Input Validation,High,7.8,1,False,0.02186,CWE-20,1,Commercial Facilities; Energy; Food and Agriculture; Transportation Systems; Water and Wastewater,Canada,True,True,False,False,False
ICSA-13-337-01,2013-12-03,2013,False,ICSA,Elecsys,Elecsys Director Gateway Improper Input Validation Vulnerability,Medium,4.3,1,False,0.01164,CWE-20,1,Defense Industrial Base; Emergency Services; Energy; Food and Agriculture; Transportation Systems; Water and Wastewater,United States,True,True,False,False,False
ICSA-13-338-01,2013-12-04,2013,False,ICSA,Siemens,Siemens SINAMICS S/G Authentication Bypass Vulnerability,High,10.0,1,False,0.03235,CWE-592,1,Energy; Healthcare and Public Health; Transportation Systems,Germany,False,True,False,False,False
ICSA-13-340-01,2013-12-06,2013,False,ICSA,RuggedCom,RuggedCom ROS Multiple Vulnerabilities,High,7.9,2,False,0.01893,CWE-330;CWE-592,2,Energy; Healthcare and Public Health; Transportation Systems,Germany,False,True,False,False,False
ICSA-13-344-01,2013-12-10,2013,False,ICSA,WellinTech,WellinTech Vulnerabilities,High,7.5,2,False,0.48303,CWE-538;CWE-749,2,Commercial Facilities; Energy; Water and Wastewater,China,True,True,False,False,False
ICSA-13-346-01,2013-12-12,2013,False,ICSA,Cooper Power Systems,Cooper Power Systems Improper Input Validation Vulnerability,High,7.4,2,False,0.01255,CWE-20,1,Energy,United States,True,True,False,False,False
ICSA-13-346-02,2013-12-12,2013,False,ICSA,Cooper Power Systems,Cooper Power Systems Cybectec DNP3 Master OPC Server Improper Input Validation,High,7.1,1,False,0.01255,CWE-20,1,Energy,United States,True,True,False,False,False
ICSA-13-347-01,2013-12-13,2013,False,ICSA,Siemens,Siemens COMOS Privilege Escalation,High,7.2,1,False,0.00309,CWE-269,1,Multiple Critical Sectors,Germany,False,False,False,False,False
ICSA-13-350-01A,2013-12-16,2013,False,ICSA,Schneider Electric,Schneider Electric CitectSCADA Products Exception Handler Vulnerability (Update A),High,7.8,1,False,0.01786,CWE-248,1,Critical Manufacturing; Energy,France,False,True,False,False,False
ICSA-13-352-01,2013-12-18,2013,False,ICSA,NovaTech,NovaTech Orion DNP3 Improper Input Validation Vulnerability,Medium,6.0,2,False,0.01255,CWE-20,1,Energy,United States,True,True,False,False,False
ICSA-14-006-01,2014-01-06,2014,True,ICSA,Schneider Electric,Schneider Electric Telvent SAGE RTU DNP3 Improper Input Validation Vulnerability,Medium,4.3,1,False,0.01358,CWE-20,1,Energy,France,True,True,True,False,False
ICSA-14-007-01B,2014-01-07,2014,True,ICSA,Sierra Wireless,Sierra Wireless AirLink Raven X EV-DO Vulnerabilities (Update B),High,9.7,2,False,0.039,CWE-294;CWE-311,2,Energy; Transportation Systems,Canada,False,True,False,True,False
ICSA-14-008-01,2014-01-08,2014,True,ICSA,Ecava,Ecava Sdn Bhd IntegraXor Project Directory Information Disclosure Vulnerability,High,7.5,1,False,0.01628,CWE-529,1,Critical Manufacturing,Malaysia,False,False,False,False,False
ICSA-14-010-01,2014-01-10,2014,True,ICSA,MatrikonOPC,MatrikonOPC Improper Input Validation,High,7.1,1,False,0.01255,CWE-20,1,Chemical; Energy,Canada,True,True,False,False,False
ICSA-14-014-01,2014-01-14,2014,True,ICSA,Schneider Electric,Schneider Electric ClearSCADA Uncontrolled Resource Consumption Vulnerability,Medium,4.3,1,False,0.01164,CWE-400,1,Energy; Water and Wastewater,France,False,True,False,False,False
ICSA-14-016-01,2014-01-16,2014,True,ICSA,Ecava,Ecava IntegraXor Buffer Overflow Vulnerability,High,7.8,1,False,0.02518,CWE-121,1,Critical Manufacturing,Malaysia,False,False,False,False,False
ICSA-14-021-01,2014-01-21,2014,True,ICSA,Rockwell Automation,Rockwell RSLogix 5000 Password Vulnerability,Medium,6.3,1,False,0.00563,CWE-522,1,Chemical; Critical Manufacturing; Food and Agriculture; Water and Wastewater,United States,False,False,False,False,False
ICSA-14-023-01,2014-01-23,2014,True,ICSA,GE,GE Proficy Vulnerabilities,High,7.2,2,False,0.70223,CWE-22,1,Multiple Critical Sectors,United States,False,False,False,False,False
ICSA-14-030-01,2014-01-30,2014,True,ICSA,3S-Smart Software Solutions,3S CoDeSys Runtime Toolkit NULL Pointer Dereference,High,7.1,1,False,0.0322,CWE-476,1,Commercial Facilities; Critical Manufacturing; Energy,Germany,False,True,False,False,False
ICSA-14-035-01,2014-02-04,2014,True,ICSA,Siemens,Siemens SIMATIC WinCC OA Multiple Vulnerabilities,Medium,6.7,4,False,0.05261,CWE-20;CWE-23;CWE-94;CWE-916,4,Chemical; Energy; oil and gas; Food and Agriculture; Water and Wastewater,Germany,True,True,True,False,False
ICSA-14-051-01,2014-02-20,2014,True,ICSA,ICONICS,ICONICS GENESIS32 Insecure ActiveX Control,High,9.3,1,False,0.01866,CWE-749,1,Commercial Facilities; Energy; Food and Agriculture; Healthcare and Public Health; Water and Wastewater,United States,False,True,False,False,False
ICSA-14-051-02,2014-02-20,2014,True,ICSA,Mitsubishi Electric Automation,Mitsubishi Electric Automation MC-WorX Suite Unsecure ActiveX Control,High,9.3,1,False,0.0593,CWE-749,1,Commercial Facilities; Critical Manufacturing; Energy; Water and Wastewater,United States,True,True,False,False,False
ICSA-14-051-03B,2014-02-20,2014,True,ICSA,Siemens,Siemens RuggedCom Uncontrolled Resource Consumption Vulnerability (Update B),Low,2.6,1,False,0.02158,CWE-400,1,Energy; Transportation Systems,Germany,True,True,False,False,False
ICSA-14-051-04,2014-02-20,2014,True,ICSA,Other,NTP Reflection Attack,High,7.8,0,False,,CWE-20,1,Multiple Critical Sectors,Not Applicable,False,False,False,False,False
ICSA-14-058-01,2014-02-27,2014,True,ICSA,Schneider Electric,Schneider Electric Floating License Manager Vulnerability,Medium,6.9,1,False,0.00446,CWE-428,1,Commercial Facilities; Energy; Food and Agriculture; Government Facilities; Transportation Systems; Water and Wastewater,France,True,True,False,False,False
ICSA-14-058-02,2014-02-27,2014,True,ICSA,Schneider Electric,Schneider Electric OFS Buffer Overflow Vulnerability,Medium,6.8,1,False,0.00467,CWE-121,1,Energy; Food and Agriculture; Government Facilities; Transportation Systems; Water and Wastewater,France,True,True,False,False,False
ICSA-14-070-01A,2014-03-11,2014,True,ICSA,Yokogawa,Yokogawa CENTUM CS 3000 Vulnerabilities (Update A),High,8.9,3,False,0.68359,CWE-121;CWE-122,2,Critical Manufacturing; Energy; Food and Agriculture,Japan,False,True,True,False,False
ICSA-14-072-01,2014-03-13,2014,True,ICSA,Schneider Electric,Schneider Electric StruxureWare SCADA Expert ClearSCADA Parsing Vulnerability,Medium,6.8,1,False,0.01487,CWE-119,1,Commercial Facilities; Energy; Water and Wastewater,France,False,True,False,False,False
ICSA-14-073-01,2014-03-14,2014,True,ICSA,Siemens,Siemens SIMATIC S7-1500 CPU Firmware Vulnerabilities,Medium,6.4,9,False,0.04456,CWE-80;CWE-331;CWE-352;CWE-404;CWE-601,5,Chemical; Critical Manufacturing; Energy; Food and Agriculture; Water and Wastewater,Germany,False,True,True,False,False
ICSA-14-079-01,2014-03-20,2014,True,ICSA,Siemens,Siemens SIMATIC S7-1200 Improper Input Validation Vulnerabilities,High,7.8,2,False,0.02392,CWE-20,1,Chemical; Critical Manufacturing; Food and Agriculture,Germany,False,False,True,False,False
ICSA-14-079-02,2014-03-20,2014,True,ICSA,Siemens,Siemens SIMATIC S7-1200 Vulnerabilities,High,7.3,6,False,0.04642,CWE-331;CWE-352;CWE-404,3,Chemical; Critical Manufacturing; Food and Agriculture,Germany,False,False,True,False,False
ICSA-14-079-03,2014-03-20,2014,True,ICSA,Advantech,Advantech WebAccess Vulnerabilities,High,7.0,10,False,0.19243,CWE-77;CWE-89;CWE-121;CWE-538,4,Commercial Facilities; Critical Manufacturing; Energy; Government Facilities,Taiwan,False,True,False,False,False
ICSA-14-084-01,2014-03-25,2014,True,ICSA,Festo,Festo CECX-X-(C1/M1) Controller Vulnerabilities,High,9.7,4,False,0.05266,CWE-284;CWE-287,2,Critical Manufacturing,Germany,False,False,False,False,False
ICSA-14-086-01,2014-03-27,2014,True,ICSA,Schneider Electric,Schneider Electric Serial Modbus Driver Buffer Overflow,High,9.3,1,False,0.22293,CWE-121,1,Chemical; Critical Manufacturing; Dams; Energy; Food and Agriculture; Government Facilities; Nuclear Reactors Materials and Waste; Transportation Systems,France,True,True,False,False,False
ICSA-14-086-01A,2014-03-27,2014,True,ICSA,Schneider Electric,Schneider Electric Serial Modbus Driver Buffer Overflow (Update A),High,9.3,1,False,0.22293,CWE-121,1,Chemical; Critical Manufacturing; Dams; Energy; Food and Agriculture; Government Facilities; Nuclear Reactors Materials and Waste; Transportation Systems,France,True,True,False,False,False
ICSA-14-087-01A,2014-03-28,2014,True,ICSA,Siemens,Siemens ROS Improper Input Validation (Update A),Medium,5.0,1,False,0.02413,CWE-20,1,Energy; Healthcare and Public Health; Transportation Systems,Germany,False,True,False,False,False
ICSA-14-091-01,2014-04-01,2014,True,ICSA,Ecava,Ecava IntegraXor Guest Account Information Disclosure Vulnerability,High,7.5,1,False,0.0265,CWE-200,1,Critical Manufacturing,Malaysia,False,False,False,False,False
ICSA-14-093-01,2014-04-03,2014,True,ICSA,Schneider Electric,Schneider Electric OPC Factory Server Buffer Overflow,Medium,5.0,1,False,0.02471,CWE-122,1,Commercial Facilities; Energy; Food and Agriculture; Government Facilities; Transportation Systems; Water and Wastewater,France,True,True,False,False,False
ICSA-14-098-01,2014-04-08,2014,True,ICSA,OSIsoft,OSIsoft PI Interface for DNP3 Improper Input Validation,Medium,5.9,2,False,0.01489,CWE-20,1,Energy; Water and Wastewater,United States,True,True,False,False,False
ICSA-14-098-02,2014-04-08,2014,True,ICSA,WellinTech,WellinTech KingSCADA Stack-Based Buffer Overflow,High,10.0,1,False,0.1602,CWE-121,1,Commercial Facilities; Energy; Water and Wastewater,China,True,True,False,False,False
ICSA-14-098-03,2014-04-08,2014,True,ICSA,Siemens,Siemens Ruggedcom WIN Products BEAST Attack Vulnerability,Medium,4.3,1,False,0.73327,CWE-20,1,Energy; Transportation Systems,Germany,True,True,False,False,False
ICSA-14-100-01,2014-04-10,2014,True,ICSA,IOServer,IOServer Out of Bounds Read Vulnerability,High,8.3,1,False,0.02403,CWE-125,1,Commercial Facilities; Critical Manufacturing; Energy,Australia,False,True,False,False,False
ICSA-14-105-01,2014-04-15,2014,True,ICSA,Progea,Progea Movicon SCADA Information Disclosure Vulnerability,Medium,4.3,1,False,0.01319,CWE-200,1,Critical Manufacturing; Energy; Water and Wastewater,Italy,True,True,False,False,False
ICSA-14-105-02A,2014-04-15,2014,True,ICSA,Innominate,Innominate mGuard OpenSSL HeartBleed Vulnerability (Update A),Medium,5.0,1,True,0.99999,CWE-119,1,Communications; Critical Manufacturing; Healthcare and Public Health,Germany,False,False,False,False,False
ICSA-14-105-03B,2014-04-15,2014,True,ICSA,Siemens,Siemens Industrial Products OpenSSL Heartbleed Vulnerability (Update B),Medium,5.0,1,True,0.99999,CWE-119,1,Chemical; Critical Manufacturing; Energy; Food and Agriculture; Water and Wastewater,Germany,False,True,False,False,False
ICSA-14-107-01,2014-04-17,2014,True,ICSA,Siemens,Siemens SINEMA Vulnerabilities,Medium,6.4,3,False,0.04243,CWE-20;CWE-23;CWE-94,3,Chemical; Commercial Facilities; Critical Manufacturing; Energy; Government Facilities; Water and Wastewater,Germany,True,True,False,False,False
ICSA-14-107-02,2014-04-17,2014,True,ICSA,InduSoft,InduSoft Web Studio Directory Traversal Vulnerability,High,7.5,1,True,0.73965,CWE-22,1,Commercial Facilities; Critical Manufacturing; Energy; Food and Agriculture; Healthcare and Public Health; Water and Wastewater,United States,True,True,False,False,False
ICSA-14-114-01,2014-04-24,2014,True,ICSA,Certec EDV GmbH,Certec atvise scada OpenSSL Heartbleed Vulnerability,Medium,5.0,1,True,0.99999,CWE-119,1,Commercial Facilities; Critical Manufacturing; Energy; oil and gas; Transportation Systems; Water and Wastewater,Austria,False,True,False,False,False
ICSA-14-114-02,2014-04-24,2014,True,ICSA,Siemens,Siemens SIMATIC S7-1200 CPU Web Vulnerabilities,Medium,5.1,2,False,0.20862,CWE-79;CWE-113,2,Chemical; Critical Manufacturing; Food and Agriculture,Germany,False,False,True,False,False
ICSA-14-121-01,2014-05-01,2014,True,ICSA,AMTELCO,AMTELCO miSecure Vulnerabilities,High,7.0,2,False,0.0242,CWE-200;CWE-287,2,Healthcare and Public Health,United States,False,False,False,False,False
ICSA-14-126-01A,2014-05-06,2014,True,ICSA,ABB,ABB Relion 650 Series OpenSSL Vulnerability (Update A),Medium,5.0,1,True,0.99999,CWE-119,1,Multiple Critical Sectors,Switzerland,False,False,False,False,False
ICSA-14-128-01,2014-05-08,2014,True,ICSA,"Digi International, Inc.",Digi International OpenSSL Vulnerability,Medium,5.0,1,True,0.99999,CWE-119,1,Commercial Facilities; Communications; Critical Manufacturing; Energy; Transportation Systems,United States,True,True,False,False,False
ICSA-14-133-01,2014-05-13,2014,True,ICSA,Yokogawa,Yokogawa Multiple Products Vulnerabilities,High,8.7,4,False,0.68359,CWE-121;CWE-122,2,Critical Manufacturing; Energy; Food and Agriculture,Japan,False,True,True,False,False
ICSA-14-133-02,2014-05-13,2014,True,ICSA,Emerson,Emerson DeltaV Vulnerabilities,Medium,4.3,2,False,0.01319,CWE-285;CWE-798,2,Chemical; Energy; oil and gas,United States,True,True,True,False,False
ICSA-14-135-01,2014-05-15,2014,True,ICSA,CSWorks,CSWorks Software SQL Injection Vulnerability,High,7.5,1,False,0.02505,CWE-89,1,Commercial Facilities; Communications; Critical Manufacturing,Canada,False,False,False,False,False
ICSA-14-135-02,2014-05-15,2014,True,ICSA,Schneider Electric,Schneider Electric Wonderware Intelligence Security Patch for OpenSSL Vulnerability,Medium,5.0,1,True,0.99999,CWE-119,1,Critical Manufacturing; Energy; Healthcare and Public Health; Water and Wastewater,France,False,True,False,False,False
ICSA-14-135-03A,2014-05-15,2014,True,ICSA,Siemens,Siemens RuggedCom ROX-based Devices Certificate Verification Vulnerability (Update A),Medium,5.8,1,False,0.30078,CWE-310,1,Energy; Healthcare and Public Health; Transportation Systems,Germany,False,True,False,False,False
ICSA-14-135-04,2014-05-15,2014,True,ICSA,Unified Automation,Unified Automation OPC SDK OpenSSL Vulnerability,Medium,5.0,1,True,0.99999,CWE-119,1,Critical Manufacturing; Energy,Germany,True,True,False,False,False
ICSA-14-135-05,2014-05-15,2014,True,ICSA,Other,OpenSSL Vulnerability,Medium,5.0,1,True,0.99999,CWE-125,1,Multiple Critical Sectors,Not Applicable,False,False,False,False,False
ICSA-14-149-01,2014-05-29,2014,True,ICSA,Triangle MicroWorks,Triangle MicroWorks Uncontrolled Resource Consumption,Low,2.8,2,False,0.01791,CWE-400,1,Energy; Government Facilities; Transportation Systems; Water and Wastewater,United States,True,True,False,False,False
ICSA-14-149-02,2014-05-29,2014,True,ICSA,Cogent Real-Time Systems Inc,Cogent DataHub Vulnerabilities,High,7.0,3,False,0.02466,CWE-22;CWE-80;CWE-916,3,Chemical; Commercial Facilities; Critical Manufacturing; Energy; Financial Services,Canada,True,True,False,False,False
ICSA-14-154-01,2014-06-03,2014,True,ICSA,COPA-DATA,COPA-DATA Improper Input Validation,Medium,5.6,2,False,0.01775,CWE-20,1,Energy; Water and Wastewater,Austria,True,True,False,False,False
ICSA-14-156-01,2014-06-05,2014,True,ICSA,Other,OpenSSL Releases Security Advisory,High,7.4,1,False,0.95326,CWE-326,1,Multiple Critical Sectors,Not Applicable,False,False,False,False,False
ICSA-14-175-01,2014-06-24,2014,True,ICSA,Honeywell,Honeywell FALCON XLWeb Controllers Vulnerabilities,Medium,6.0,2,False,0.05342,CWE-79;CWE-552,2,Critical Manufacturing; Energy; Water and Wastewater,United States,False,True,False,False,False
ICSA-14-178-01,2014-06-27,2014,True,ICSA,Other,ICS Focused Malware,Not Applicable,Not Applicable,0,False,,,0,Energy; Oil,Not Applicable,True,True,False,False,False
ICSA-14-189-01,2014-07-08,2014,True,ICSA,Yokogawa,Yokogawa Centum Buffer Overflow Vulnerability,High,8.3,1,False,0.62312,CWE-121,1,Critical Manufacturing; Energy; Food and Agriculture,Japan,False,True,True,False,False
ICSA-14-189-02,2014-07-08,2014,True,ICSA,Innominate,Innominate mGuard Unauthorized Leakage of System Data,Medium,4.3,1,False,0.03376,CWE-200,1,Communications; Critical Manufacturing; Healthcare and Public Health,Germany,False,False,False,False,False
ICSA-14-196-01,2014-07-15,2014,True,ICSA,SUBNET Solutions Inc.,SubSTATION Server Telegyr 8979 Master Vulnerabilities,High,8.3,1,False,0.0276,CWE-20,1,Energy; oil and gas,Canada,True,True,False,False,False
ICSA-14-198-01,2014-07-17,2014,True,ICSA,Cogent Real-Time Systems Inc,Cogent DataHub Code Injection Vulnerability,High,7.5,1,False,0.63366,CWE-94,1,Chemical; Commercial Facilities; Critical Manufacturing; Energy; Financial Services,Canada,True,True,False,False,False
ICSA-14-198-02,2014-07-17,2014,True,ICSA,Advantech,Advantech WebAccess Vulnerabilities,High,7.6,5,False,0.61384,CWE-121;CWE-284;CWE-316;CWE-592;CWE-623,5,Commercial Facilities; Critical Manufacturing; Energy; Government Facilities,Taiwan,False,True,False,False,False
ICSA-14-198-03G,2014-07-17,2014,True,ICSA,Siemens,Siemens OpenSSL Vulnerabilities (Update G),Medium,4.9,4,False,0.95326,CWE-119;CWE-310;CWE-362;CWE-476,4,Chemical; Critical Manufacturing; Energy; Food and Agriculture; Healthcare and Public Health; Water and Wastewater,Germany,False,True,False,False,False
ICSA-14-202-01A,2014-07-21,2014,True,ICSA,OleumTech,OleumTech WIO Family Vulnerabilities (Update A),Medium,6.7,3,False,0.03432,CWE-20;CWE-320;CWE-338,3,Energy; Water and Wastewater,United States,True,True,False,False,False
ICSA-14-203-01,2014-07-22,2014,True,ICSA,Omron,Omron NS Series HMI Vulnerabilities,Medium,4.3,2,False,0.01362,CWE-79;CWE-352,2,Critical Manufacturing; Healthcare and Public Health,Japan,False,False,False,False,False
ICSA-14-205-01,2014-07-24,2014,True,ICSA,Morpho,Morpho Itemiser 3 Hard-Coded Credential,High,10.0,1,False,0.02063,CWE-259,1,Defense Industrial Base; Emergency Services,Japan,False,False,False,False,False
ICSA-14-205-02A,2014-07-24,2014,True,ICSA,Siemens,Siemens SIMATIC WinCC Vulnerabilities (Update A),Medium,5.5,5,False,0.01686,CWE-264;CWE-269;CWE-321;CWE-384;CWE-425,5,Chemical; Energy; oil and gas; Food and Agriculture; Healthcare and Public Health; Transportation Systems; Water and Wastewater,Germany,False,True,True,False,False
ICSA-14-224-01,2014-08-12,2014,True,ICSA,Ecava,Ecava Integraxor SCADA Server Vulnerabilities,High,7.1,4,False,0.0265,CWE-73;CWE-89;CWE-269;CWE-526;CWE-532,5,Critical Manufacturing,Malaysia,False,False,False,False,False
ICSA-14-226-01,2014-08-14,2014,True,ICSA,Siemens,Siemens SIMATIC S7-1500 CPU Denial of Service,High,7.1,1,False,0.09696,CWE-189,1,Chemical; Critical Manufacturing; Food and Agriculture,Germany,False,False,True,False,False
ICSA-14-238-01,2014-08-26,2014,True,ICSA,CG Automation,CG Automation Improper Input Validation,Medium,5.9,2,False,0.02026,CWE-20,1,Energy,United States,True,True,False,False,False
ICSA-14-238-02,2014-08-26,2014,True,ICSA,Schneider Electric,Schneider Electric Wonderware Vulnerabilities,Medium,5.4,5,False,0.01587,CWE-20;CWE-79;CWE-89;CWE-326,4,Chemical; Commercial Facilities; Critical Manufacturing; Energy; Food and Agriculture; Water and Wastewater,France,True,True,False,False,False
ICSA-14-247-01A,2014-09-04,2014,True,ICSA,Sensys Networks,Sensys Networks Traffic Sensor Vulnerabilities (Update A),Medium,5.4,2,False,0.00897,CWE-311;CWE-494,2,Transportation Systems,United States,False,False,False,False,False
ICSA-14-254-01,2014-09-11,2014,False,ICSA,Schneider Electric,Schneider Electric VAMPSET Buffer Overflow,Medium,4.1,1,False,0.00371,CWE-121,1,Energy,France,False,True,False,False,False
ICSA-14-254-02,2014-09-11,2014,False,ICSA,Rockwell Automation,Rockwell Micrologix 1400 DNP3 DOS Vulnerability,High,7.1,1,False,0.04171,CWE-20,1,Chemical; Critical Manufacturing; Food and Agriculture; Water and Wastewater,United States,False,False,False,False,False
ICSA-14-259-01A,2014-09-16,2014,False,ICSA,Schneider Electric,Schneider Electric SCADA Expert ClearSCADA Vulnerabilities (Update A),Medium,5.2,3,False,0.01572,CWE-79;CWE-287;CWE-310,3,Commercial Facilities; Energy; Water and Wastewater,France,True,True,False,False,False
ICSA-14-260-01A,2014-09-17,2014,False,ICSA,Yokogawa,Yokogawa CENTUM and Exaopc Vulnerability (Update A),Medium,6.8,1,False,0.22543,CWE-287,1,Critical Manufacturing; Energy; Food and Agriculture,Japan,False,True,True,False,False
ICSA-14-261-01,2014-09-18,2014,False,ICSA,Advantech,Advantech WebAccess Vulnerabilities,Medium,6.8,8,False,0.02569,CWE-119,1,Commercial Facilities; Critical Manufacturing; Energy; Government Facilities,Taiwan,False,True,False,False,False
ICSA-14-269-01,2014-09-26,2014,False,ICSA,Other,Bash Command Injection Vulnerability (Supplement),High,10.0,2,True,0.99999,CWE-78,1,Multiple Critical Sectors,Not Applicable,False,False,False,False,False
ICSA-14-269-01A,2014-09-26,2014,False,ICSA,Other,Bash Command Injection Vulnerability (Update A),High,10.0,2,True,0.99999,CWE-78,1,Multiple Critical Sectors,Not Applicable,False,False,False,False,False
ICSA-14-269-02,2014-09-26,2014,False,ICSA,Fox-IT,Fox DataDiode Proxy Server CSRF Vulnerability,Medium,4.3,1,False,0.00574,CWE-352,1,Communications; Defense Industrial Base; Government Facilities,Netherlands,False,False,False,False,False
ICSA-14-273-01,2014-09-30,2014,False,ICSA,Schneider Electric,SchneiderWEB Server Directory Traversal Vulnerability,High,10.0,1,False,0.08978,CWE-22,1,Communications; Critical Manufacturing; Energy; Water and Wastewater,France,False,True,False,False,False
ICSA-14-275-01,2014-10-02,2014,False,ICSA,Meinberg,Meinberg Radio Clocks LANTIME M-Series XSS,High,7.5,1,False,0.01849,CWE-79,1,Commercial Facilities; Communications; Energy; Financial Services; Transportation Systems,Germany,True,True,False,False,False
ICSA-14-275-02,2014-10-02,2014,False,ICSA,Accuenergy,Accuenergy Acuvim II Authentication Vulnerabilities,High,7.5,2,False,0.01901,CWE-592;CWE-602,2,Energy,Canada,True,True,False,False,False
ICSA-14-287-01,2014-10-14,2014,False,ICSA,"Catapult Software, GE",GE Proficy HMI/SCADA DNP3 Driver Input Validation,High,7.8,1,False,0.01846,CWE-20,1,Energy; Water and Wastewater,New Zealand,False,True,False,False,False
ICSA-14-288-01,2014-10-15,2014,False,ICSA,"CareFusion, Becton, Dickinson and Company (BD)",CareFusion Pyxis SupplyStation System Vulnerabilities,Medium,5.8,4,False,0.02088,CWE-259;CWE-377;CWE-798,3,Healthcare and Public Health,United States,False,False,False,False,False
ICSA-14-289-01,2014-10-16,2014,False,ICSA,IOServer,IOServer Resource Exhaustion Vulnerability,High,7.5,1,False,0.01384,CWE-400,1,Critical Manufacturing; Energy; Water and Wastewater,Australia,False,True,False,False,False
ICSA-14-289-02,2014-10-16,2014,False,ICSA,GE,GE Proficy HMI/SCADA CIMPLICITY CimView Memory Access Violation,Medium,6.6,1,False,0.00645,CWE-119,1,Multiple Critical Sectors,United States,False,False,False,False,False
ICSA-14-294-01,2014-10-21,2014,False,ICSA,Rockwell Automation,Rockwell Automation Connected Components Workbench ActiveX Component Vulnerabilities,High,7.5,1,False,0.11,CWE-618,1,Multiple Critical Sectors,United States,False,False,False,False,False
ICSA-14-303-01,2014-10-30,2014,False,ICSA,Nordex,Nordex NC2 XSS Vulnerability,High,7.5,1,False,0.01671,CWE-79,1,Energy,Germany,True,True,False,False,False
ICSA-14-303-02,2014-10-30,2014,False,ICSA,Elipse,Elipse SCADA DNP3 Denial of Service,Medium,5.0,1,False,0.01358,CWE-400,1,Critical Manufacturing; Energy; Water and Wastewater,Brazil,True,True,False,False,False
ICSA-14-308-01,2014-11-04,2014,False,ICSA,ABB,ABB RobotStudio and Test Signal Viewer DLL Hijack Vulnerability,High,9.3,1,False,0.00372,CWE-427,1,Multiple Critical Sectors; Critical Manufacturing,Switzerland,False,False,False,False,False
ICSA-14-324-01,2014-11-20,2014,False,ICSA,Advantech,Advantech WebAccess Stack-based Buffer Overflow,High,7.2,1,False,0.01051,CWE-121,1,Commercial Facilities; Critical Manufacturing; Energy; Government Facilities,Taiwan,False,True,False,False,False
ICSA-14-329-01,2014-11-25,2014,False,ICSA,MatrikonOPC,MatrikonOPC for DNP Unhandled C++ Exception,Medium,6.8,1,False,0.01343,CWE-754,1,Chemical; Energy,Canada,True,True,False,False,False
ICSA-14-329-02D,2014-11-25,2014,False,ICSA,Siemens,"Siemens SIMATIC WinCC, PCS7, and TIA Portal Vulnerabilities (Update D)",High,8.9,2,False,0.05271,CWE-284,1,Chemical; Energy; Food and Agriculture; Water and Wastewater,Germany,True,True,True,False,False
ICSA-14-343-01,2014-12-09,2014,False,ICSA,Yokogawa,Yokogawa FAST/TOOLS XML External Entity,Low,2.4,1,False,0.00319,CWE-611,1,Energy; oil and gas,Japan,False,True,False,False,False
ICSA-14-343-02,2014-12-09,2014,False,ICSA,Trihedral Engineering Limited,Trihedral Engineering Limited VTScada Integer Overflow Vulnerability,High,7.8,1,False,0.02937,CWE-190,1,Chemical; Communications; Critical Manufacturing; Energy; Food and Agriculture; Transportation Systems; Water and Wastewater,Canada,True,True,False,False,False
ICSA-14-345-01,2014-12-11,2014,False,ICSA,Arbiter Systems,Arbiter Systems 1094B GPS Clock Spoofing Vulnerability,Medium,5.4,1,False,0.01109,CWE-345,1,Energy,United States,True,True,False,False,False
ICSA-14-350-01,2014-12-16,2014,False,ICSA,Schneider Electric,Schneider Electric ProClima Command Injection Vulnerabilities,High,10.0,5,False,0.06287,CWE-77,1,Commercial Facilities; Critical Manufacturing; Energy,France,True,True,False,False,False
ICSA-14-350-02,2014-12-16,2014,False,ICSA,Johnson Controls Inc.,Johnson Controls Metasys Vulnerabilities,Critical,10.0,2,False,0.03871,CWE-257;CWE-434,2,Commercial Facilities; Government Facilities,United States,False,False,False,False,False
ICSA-14-352-01,2014-12-18,2014,False,ICSA,Honeywell,Honeywell Experion PKS Vulnerabilities,High,7.4,5,False,0.05234,CWE-22;CWE-98;CWE-121;CWE-122;CWE-123,5,Chemical; Critical Manufacturing; Energy; Healthcare and Public Health,United States,True,True,True,False,False
ICSA-14-352-02,2014-12-18,2014,False,ICSA,Innominate,Innominate mGuard Privilege Escalation Vulnerability,High,8.5,1,False,0.03127,CWE-269,1,Communications; Critical Manufacturing; Healthcare and Public Health,Germany,False,False,False,False,False
ICSA-14-353-01-SupplementA,2014-12-19,2014,False,ICSA,Other,Network Time Protocol Vulnerabilities (Supplement Update A),High,7.5,3,False,0.79069,CWE-119,1,Multiple Critical Sectors; Energy,Not Applicable,True,True,False,False,False
ICSA-14-353-01C,2014-12-19,2014,False,ICSA,Other,Network Time Protocol Vulnerabilities (Update C),High,7.3,6,False,0.79069,CWE-121;CWE-290;CWE-331;CWE-338;CWE-389;CWE-754,6,Multiple Critical Sectors,Not Applicable,False,False,False,False,False
ICSA-15-006-01,2015-01-06,2015,True,ICSA,Eaton'S Cooper Power Systems,Eaton's Cooper Power Series Form 6 Control and Idea/IdeaPlus Relays with Ethernet Vulnerability,High,7.6,1,False,0.02252,CWE-342,1,Energy,United States,True,True,False,False,False
ICSA-15-008-01A,2015-01-08,2015,True,ICSA,Emerson,Emerson HART DTM Vulnerability (Update A),Low,1.8,1,False,0.00377,CWE-20,1,Energy,United States,True,True,True,False,False
ICSA-15-008-02,2015-01-08,2015,True,ICSA,Schneider Electric,Schneider Electric Wonderware InTouch Access Anywhere Server Buffer Overflow Vulnerability,Critical,10.0,1,False,0.06233,CWE-121,1,Chemical; Critical Manufacturing; Energy; Food and Agriculture; Water and Wastewater,France,True,True,False,False,False
ICSA-15-012-01C,2015-01-12,2015,True,ICSA,CodeWrights GmbH,CodeWrights GmbH HART Device DTM Vulnerability (Update C),Low,1.8,1,False,0.00377,CWE-20,1,Chemical; Commercial Facilities; Critical Manufacturing; Energy; Food and Agriculture; Water and Wastewater,Germany,True,True,False,False,False
ICSA-15-013-01,2015-01-13,2015,True,ICSA,Siemens,Siemens SIMATIC WinCC Sm@rtClient iOS Application Authentication Vulnerabilities,Medium,4.6,3,False,0.00382,CWE-287;CWE-522,2,Chemical; Energy; Food and Agriculture; Water and Wastewater,Germany,True,True,True,False,False
ICSA-15-013-02,2015-01-13,2015,True,ICSA,Clorius Controls A/S,Clorius Controls A/S ISC SCADA Insecure Java Client Web Authentication,Critical,10.0,1,False,0.02595,CWE-326,1,Commercial Facilities; Critical Manufacturing,Denmark,False,False,False,False,False
ICSA-15-013-03,2015-01-13,2015,True,ICSA,PHOENIX CONTACT,Phoenix Contact Software ProConOs and MultiProg Authentication Vulnerability,Critical,10.0,1,False,0.80689,CWE-306,1,Critical Manufacturing,Germany,False,False,False,False,False
ICSA-15-013-04A,2015-01-13,2015,True,ICSA,GE,GE Multilink Switch Vulnerabilities (Update A),High,7.3,3,False,0.03192,CWE-79;CWE-321;CWE-400,3,Critical Manufacturing; Energy; Transportation Systems; Water and Wastewater,United States,True,True,False,False,False
ICSA-15-020-01,2015-01-20,2015,True,ICSA,Siemens,Siemens SCALANCE X-300/X408 Switch Family DOS Vulnerabilities,High,7.3,2,False,0.02201,CWE-730,1,Chemical; Communications; Critical Manufacturing; Dams; Defense Industrial Base; Energy; Food and Agriculture; Government Facilities; Transportation Systems;; Water and Wastewater,Germany,True,True,False,False,False
ICSA-15-020-02,2015-01-20,2015,True,ICSA,Schneider Electric,Schneider Electric ETG3000 FactoryCast HMI Gateway Vulnerabilities,Critical,10.0,2,False,0.04193,CWE-306;CWE-798,2,Critical Manufacturing; Energy; Water and Wastewater,France,True,True,False,False,False
ICSA-15-022-01,2015-01-22,2015,True,ICSA,Siemens,Siemens SIMATIC S7-1200 CPU Web Vulnerability,Medium,4.3,1,False,0.01493,CWE-601,1,Chemical; Critical Manufacturing; Food and Agriculture,Germany,False,False,True,False,False
ICSA-15-027-01,2015-01-27,2015,True,ICSA,Magnetrol,Magnetrol HART DTM Vulnerability,Low,1.8,1,False,0.00377,CWE-20,1,Chemical; Critical Manufacturing; Energy; Water and Wastewater,United States,True,True,False,False,False
ICSA-15-027-02,2015-01-27,2015,True,ICSA,Schneider Electric,Schneider Electric Multiple Products Buffer Overflow Vulnerability,High,7.5,1,False,0.05567,CWE-121,1,Critical Manufacturing,France,False,False,False,False,False
ICSA-15-029-01,2015-01-29,2015,True,ICSA,Honeywell,Honeywell HART DTM Vulnerability,Low,1.8,1,False,0.00377,CWE-20,1,Chemical; Critical Manufacturing; Energy,United States,True,True,False,False,False
ICSA-15-034-01,2015-02-03,2015,True,ICSA,Siemens,Siemens SCALANCE X-200IRT Switch Family User Impersonation Vulnerability,Medium,6.8,1,False,0.01698,CWE-287,1,Chemical; Communications; Critical Manufacturing; Dams; Defense Industrial Base; Energy; Food and Agriculture; Government Facilities; Transportation Systems;; Water and Wastewater,Germany,True,True,False,False,False
ICSA-15-034-02,2015-02-03,2015,True,ICSA,Siemens,Siemens Ruggedcom WIN Vulnerability,High,7.5,3,False,0.03766,CWE-121;CWE-257;CWE-287,3,Chemical; Communications; Critical Manufacturing; Dams; Defense Industrial Base; Energy; Food and Agriculture; Government Facilities; Transportation Systems;; Water and Wastewater,Germany,True,True,False,False,False
ICSA-15-036-01A,2015-02-05,2015,True,ICSA,"GE, MACTek",GE and MACTek HART Device DTM Vulnerability (Update A),Medium,6.8,1,False,0.01798,CWE-20;CWE-121,2,Chemical; Critical Manufacturing; Energy; Water and Wastewater,United States,True,True,False,False,False
ICSA-15-036-02,2015-02-05,2015,True,ICSA,PEPPERL+FUCHS,Pepperl+Fuchs Hart Device DTM Vulnerability,Low,1.8,1,False,0.00377,CWE-20,1,Multiple Critical Sectors,Germany,False,False,False,False,False
ICSA-15-041-01,2015-02-10,2015,True,ICSA,Advantech,Advantech EKI-1200 Buffer Overflow,Critical,10.0,1,False,0.04045,CWE-122,1,Commercial Facilities; Critical Manufacturing; Energy; Transportation Systems,Taiwan,True,True,False,False,False
ICSA-15-041-02,2015-02-10,2015,True,ICSA,GE,GE Hydran M2 Predictable TCP Initial Sequence Vulnerability,Medium,6.4,1,False,0.02718,CWE-343,1,Energy,United States,True,True,False,False,False
ICSA-15-048-01,2015-02-17,2015,True,ICSA,Siemens,Siemens SIMATIC STEP 7 TIA Portal Vulnerabilities,Low,2.4,2,False,0.00512,CWE-264;CWE-916,2,Chemical; Energy; Food and Agriculture; Water and Wastewater,Germany,True,True,True,False,False
ICSA-15-048-02,2015-02-17,2015,True,ICSA,Siemens,Siemens SIMATIC WinCC TIA Portal Vulnerabilities,Medium,5.6,2,False,0.02693,CWE-321;CWE-522,2,Chemical; Energy; Food and Agriculture; Water and Wastewater,Germany,True,True,True,False,False
ICSA-15-048-03,2015-02-17,2015,True,ICSA,Yokogawa,Yokogawa HART Device DTM Vulnerability,Low,1.8,1,False,0.00377,CWE-20;CWE-120,2,Chemical; Critical Manufacturing; Energy; Food and Agriculture; Nuclear Reactors Materials and Waste; Water and Wastewater,Japan,True,True,False,False,False
ICSA-15-050-01A,2015-02-19,2015,True,ICSA,Siemens,Siemens SIMATIC STEP 7 TIA Portal Vulnerabilities (Update A),Low,3.9,2,False,0.01429,CWE-300;CWE-916,2,Chemical; Energy; Food and Agriculture; Water and Wastewater,Germany,True,True,True,False,False
ICSA-15-055-01,2015-02-24,2015,True,ICSA,Software Toolbox,Software Toolbox Top Server Resource Exhaustion Vulnerability,High,7.5,1,False,0.01384,CWE-400,1,Chemical; Commercial Facilities; Critical Manufacturing; Energy; Food and Agriculture; Information Technology; Water and Wastewater,United States,True,True,False,False,False
ICSA-15-055-02,2015-02-24,2015,True,ICSA,Kepware Technologies,Kepware Resource Exhaustion Vulnerability,High,7.5,1,False,0.01384,CWE-400,1,Chemical; Commercial Facilities; Communications; Critical Manufacturing; Energy; Food and Agriculture; Information Technology; Water and Wastewater,United States,True,True,False,False,False
ICSA-15-055-03,2015-02-24,2015,True,ICSA,Schneider Electric,Schneider Electric Invensys Positioner Buffer Overflow Vulnerability,Medium,5.2,1,False,0.00345,CWE-121,1,Critical Manufacturing; Energy; Water and Wastewater,France,True,True,False,False,False
ICSA-15-057-01,2015-02-26,2015,True,ICSA,Network Vision,Network Vision IntraVue Code Injection Vulnerability,Critical,10.0,1,False,0.02378,CWE-78,1,Critical Manufacturing; Transportation Systems; Water and Wastewater,United States,False,False,False,False,False
ICSA-15-062-01,2015-03-03,2015,True,ICSA,MICROSYS,MICROSYS PROMOTIC Stack Buffer Overflow,High,7.5,1,False,0.04747,CWE-121,1,Critical Manufacturing; Energy; Water and Wastewater,Czech Republic,False,True,False,False,False
ICSA-15-062-02,2015-03-03,2015,True,ICSA,Rockwell Automation,Rockwell Automation FactoryTalk DLL Hijacking Vulnerabilities,Medium,6.9,1,False,0.00688,CWE-427,1,Chemical; Commercial Facilities; Critical Manufacturing; Energy; Government Facilities; Water and Wastewater,United States,True,True,False,False,False
ICSA-15-064-01A,2015-03-05,2015,True,ICSA,Siemens,"Siemens SIMATIC HMI Basic, SINUMERIK, and Ruggedcom APE GHOST Vulnerability (Update A)",Medium,4.6,1,False,0.94558,CWE-20,1,Chemical; Energy; Food and Agriculture; Water and Wastewater,Germany,True,True,True,False,False
ICSA-15-064-02A,2015-03-05,2015,True,ICSA,Siemens,"Siemens SIMATIC ProSave, SIMATIC CFC, SIMATIC STEP 7, SIMOTION Scout, and STARTER Insufficiently Qualified Paths (Update A)",Medium,6.9,1,False,0.00405,CWE-226,1,Chemical; Energy; Food and Agriculture; Water and Wastewater,Germany,True,True,True,False,False
ICSA-15-064-03,2015-03-05,2015,True,ICSA,Siemens,Siemens SPC Controller Series Denial-of-Service Vulnerability,High,7.8,1,False,0.02292,CWE-400,1,Multiple Critical Sectors,Germany,False,False,False,False,False
ICSA-15-064-04,2015-03-05,2015,True,ICSA,Siemens,Siemens SIMATIC S7-300 CPU Denial-of-Service Vulnerability,High,7.8,1,False,0.3468,CWE-404,1,Chemical; Energy; Food and Agriculture; Water and Wastewater,Germany,True,True,True,False,False
ICSA-15-064-05,2015-03-05,2015,True,ICSA,Siemens,Siemens SPCanywhere App Vulnerabilities,Medium,4.7,5,False,0.01066,CWE-212;CWE-257;CWE-288;CWE-311,4,Commercial Facilities,Germany,False,False,False,False,False
ICSA-15-069-01,2015-03-10,2015,True,ICSA,"CIMON, Inc.",Cimon CmnView DLL Hijacking Vulnerability,Critical,9.3,1,False,0.00456,CWE-427,1,Critical Manufacturing; Energy; Water and Wastewater,South Korea,True,True,False,False,False
ICSA-15-069-02,2015-03-10,2015,True,ICSA,ABB,ABB HART Device DTM Vulnerability,Low,1.8,1,False,0.00377,CWE-20;CWE-120,2,Multiple Critical Sectors,Switzerland,True,False,True,False,False
ICSA-15-069-03,2015-03-10,2015,True,ICSA,SCADA Engine,SCADA Engine BACnet OPC Server Vulnerabilities,High,8.7,3,False,0.04564,CWE-20;CWE-122;CWE-287,3,Commercial Facilities,Australia,False,False,False,False,False
ICSA-15-069-04A,2015-03-10,2015,True,ICSA,Elipse,Elipse E3 Process Control Vulnerability (Update A),Medium,6.2,1,False,0.00509,CWE-114,1,Critical Manufacturing,Brazil,False,False,False,False,False
ICSA-15-071-01,2015-03-12,2015,True,ICSA,Schneider Electric,Schneider Electric Pelco DS-NVs Buffer Overflow Vulnerability,High,7.5,1,False,0.0356,CWE-121,1,Commercial Facilities,France,False,False,False,False,False
ICSA-15-076-01,2015-03-17,2015,True,ICSA,XZERES,XZERES 442SR Wind Turbine Vulnerability,Critical,10.0,1,False,0.00631,CWE-352,1,Energy,United States,True,True,False,False,False
ICSA-15-076-02,2015-03-17,2015,True,ICSA,Honeywell,Honeywell XL Web Controller Directory Traversal Vulnerability,Critical,10.0,1,False,0.05612,CWE-22,1,Critical Manufacturing; Energy; Water and Wastewater,United States,False,True,False,False,False
ICSA-15-085-01A,2015-03-26,2015,True,ICSA,Schneider Electric,Schneider Electric InduSoft Web Studio and InTouch Machine Edition 2014 Vulnerabilities (Update A),Medium,4.1,4,False,0.02383,CWE-287;CWE-319;CWE-798,3,Commercial Facilities; Energy; Food and Agriculture; Information Technology,France,True,True,False,False,False
ICSA-15-090-01,2015-03-31,2015,True,ICSA,Inductive Automation,Inductive Automation Ignition Vulnerabilities,Medium,5.9,6,False,0.0225,CWE-79;CWE-209;CWE-255;CWE-613;CWE-916;CWE-922,6,Communications; Energy; Food and Agriculture; Water and Wastewater,United States,False,True,False,False,False
ICSA-15-090-02,2015-03-31,2015,True,ICSA,Ecava,Ecava IntegraXor DLL Vulnerabilities,Medium,6.8,1,False,0.00358,CWE-427,1,Critical Manufacturing; Energy; Water and Wastewater,Malaysia,True,True,False,False,False
ICSA-15-090-03,2015-03-31,2015,True,ICSA,Hospira,Hospira MedNet Vulnerabilities,High,8.2,3,False,0.05009,CWE-94;CWE-259;CWE-260;CWE-321,4,Healthcare and Public Health,United States,False,False,False,False,False
ICSA-15-092-01,2015-04-02,2015,True,ICSA,Schneider Electric,Schneider Electric VAMPSET Software Buffer Overflow Vulnerability,Medium,6.6,1,False,0.00518,CWE-121,1,Energy,France,True,True,False,False,False
ICSA-15-097-01,2015-04-07,2015,True,ICSA,Moxa,Moxa VPort ActiveX SDK Plus Stack-Based Buffer Overflow Vulnerability,High,7.5,1,False,0.02373,CWE-121,1,Chemical; Commercial Facilities; Communications; Critical Manufacturing; Dams; Defense Industrial Base; Emergency Services; Energy; Financial Services; Government Facilities; Healthcare and Public Health; Information Technology; Nuclear Reactors Materials and Waste; Transportation Systems; Water and Wastewater,Taiwan,True,True,False,False,False
ICSA-15-099-01E,2015-04-09,2015,True,ICSA,Siemens,Siemens SIMATIC HMI Devices Vulnerabilities (Update E),Medium,6.6,3,False,0.02134,CWE-300;CWE-400;CWE-836,3,Chemical; Energy; Food and Agriculture; Water and Wastewater,Germany,True,True,True,False,False
ICSA-15-111-01,2015-04-21,2015,True,ICSA,Emerson,Emerson AMS Device Manager SQL Injection Vulnerability,Medium,4.3,1,False,0.01306,CWE-89,1,Chemical; Energy; oil and gas,United States,True,True,False,False,False
ICSA-15-111-02,2015-04-21,2015,True,ICSA,Rockwell Automation,Rockwell Automation RSLinx Classic Vulnerability,Medium,5.9,1,False,0.01573,CWE-121,1,Critical Manufacturing; Energy; Water and Wastewater,United States,True,True,False,False,False
ICSA-15-120-01,2015-04-30,2015,True,ICSA,Opto 22,Opto 22 Multiple Product Vulnerabilities,High,7.6,2,False,0.05342,CWE-121;CWE-122,2,Multiple Critical Sectors,United States,False,False,False,False,False
ICSA-15-125-01B,2015-05-05,2015,True,ICSA,Hospira,Hospira LifeCare PCA Infusion System Vulnerabilities (Update B),High,7.7,7,False,0.0675,CWE-121;CWE-259;CWE-285;CWE-312;CWE-320;CWE-345;CWE-400,7,Healthcare and Public Health,United States,False,False,False,False,False
ICSA-15-132-01,2015-05-12,2015,True,ICSA,OSIsoft,OSIsoft PI AF Incorrect Default Permissions Vulnerability,Medium,6.5,1,False,0.01263,CWE-276,1,Multiple Critical Sectors,United States,False,False,False,False,False
ICSA-15-132-02,2015-05-12,2015,True,ICSA,Rockwell Automation,Rockwell Automation RSView32 Weak Encryption Algorithm on Passwords,Medium,6.0,1,False,0.00615,CWE-257,1,Critical Manufacturing; Energy; Water and Wastewater,United States,True,True,False,False,False
ICSA-15-141-01A,2015-05-21,2015,True,ICSA,Schneider Electric,Schneider Electric OFS Server Vulnerability (Update A),Medium,6.6,1,False,0.00456,CWE-427,1,Commercial Facilities; Critical Manufacturing; Energy; Water and Wastewater,France,True,True,False,False,False
ICSA-15-146-01,2015-05-26,2015,True,ICSA,Mitsubishi Electric,Mitsubishi Electric MELSEC FX-Series Controllers Denial of Service,High,7.1,1,False,0.0223,CWE-233,1,Commercial Facilities; Critical Manufacturing; Energy; Water and Wastewater,Japan,True,True,False,False,False
ICSA-15-148-01,2015-05-28,2015,True,ICSA,IDS,IDS RTU 850 Directory Traversal Vulnerability,High,8.5,1,False,0.02555,CWE-22,1,Communications; Energy; Water and Wastewater,Germany,False,True,False,False,False
ICSA-15-153-01,2015-06-02,2015,True,ICSA,Beckwith Electric,Beckwith Electric TCP Initial Sequence Vulnerability,Medium,5.8,1,False,0.01558,CWE-342,1,Energy,United States,True,True,False,False,False
ICSA-15-153-02,2015-06-02,2015,True,ICSA,Moxa,Moxa SoftCMS Buffer Overflow Vulnerability,High,7.5,1,False,0.03285,CWE-121,1,Commercial Facilities; Critical Manufacturing; Energy; Transportation Systems,Taiwan,True,True,False,False,False
ICSA-15-155-01,2015-06-04,2015,True,ICSA,XZERES,XZERES 442SR Wind Turbine CSRF Vulnerability,Critical,9.0,1,False,0.00636,CWE-352,1,Energy,United States,False,True,False,False,False
ICSA-15-160-01A,2015-06-09,2015,True,ICSA,N-Tron,N-Tron 702W Hard-Coded SSH and HTTPS Encryption Keys (Update A),Critical,10.0,1,False,0.01677,CWE-321,1,"Commercial Facilities; Energy; Nuclear Reactors, Materials, and Waste; Transportation Systems;; Water and Wastewater",United States,False,True,False,False,False
ICSA-15-160-02,2015-06-09,2015,True,ICSA,Sinapsi,Sinapsi eSolar Light Plaintext Passwords Vulnerability,High,7.2,1,False,0.00345,CWE-256,1,Commercial Facilities; Critical Manufacturing; Energy; Water and Wastewater,Italy,True,True,False,False,False
ICSA-15-161-01,2015-06-10,2015,True,ICSA,Hospira,Hospira Plum A+ and Symbiq Infusion Systems Vulnerabilities,High,7.7,7,False,0.0675,CWE-121;CWE-259;CWE-285;CWE-312;CWE-320;CWE-345;CWE-400,7,Healthcare and Public Health,United States,False,False,False,False,False
ICSA-15-162-01A,2015-06-11,2015,True,ICSA,RLE Nova-Wind,RLE Nova-Wind Turbine HMI Unsecure Credentials Vulnerability (Update A),Critical,10.0,1,False,0.01344,CWE-256,1,Energy,Germany,True,True,False,False,False
ICSA-15-167-01,2015-06-16,2015,True,ICSA,GarrettCom,GarrettCom Magnum Series Devices Vulnerabilities,Medium,5.0,4,False,0.01487,CWE-79;CWE-472;CWE-798,3,Critical Manufacturing; Defense Industrial Base; Energy; Transportation Systems; Water and Wastewater,United States,True,True,False,False,False
ICSA-15-169-01B,2015-06-18,2015,True,ICSA,Wind River,Wind River VXWorks TCP Predictability Vulnerability in ICS Devices (Update B),Medium,5.8,1,False,0.03743,CWE-343,1,Communications; Critical Manufacturing; Energy; Healthcare and Public Health; Transportation Systems;; Water and Wastewater,United States,True,True,False,False,False
ICSA-15-169-02,2015-06-18,2015,True,ICSA,Schneider Electric,Schneider Electric Wonderware System Platform Vulnerabilities,High,7.2,1,False,0.00457,CWE-427,1,Chemical; Commercial Facilities; Critical Manufacturing; Energy; Food and Agriculture; Water and Wastewater,France,True,True,False,False,False
ICSA-15-174-01,2015-06-23,2015,True,ICSA,Hospira,Hospira Symbiq Infusion System Vulnerability,High,7.1,1,False,0.02882,CWE-749,1,Healthcare and Public Health,United States,False,False,False,False,False
ICSA-15-176-01,2015-06-25,2015,True,ICSA,Siemens,Siemens Climatix BACnet/IP Communication Module Cross-site Scripting Vulnerability,Medium,4.3,1,False,0.02544,CWE-79,1,Commercial Facilities,Germany,False,False,False,False,False
ICSA-15-176-02,2015-06-25,2015,True,ICSA,PACTware Consortium,PACTware Exceptional Conditions Vulnerability,Low,1.2,1,False,0.0121,CWE-703,1,Chemical; Critical Manufacturing; Energy,Germany,True,True,False,False,False
ICSA-15-181-01,2015-06-30,2015,True,ICSA,Baxter,Baxter SIGMA Spectrum Infusion System Vulnerabilities,Medium,6.5,4,False,0.02573,CWE-259;CWE-312;CWE-592,3,Healthcare and Public Health,United States,False,False,False,False,False
ICSA-15-181-02A,2015-06-30,2015,True,ICSA,SMA Solar Technology AG,SMA Solar Technology AG Sunny WebBox Hard-Coded Account Vulnerability (Update A),Critical,10.0,1,False,0.03388,CWE-798,1,Energy,Germany,True,True,False,False,False
ICSA-15-195-01,2015-07-14,2015,True,ICSA,Siemens,Siemens SICAM MIC Authentication Bypass Vulnerability,High,8.3,1,False,0.03271,CWE-592,1,Energy,Germany,True,True,False,False,False
ICSA-15-202-01,2015-07-21,2015,True,ICSA,Siemens,Siemens SIPROTEC Denial-of-Service Vulnerability,High,7.8,1,False,0.74497,CWE-400,1,Energy,Germany,False,True,False,False,False
ICSA-15-202-02,2015-07-21,2015,True,ICSA,Siemens,Siemens Sm@rtClient Password Storage Vulnerability,Low,2.1,1,False,0.00445,CWE-522,1,Chemical; Energy; Food and Agriculture; Water and Wastewater,Germany,True,True,True,False,False
ICSA-15-202-03B,2015-07-21,2015,True,ICSA,Siemens,Siemens RUGGEDCOM ROS and ROX-based Devices TLS POODLE Vulnerability (Update B),Medium,4.3,1,False,0.01139,CWE-310,1,Energy; Healthcare and Public; Health; Transportation Systems,Germany,True,True,False,False,False
ICSA-15-211-01,2015-07-30,2015,True,ICSA,Schneider Electric,Schneider Electric InduSoft Web Studio and InTouch Machine Edition 2014 Password Storage Vulnerability,Medium,6.4,1,False,0.00315,CWE-312,1,Commercial Facilities; Energy; Food and Agriculture; Information Technology,France,True,True,False,False,False
ICSA-15-223-01,2015-08-11,2015,True,ICSA,Schneider Electric,Schneider Electric IMT25 DTM Vulnerability,High,7.7,1,False,0.01079,CWE-119,1,Commercial Facilities; Critical Manufacturing; Energy; Water and Wastewater,France,True,True,False,False,False
ICSA-15-225-01,2015-08-13,2015,True,ICSA,OSIsoft,OSIsoft PI Data Archive Server Vulnerabilities,Medium,5.4,0,False,,CWE-20;CWE-200;CWE-250;CWE-384;CWE-400;CWE-476,6,Multiple Critical Sectors,United States,False,False,False,False,False
ICSA-15-232-01,2015-08-20,2015,True,ICSA,Everest Software LLC,Everest Software PeakHMI Pointer Dereference Vulnerabilities,Medium,5.0,1,False,0.02509,CWE-822,1,Multiple Critical Sectors,United States,False,False,False,False,False
ICSA-15-237-01,2015-08-25,2015,True,ICSA,Endress+Hauser,Endress+Hauser HART Device DTM Vulnerability,Low,1.8,1,False,0.00377,CWE-20,1,Multiple Critical Sectors,Germany,False,False,False,False,False
ICSA-15-237-02,2015-08-25,2015,True,ICSA,EasyIO,EasyIO-30P-SF Hard-Coded Credential Vulnerability,Critical,9.0,1,False,0.01869,CWE-259,1,Commercial Facilities; Critical Manufacturing; Energy; Water and Wastewater,Malaysia,False,True,False,False,False
ICSA-15-237-02-Supplement,2015-08-25,2015,True,ICSA,EasyIO,Supplement to ICSA-15-237-02 EasyIO-30P-SF Hard-Coded Credential Vulnerability,Critical,9.0,1,False,0.01869,CWE-255,1,Multiple Critical Sectors,Malaysia,False,False,False,False,False
ICSA-15-239-01,2015-08-27,2015,True,ICSA,Moxa,Moxa SoftCMS Buffer Overflow Vulnerabilities,Medium,6.8,2,False,0.02797,CWE-120;CWE-122,2,Commercial Facilities; Critical Manufacturing; Energy; Transportation Systems,Taiwan,True,True,False,False,False
ICSA-15-239-02,2015-08-27,2015,True,ICSA,Siemens,Siemens SIMATIC S7-1200 CSRF Vulnerability,Medium,6.8,1,False,0.03339,CWE-352,1,Chemical; Critical Manufacturing; Food and Agriculture,Germany,True,False,True,False,False
ICSA-15-239-03,2015-08-27,2015,True,ICSA,Innominate,Innominate mGuard VPN Vulnerability,High,7.8,1,False,0.01616,CWE-272,1,Communications; Critical Manufacturing; Healthcare and Public Health,Germany,False,False,False,False,False
ICSA-15-244-01,2015-09-01,2015,True,ICSA,Siemens,Siemens RUGGEDCOM ROS IP Forwarding Vulnerability,Medium,4.3,1,False,0.00814,CWE-441,1,Energy; Healthcare and Public Health; Transportation Systems,Germany,True,True,False,False,False
ICSA-15-246-01,2015-09-03,2015,True,ICSA,Cogent Real-Time Systems Inc,Cogent DataHub Code Injection Vulnerability,High,7.5,1,False,0.63366,CWE-94,1,Chemical; Commercial Facilities; Critical Manufacturing; Energy; Financial Services,Canada,True,True,False,False,False
ICSA-15-246-02,2015-09-03,2015,True,ICSA,Schneider Electric,Schneider Electric Modicon PLC Vulnerabilities,Low,3.2,1,False,0.0056,CWE-79;CWE-98,2,Dams; Defense Industrial Base; Energy; Food and Agriculture; Government Facilities; Nuclear Reactors Materials and Waste; Transportation Systems; Water and Wastewater,France,True,True,True,False,False
ICSA-15-246-03,2015-09-03,2015,True,ICSA,Moxa,Moxa Industrial Managed Switch Vulnerabilities,Medium,6.5,3,False,0.0279,CWE-79;CWE-269;CWE-400,3,Chemical; Commercial Facilities; Critical Manufacturing; Emergency Services; Energy; Food and Agriculture; Government Facilities; Water and Wastewater,Taiwan,True,True,False,False,False
ICSA-15-251-01A,2015-09-08,2015,True,ICSA,Advantech,Advantech WebAccess Buffer Overflow Vulnerability (Update A),Critical,10.0,1,False,0.09257,CWE-121,1,Commercial Facilities; Critical Manufacturing; Energy; Government Facilities,Taiwan,True,True,False,False,False
ICSA-15-253-01,2015-09-10,2015,True,ICSA,Yokogawa,Yokogawa Multiple Products Buffer Overflow Vulnerabilities,Critical,10.0,3,False,0.06722,CWE-121,1,Chemical; Critical Manufacturing; Energy; Food and Agriculture,Japan,False,True,True,False,False
ICSA-15-258-01,2015-09-15,2015,False,ICSA,Schneider Electric,Schneider Electric StruxureWare Building Expert Plaintext Credentials Vulnerability,Critical,10.0,1,False,0.01199,CWE-319,1,Commercial Facilities,France,False,False,False,False,False
ICSA-15-258-02,2015-09-15,2015,False,ICSA,CODESYS GmbH,CODESYS Gateway Server (Update A),High,7.5,1,False,0.0621,CWE-122,1,Critical Manufacturing; Energy,Germany,True,True,False,False,False
ICSA-15-258-03,2015-09-15,2015,False,ICSA,GE,GE MDS PulseNET Vulnerabilities,Critical,9.2,2,False,0.03784,CWE-23;CWE-798,2,Energy; Water and Wastewater,United States,True,True,False,False,False
ICSA-15-258-04,2015-09-15,2015,False,ICSA,Advantech,Advantech WebAccess Stack-Based Buffer Overflow Vulnerability,Medium,6.9,1,False,0.00794,CWE-121,1,Commercial Facilities; Critical Manufacturing; Energy; Government Facilities,Taiwan,True,True,False,False,False
ICSA-15-260-01,2015-09-17,2015,False,ICSA,"Harman-Kardon, Fiat-Chrysler Automobile US LLC",Harman-Kardon Uconnect Vulnerability,High,8.3,1,False,0.01876,CWE-862,1,Transportation Systems,United States,False,False,False,False,False
ICSA-15-265-01,2015-09-22,2015,False,ICSA,Resource Data Management,Resource Data Management Privilege Escalation Vulnerability,High,7.7,2,False,0.01119,CWE-269;CWE-352,2,Critical Manufacturing; Healthcare and Public Health; Information Technology,United Kingdom,False,False,False,False,False
ICSA-15-265-02,2015-09-22,2015,False,ICSA,IBC Solar,IBC Solar ServeMaster Source Code Vulnerability,High,8.8,3,False,0.01359,CWE-79;CWE-200;CWE-256,3,Energy,Germany,False,True,False,False,False
ICSA-15-265-03,2015-09-22,2015,False,ICSA,Janitza,Janitza UMG Power Quality Measuring Products Vulnerabilities,High,7.7,7,False,0.02858,CWE-79;CWE-200;CWE-215;CWE-259;CWE-330;CWE-352;CWE-521,7,Energy,Germany,False,True,False,False,False
ICSA-15-267-01,2015-09-24,2015,False,ICSA,"Endress+Hauser, CodeWrights GmbH",Endress+Hauser Fieldcare/CodeWrights HART Comm DTM XML Injection Vulnerability,High,8.3,1,False,0.00679,CWE-91,1,Chemical; Commercial Facilities; Critical Manufacturing; Energy; Food and Agriculture; Water and Wastewater,Germany,False,True,False,False,False
ICSA-15-272-01,2015-09-29,2015,False,ICSA,Honeywell,Honeywell Experion PKS Directory Traversal Vulnerability,Critical,9.4,1,False,0.10361,CWE-22,1,Chemical; Energy,United States,True,True,True,False,False
ICSA-15-274-01,2015-10-01,2015,False,ICSA,Omron,Omron Multiple Product Vulnerabilities,High,8.3,3,False,0.01171,CWE-257;CWE-319,2,Critical Manufacturing,Japan,False,False,False,False,False
ICSA-15-274-02A,2015-10-01,2015,False,ICSA,Unitronics,Unitronics VisiLogic OPLC IDE Vulnerabilities (Update A),High,8.6,3,False,0.04962,CWE-94;CWE-623,2,Multiple Critical Sectors,Israel,False,False,False,False,False
ICSA-15-286-01,2015-10-13,2015,False,ICSA,Nordex,Nordex NC2 XSS Vulnerability,Medium,6.1,1,False,0.12042,CWE-79,1,Energy,Germany,True,True,False,False,False
ICSA-15-288-01,2015-10-15,2015,False,ICSA,3S-Smart Software Solutions,3S CODESYS Runtime Toolkit Null Pointer Dereference Vulnerability,High,7.5,1,False,0.02066,CWE-476,1,Critical Manufacturing; Energy; Transportation,Germany,True,True,False,False,False
ICSA-15-293-01,2015-10-20,2015,False,ICSA,IniNet Solutions GmbH,IniNet Solutions embeddedWebServer Cleartext Storage Vulnerability,Medium,4.3,1,False,0.00352,CWE-312,1,Commercial Facilities,Switzerland,False,False,False,False,False
ICSA-15-293-02,2015-10-20,2015,False,ICSA,IniNet Solutions GmbH,IniNet Solutions SCADA Web Server Vulnerabilities,Critical,9.0,3,False,0.04124,CWE-22;CWE-121;CWE-177,3,Commercial Facilities,Switzerland,False,False,False,False,False
ICSA-15-293-03,2015-10-20,2015,False,ICSA,3S-Smart Software Solutions,3S CODESYS Gateway Null Pointer Exception Vulnerability,High,7.5,1,False,0.02066,CWE-476,1,Critical Manufacturing; Energy,Germany,True,True,False,False,False
ICSA-15-295-01,2015-10-22,2015,False,ICSA,Eaton,Eaton's Cooper Devices Improper Ethernet Frame Padding Vulnerability,Medium,5.3,1,False,0.01113,CWE-226,1,Energy,United States,True,True,False,False,False
ICSA-15-300-01,2015-10-27,2015,False,ICSA,Siemens,Siemens RuggedCom Improper Ethernet Frame Padding Vulnerability,Medium,4.3,1,False,0.00927,CWE-226,1,Energy; Healthcare and Public Health; Transportation Systems,Germany,False,True,False,False,False
ICSA-15-300-02A,2015-10-27,2015,False,ICSA,Infinite Automation Systems,Infinite Automation Systems Mango Automation Vulnerabilities (Update A),Medium,5.1,7,False,0.03498,CWE-78;CWE-79;CWE-89;CWE-204;CWE-215;CWE-352;CWE-434,7,Commercial Facilities; Critical Manufacturing; Energy; Food and Agriculture,United States,True,True,False,False,False
ICSA-15-300-03A,2015-10-27,2015,False,ICSA,Rockwell Automation,Rockwell Automation Micrologix 1100 and 1400 PLC Systems Vulnerabilities (Update A),Medium,6.1,5,False,0.07022,CWE-79;CWE-89;CWE-119;CWE-121;CWE-434,5,Chemical; Critical Manufacturing; Food and Agriculture; Water and Wastewater,United States,False,False,False,False,False
ICSA-15-309-01,2015-11-05,2015,False,ICSA,Advantech,Advantech EKI Hard-coded SSH Keys Vulnerability,Medium,6.5,1,False,0.02338,CWE-798,1,Critical Manufacturing,Taiwan,False,False,False,False,False
ICSA-15-309-02,2015-11-05,2015,False,ICSA,Honeywell,Honeywell Midas Gas Detector Vulnerabilities,Critical,9.0,2,False,0.03586,CWE-22;CWE-319,2,Chemical; Commercial Facilities; Critical Manufacturing; Energy; Food and Agriculture; Water and Wastewater,United States,True,True,False,False,False
ICSA-15-321-01,2015-11-17,2015,False,ICSA,Exemys,Exemys Web Server Bypass Vulnerability,High,8.6,1,False,0.02067,CWE-592,1,Critical Manufacturing; Energy; Financial Services; Healthcare and Public Health; Information Technology,Argentina,True,True,False,False,False
ICSA-15-323-01,2015-11-19,2015,False,ICSA,Tibbo,Tibbo AggreGate Platform Vulnerabilities,Critical,9.1,2,False,0.03203,CWE-434,1,Commercial Facilities; Communications; Critical Manufacturing; Energy; Healthcare and Public Health; Transportation Systems;; Water and Wastewater,Taiwan,True,True,False,False,False
ICSA-15-328-01,2015-11-24,2015,False,ICSA,Moxa,Moxa OnCell Central Manager Vulnerabilities,High,8.3,2,False,0.01786,CWE-592;CWE-798,2,Commercial Facilities; Critical Manufacturing; Energy; Transportation Systems,Taiwan,True,True,False,False,False
ICSA-15-335-01,2015-12-01,2015,False,ICSA,Saia Burgess Controls,Saia Burgess Controls PCD Controller Hard-coded Password Vulnerability,Critical,9.1,1,False,0.02419,CWE-259,1,Chemical; Energy,Switzerland,True,True,False,False,False
ICSA-15-335-02,2015-12-01,2015,False,ICSA,Schneider Electric,Schneider Electric ProClima ActiveX Control Vulnerabilities,Medium,6.3,1,False,0.05734,CWE-94,1,Commercial Facilities; Critical Manufacturing; Energy,France,True,True,False,False,False
ICSA-15-335-03,2015-12-01,2015,False,ICSA,Siemens,Siemens SIMATIC Communication Processor Vulnerability (Update C),Critical,9.8,1,False,0.0209,CWE-306,1,Multiple Critical Sectors,Germany,True,False,True,False,False
ICSA-15-337-01,2015-12-03,2015,False,ICSA,SearchBlox,SearchBlox File Exfiltration Vulnerability,Critical,10.0,1,False,0.21963,CWE-200,1,Commercial Facilities; Critical Manufacturing; Information Technology,United States,False,False,False,False,False
ICSA-15-337-02,2015-12-03,2015,False,ICSA,Hospira,Hospira Multiple Products Buffer Overflow Vulnerability,High,7.3,1,False,0.01112,CWE-121,1,Healthcare and Public Health,United States,False,False,False,False,False
ICSA-15-337-03,2015-12-03,2015,False,ICSA,Pacom,Pacom 1000 CCU GMS System Cryptographic Implementation Vulnerabilities,High,7.5,1,False,0.01173,CWE-310,1,Commercial Facilities; Financial Services; Government Facilities; Healthcare and Public Health,Sweden,False,False,False,False,False
ICSA-15-342-01C,2015-12-08,2015,False,ICSA,XZERES,XZERES 442SR Wind Turbine Cross-site Scripting Vulnerability (Update C),Critical,9.8,1,False,0.00906,CWE-79,1,Energy,United States,False,True,False,False,False
ICSA-15-342-02,2015-12-08,2015,False,ICSA,LOYTEC electronics GmbH,LOYTEC Router Information Exposure Vulnerability,Critical,9.1,1,False,0.02341,CWE-200,1,Critical Manufacturing; Energy,Austria,False,True,False,False,False
ICSA-15-344-01B,2015-12-10,2015,False,ICSA,Advantech,Advantech EKI Vulnerabilities (Update B),High,8.7,4,True,0.99999,CWE-78;CWE-119;CWE-592,3,Commercial Facilities; Critical Manufacturing; Energy; Transportation Systems,Taiwan,True,True,False,False,False
ICSA-15-344-02,2015-12-10,2015,False,ICSA,Open Automation Software,Open Automation Software OPC Systems NET DLL Hijacking Vulnerability,High,7.2,1,False,0.00392,CWE-427,1,Critical Manufacturing; Energy; Water and Wastewater,United States,True,True,False,False,False
ICSA-15-349-01,2015-12-15,2015,False,ICSA,Adcon Telemetry,Adcon Telemetry A840 Vulnerabilities,Critical,9.3,4,False,0.02521,CWE-200;CWE-287;CWE-319;CWE-798,4,Commercial Facilities; Critical Manufacturing; Water and Wastewater,Austria,False,False,False,False,False
ICSA-15-351-01,2015-12-17,2015,False,ICSA,Schneider Electric,Schneider Electric Modicon M340 Buffer Overflow Vulnerability,High,7.5,1,False,0.07351,CWE-121,1,Defense Industrial Base; Energy; Government Facilities; Nuclear Reactors Materials and Waste; Transportation Systems; Water and Wastewater,France,True,True,True,False,False
ICSA-15-351-02,2015-12-17,2015,False,ICSA,Motorola Solutions,Motorola MOSCAD SCADA IP Gateway Vulnerabilities,High,7.5,2,False,0.01505,CWE-98;CWE-352,2,Commercial Facilities; Critical Manufacturing; Energy; Water and Wastewater,United States,True,True,False,False,False
ICSA-15-351-03,2015-12-17,2015,False,ICSA,eWON sa,eWON Vulnerabilities,High,7.7,6,False,0.03397,CWE-79;CWE-255;CWE-274;CWE-352;CWE-598;CWE-613,6,Commercial Facilities; Critical Manufacturing; Energy; Water and Wastewater,Belgium,True,True,False,False,False
ICSA-15-356-01,2015-12-22,2015,False,ICSA,Siemens,Siemens RUGGEDCOM ROX-based Devices NTP Vulnerabilities,Medium,4.1,4,False,0.81762,CWE-20;CWE-592,2,Energy; Healthcare and Public Health; Transportation Systems,Germany,True,True,False,False,False
ICSA-16-014-01,2016-01-14,2016,True,ICSA,Advantech,Advantech WebAccess Vulnerabilities,High,7.7,15,False,0.77044,CWE-20;CWE-22;CWE-73;CWE-79;CWE-89;CWE-119;CWE-121;CWE-122;CWE-284;CWE-312;CWE-352;CWE-362;CWE-434;CWE-680;CWE-788,15,Commercial Facilities; Critical Manufacturing; Energy; Government Facilities,Taiwan,True,True,False,False,False
ICSA-16-019-01,2016-01-19,2016,True,ICSA,Siemens,Siemens OZW672 and OZW772 XSS Vulnerability,Medium,4.7,1,False,0.01233,CWE-79,1,Commercial Facilities,Germany,False,False,False,False,False
ICSA-16-021-01,2016-01-21,2016,True,ICSA,CAREL,CAREL PlantVisor Enhanced Authentication Bypass Vulnerability,High,7.5,1,False,0.01911,CWE-20,1,Commercial Facilities; Critical Manufacturing; Energy,Italy,True,True,False,False,False
ICSA-16-026-01,2016-01-26,2016,True,ICSA,MICROSYS,MICROSYS PROMOTIC Memory Corruption Vulnerability,Medium,5.0,1,False,0.01045,CWE-122,1,Critical Manufacturing; Energy; Water and Wastewater,Czech Republic,False,True,False,False,False
ICSA-16-026-02,2016-01-26,2016,True,ICSA,Rockwell Automation,Rockwell Automation MicroLogix 1100 PLC Overflow Vulnerability,Critical,9.8,1,False,0.089,CWE-121,1,Chemical; Critical Manufacturing; Food and Agriculture; Water and Wastewater,United States,False,False,False,False,False
ICSA-16-028-01A,2016-01-28,2016,True,ICSA,Westermo,Westermo Industrial Switch Hard-coded Certificate Vulnerability (Update A),Critical,9.0,1,False,0.01206,CWE-255,1,Commercial Facilities; Critical Manufacturing; Energy; Water and Wastewater,Sweden,True,True,False,False,False
ICSA-16-033-01,2016-02-02,2016,True,ICSA,SAUTER Controls,Sauter moduWeb Vision Vulnerabilities,Critical,9.1,3,False,0.02473,CWE-79;CWE-311;CWE-319,3,Commercial Facilities,Switzerland,False,False,False,False,False
ICSA-16-033-02,2016-02-02,2016,True,ICSA,GE,GE SNMP/Web Interface Vulnerabilities,High,7.7,2,False,0.14243,CWE-77;CWE-312,2,Critical Manufacturing; Energy,United States,True,True,False,False,False
ICSA-16-040-01,2016-02-09,2016,True,ICSA,"Tollgrade Communications, Inc.",Tollgrade SmartGrid Sensor Management System Software Vulnerabilities,High,7.6,4,False,0.02055,CWE-79;CWE-200;CWE-352;CWE-522,4,Energy,United States,True,True,False,False,False
ICSA-16-040-02,2016-02-09,2016,True,ICSA,Siemens,Siemens SIMATIC S7-1500 CPU Vulnerabilities,Medium,5.6,2,False,0.06371,CWE-340;CWE-691,2,Chemical; Critical Manufacturing; Food and Agriculture,Germany,True,False,True,False,False
ICSA-16-042-01A,2016-02-11,2016,True,ICSA,Moxa,Moxa EDR-G903 Secure Router Vulnerabilities (Update A),High,7.5,5,False,0.02221,CWE-256;CWE-264;CWE-284;CWE-400;CWE-401,5,Commercial Facilities; Critical Manufacturing; Emergency Services; Energy,Taiwan,True,True,False,False,False
ICSA-16-049-01,2016-02-18,2016,True,ICSA,B+B SmartWorx,B+B SmartWorx VESP211 Authentication Bypass Vulnerability,Critical,9.8,1,False,0.0254,CWE-603,1,Energy; Transportation Systems,United States,True,True,False,False,False
ICSA-16-049-02A,2016-02-18,2016,True,ICSA,"AMX, Harman",AMX Multiple Products Credential Management Vulnerabilities (Update A),High,7.9,2,False,0.04674,CWE-255,1,Commercial Facilities; Government Facilities,United States,False,False,False,False,False
ICSA-16-056-01,2016-02-25,2016,True,ICSA,Rockwell Automation,Rockwell Automation Integrated Architecture Builder Access Violation Memory Error,Medium,6.3,1,False,0.00902,CWE-119,1,Critical Manufacturing; Energy; Water and Wastewater,United States,True,True,False,False,False
ICSA-16-061-01,2016-03-01,2016,True,ICSA,Schneider Electric,Schneider Electric Building Operation Automation Server Vulnerability,High,7.2,1,False,0.13426,CWE-78,1,Commercial Facilities,France,False,False,False,False,False
ICSA-16-061-02,2016-03-01,2016,True,ICSA,Rockwell Automation,Rockwell Automation Allen-Bradley CompactLogix Reflective Cross-Site Scripting Vulnerability (Update A),Medium,6.1,1,False,0.07592,CWE-79,1,Chemical; Critical Manufacturing; Energy; Food and Agriculture; Water and Wastewater,United States,True,True,True,False,False
ICSA-16-061-03,2016-03-01,2016,True,ICSA,Eaton,Eaton Lighting Systems EG2 Web Control Authentication Bypass Vulnerabilities,High,7.5,2,False,0.01522,CWE-312;CWE-565,2,Commercial Facilities; Government Facilities,United States,False,False,False,False,False
ICSA-16-063-01,2016-03-03,2016,True,ICSA,Moxa,Moxa ioLogik E2200 Series Weak Authentication Practices,Medium,5.9,2,False,0.01722,CWE-326;CWE-522,2,Commercial Facilities; Energy,Taiwan,True,True,False,False,False
ICSA-16-070-01,2016-03-10,2016,True,ICSA,Schneider Electric,Schneider Electric Telvent RTU Improper Ethernet Frame Padding Vulnerability,Medium,5.3,1,False,0.01176,CWE-226,1,Energy,France,True,True,True,False,False
ICSA-16-070-02A,2016-03-10,2016,True,ICSA,Honeywell,Honeywell Uniformance PHD Denial Of Service (Update A),High,7.5,1,False,0.01517,CWE-121,1,Chemical; Critical Manufacturing; Energy; Water and Wastewater,United States,True,True,False,False,False
ICSA-16-075-01,2016-03-15,2016,True,ICSA,Siemens,Siemens SIMATIC S7-1200 CPU Protection Mechanism Failure,Medium,6.5,1,False,0.01691,CWE-693,1,Chemical; Critical Manufacturing; Food and Agriculture,Germany,True,False,True,False,False
ICSA-16-077-01A,2016-03-17,2016,True,ICSA,ABB,ABB Panel Builder 800 DLL Hijacking Vulnerability (Update A),High,7.2,1,False,0.00305,CWE-427,1,Critical Manufacturing; Energy; Transportation,Switzerland,True,True,False,False,False
ICSA-16-082-01A,2016-03-22,2016,True,ICSA,Siemens,Siemens APOGEE Insight Incorrect File Permissions Vulnerability (Update A),Low,3.4,1,False,0.00313,CWE-276,1,Commercial Facilities,Germany,False,False,False,False,False
ICSA-16-084-01,2016-03-24,2016,True,ICSA,Cogent Real-Time Systems Inc,Cogent DataHub Elevation of Privilege Vulnerability,High,7.5,1,False,0.01331,CWE-269,1,Chemical; Commercial Facilities; Critical Manufacturing; Energy; Financial Services,Canada,True,True,False,False,False
ICSA-16-091-01,2016-03-31,2016,True,ICSA,ICONICS,ICONICS WebHMI Directory Traversal Vulnerability,Critical,9.8,1,False,0.02402,CWE-22,1,Commercial Facilities; Energy; Food and Agriculture; Healthcare and Public Health; Water and Wastewater,United States,True,True,False,False,False
ICSA-16-096-01,2016-04-05,2016,True,ICSA,"Pro-face, Schneider Electric",Pro-face GP-Pro EX HMI Vulnerabilities,High,7.7,4,False,0.02332,CWE-121;CWE-122;CWE-125;CWE-592;CWE-798,5,Commercial Facilities; Critical Manufacturing; Energy; Water and Wastewater,France,True,True,False,False,False
ICSA-16-103-01C,2016-04-12,2016,True,ICSA,Siemens,Siemens Industrial Products glibc Library Vulnerability (Update C),High,8.1,1,False,0.90987,CWE-119,1,Chemical; Communications; Critical Manufacturing; Dams; Energy; Food and Agriculture; Government Facilities; Healthcare and Public Health; Transportation Systems; Water and Wastewater,Germany,True,True,False,False,False
ICSA-16-103-02,2016-04-12,2016,True,ICSA,Siemens,Siemens SCALANCE S613 Denial-of-Service Vulnerability,Medium,5.3,1,False,0.0859,CWE-400,1,Chemical; Critical Manufacturing; Defense Industrial Base; Energy; Transportation Systems; Water and Wastewater,Germany,True,True,False,False,False
ICSA-16-103-03C,2016-04-12,2016,True,ICSA,Siemens,Siemens Industrial Products DROWN Vulnerability (Update C),Medium,4.0,1,False,0.82112,CWE-310,1,Chemical; Communications; Critical Manufacturing; Dams; Defense Industrial Base; Energy; Food and Agriculture; Government Facilities; Transportation Systems; Water and Wastewater,Germany,True,True,False,False,False
ICSA-16-105-01,2016-04-14,2016,True,ICSA,Sierra Wireless,Sierra Wireless ACEmanager Information Exposure Vulnerability,Medium,4.3,1,False,0.01541,CWE-538,1,Commercial Facilities; Critical Manufacturing; Energy; Water and Wastewater,Canada,True,True,False,False,False
ICSA-16-105-02,2016-04-14,2016,True,ICSA,Accuenergy,Accuenergy Acuvim II Series AXM-NET Module Vulnerabilities,High,8.1,2,False,0.01994,CWE-256;CWE-592,2,Energy,Canada,True,True,False,False,False
ICSA-16-105-03,2016-04-14,2016,True,ICSA,Ecava,Ecava IntegraXor Vulnerabilities,Medium,5.9,8,False,0.01852,CWE-79;CWE-87;CWE-89;CWE-113;CWE-200;CWE-285;CWE-319,7,Critical Manufacturing; Energy; Water and Wastewater,Malaysia,True,True,False,False,False
ICSA-16-126-01,2016-05-05,2016,True,ICSA,KMC Controls,KMC Controls Conquest BACnet Router Vulnerabilities,Medium,5.3,2,False,0.01232,CWE-306;CWE-352,2,Commercial Facilities,United States,False,False,False,False,False
ICSA-16-131-01,2016-05-10,2016,True,ICSA,"Panasonic, Panasonic Electric Works Europe AG",Panasonic FPWIN Pro Vulnerabilities,Medium,4.2,4,False,0.00907,CWE-122;CWE-787;CWE-824;CWE-843,4,Commercial Facilities; Critical Manufacturing; Food and Agriculture,Germany,False,False,False,False,False
ICSA-16-133-01A,2016-05-12,2016,True,ICSA,Meteocontrol,Meteocontrol WEB'log Vulnerabilities (Update A),Critical,9.5,4,False,0.6426,CWE-200;CWE-284;CWE-352;CWE-553,4,Commercial Facilities; Critical Manufacturing; Energy; Water and Wastewater,Germany,True,True,False,False,False
ICSA-16-138-01A,2016-05-17,2016,True,ICSA,iRZ,IRZ RUH2 3G Firmware Overwrite Vulnerability (Update A),High,7.2,1,False,0.0068,CWE-434,1,Commercial Facilities; Communications; Financial Services; Healthcare and Public Health,Russia,False,False,False,False,False
ICSA-16-140-01A,2016-05-19,2016,True,ICSA,Resource Data Management,Resource Data Management Intuitive 650 TDB Controller Vulnerabilities (Update A),High,8.4,2,False,0.02055,CWE-269;CWE-352,2,Commercial Facilities; Critical Manufacturing; Healthcare and Public Health,United Kingdom,False,False,False,False,False
ICSA-16-140-02,2016-05-19,2016,True,ICSA,Siemens,Siemens SIPROTEC Information Disclosure Vulnerabilities (Update B),Medium,5.3,2,False,0.02676,CWE-200,1,Energy,Germany,True,True,False,False,False
ICSA-16-145-01A,2016-05-24,2016,True,ICSA,Moxa,Moxa MiiNePort Vulnerabilities (Update A),High,8.2,3,False,0.01505,CWE-255;CWE-312;CWE-352,3,Commercial Facilities; Critical Manufacturing; Energy; Transportation Systems,Taiwan,True,True,False,False,False
ICSA-16-147-01B,2016-05-26,2016,True,ICSA,Environmental Systems Corporation,Environmental Systems Corporation Data Controllers Vulnerabilities (Update B),High,8.3,2,False,0.01728,CWE-264;CWE-287,2,Energy,United States,True,True,False,False,False
ICSA-16-147-02,2016-05-26,2016,True,ICSA,Sixnet,Sixnet BT Series Hard-coded Credentials Vulnerability,Critical,9.8,1,False,0.02465,CWE-798,1,Commercial Facilities; Energy; Financial Services; Transportation Systems,United States,True,True,False,False,False
ICSA-16-147-03,2016-05-26,2016,True,ICSA,Black Box,Black Box AlertWerks ServSensor Credential Management Vulnerability,Medium,6.5,1,False,0.01151,CWE-255,1,Commercial Facilities,United States,False,False,False,False,False
ICSA-16-152-01,2016-05-31,2016,True,ICSA,Moxa,Moxa UC 7408-LX-Plus Firmware Overwrite Vulnerability,Medium,5.8,1,False,0.01012,CWE-306,1,Chemical; Commercial Facilities; Critical Manufacturing; Emergency Services; Energy; Food and Agriculture; Government Facilities; Water and Wastewater,Taiwan,True,True,False,False,False
ICSA-16-152-02,2016-05-31,2016,True,ICSA,ABB,ABB PCM600 Vulnerabilities,Low,3.3,4,False,0.00322,CWE-522;CWE-916,2,Energy,Switzerland,True,True,False,False,False
ICSA-16-154-01,2016-06-02,2016,True,ICSA,GE,GE MultiLink Series Hard-coded Credential Vulnerability,Critical,10.0,1,False,0.03219,CWE-259,1,Critical Manufacturing; Energy; Water and Wastewater,United States,True,True,False,False,False
ICSA-16-159-01,2016-06-07,2016,True,ICSA,Trihedral Engineering Limited,Trihedral Engineering Limited VTScada Vulnerabilities,High,8.6,3,True,0.30651,CWE-22;CWE-125;CWE-592,3,Chemical; Communications; Critical Manufacturing; Energy; Food and Agriculture; Transportation Systems; Water and Wastewater,Canada,True,True,False,False,False
ICSA-16-161-01,2016-06-09,2016,True,ICSA,Siemens,Siemens SIMATIC S7-300 Denial-of-Service Vulnerability,High,7.5,1,False,0.04492,CWE-664,1,Chemical; Energy; Food and Agriculture; Water and Wastewater,Germany,True,True,True,False,False
ICSA-16-161-02,2016-06-09,2016,True,ICSA,Siemens,Siemens SIMATIC WinCC Flexible Weakly Protected Credentials Vulnerability,Low,3.7,1,False,0.02693,CWE-522,1,Chemical; Energy; Food and Agriculture; Water and Wastewater,Germany,True,True,True,False,False
ICSA-16-166-01,2016-06-14,2016,True,ICSA,OSIsoft,OSIsoft PI SQL Data Access Server Input Validation Vulnerability,Medium,6.9,1,False,0.01414,CWE-20,1,Multiple Critical Sectors,United States,False,False,False,False,False
ICSA-16-166-02,2016-06-14,2016,True,ICSA,OSIsoft,OSIsoft PI AF Server Input Validation Vulnerability,Medium,6.9,1,False,0.01214,CWE-20,1,Multiple Critical Sectors,United States,False,False,False,False,False
ICSA-16-168-01,2016-06-16,2016,True,ICSA,Moxa,Moxa PT-7728 Series Switch Improper Authorization Vulnerability,High,7.7,1,False,0.00954,CWE-285,1,Chemical; Commercial Facilities; Critical Manufacturing; Emergency Services; Energy; Food and Agriculture; Government Facilities; Water and Wastewater,Taiwan,True,True,False,False,False
ICSA-16-173-01A,2016-06-21,2016,True,ICSA,Advantech,Advantech WebAccess ActiveX Vulnerabilities (Update A),Medium,5.8,3,False,0.15356,CWE-120;CWE-200;CWE-623,3,Commercial Facilities; Critical Manufacturing; Energy; Government Facilities,Taiwan,True,True,False,False,False
ICSA-16-173-02,2016-06-21,2016,True,ICSA,Schneider Electric,Schneider Electric PowerLogic PM8ECC Cross-site Scripting Vulnerability,Medium,6.1,1,False,0.00906,CWE-79,1,Commercial Facilities,France,False,False,False,False,False
ICSA-16-173-03,2016-06-21,2016,True,ICSA,Rockwell Automation,Rockwell Automation FactoryTalk EnergyMetrix Vulnerabilities,High,7.3,2,False,0.08222,CWE-89;CWE-613,2,Chemical; Commercial Facilities; Critical Manufacturing; Energy; Government Facilities; Water and Wastewater,United States,True,True,False,False,False
ICSA-16-175-01,2016-06-23,2016,True,ICSA,Rockwell Automation,Rockwell Automation Allen-Bradley Stratix 5400 and 5410 Packet Corruption Vulnerability,Medium,5.8,1,False,0.02471,CWE-399,1,Critical Manufacturing; Energy; Water and Wastewater,United States,True,True,False,False,False
ICSA-16-175-02,2016-06-23,2016,True,ICSA,Unitronics,Unitronics VisiLogic OPLC IDE vlp File Parsing Stack Buffer Overflow Vulnerability,High,7.3,1,False,0.04499,CWE-121,1,Multiple Critical Sectors,Israel,False,False,False,False,False
ICSA-16-175-03,2016-06-23,2016,True,ICSA,Meinberg,Meinberg NTP Time Server Vulnerabilities,High,7.6,3,False,0.05219,CWE-121,1,Communications; Defense Industrial Base; Energy; Financial Services; Transportation Systems,Germany,True,True,False,False,False
ICSA-16-182-01,2016-06-30,2016,True,ICSA,Eaton,Eaton ELCSoft Programming Software Memory Vulnerabilities,Medium,6.7,2,False,0.03583,CWE-121;CWE-122,2,Energy,Germany,True,True,False,False,False
ICSA-16-182-02B,2016-06-30,2016,True,ICSA,Siemens,Siemens SICAM PAS Information Disclosure Vulnerabilities (Update B),Low,2.4,2,False,0.00317,CWE-522,1,Energy,Germany,True,True,False,False,False
ICSA-16-187-01,2016-07-05,2016,True,ICSA,Bosch Rexroth,Rexroth Bosch BLADEcontrol-WebVIS Vulnerabilities,Medium,6.3,2,False,0.00946,CWE-79;CWE-564,2,Energy,Germany,True,True,False,False,False
ICSA-16-189-01,2016-07-07,2016,True,ICSA,WECON,WECON LeviStudio Buffer Overflow Vulnerabilities,Medium,5.3,2,False,0.1602,CWE-121;CWE-122,2,Chemical; Critical Manufacturing; Energy,China,False,True,False,False,False
ICSA-16-189-02,2016-07-07,2016,True,ICSA,Moxa,Moxa Device Server Web Console Authorization Bypass Vulnerability,High,7.5,1,False,0.02848,CWE-639,1,Commercial Facilities; Energy,Taiwan,True,True,False,False,False
ICSA-16-194-01,2016-07-12,2016,True,ICSA,"Tollgrade Communications, Inc.",Tollgrade Smart Grid EMS LightHouse Vulnerabilities,High,7.0,3,False,0.02867,CWE-209;CWE-306;CWE-425,3,Energy,United States,True,True,False,False,False
ICSA-16-194-02,2016-07-12,2016,True,ICSA,GE,GE Proficy HMI SCADA CIMPLICITY Privilege Management Vulnerability,Medium,5.7,1,False,0.00394,CWE-269,1,Multiple Critical Sectors,United States,False,False,False,False,False
ICSA-16-196-01,2016-07-14,2016,True,ICSA,Schneider Electric,Schneider Electric Pelco Digital Sentry Video Management System Vulnerability,High,8.6,1,False,0.0579,CWE-259,1,Commercial Facilities,France,False,False,False,False,False
ICSA-16-196-02,2016-07-14,2016,True,ICSA,Moxa,Moxa MGate Authentication Bypass Vulnerability,Critical,9.1,1,False,0.01116,CWE-326,1,Chemical; Commercial Facilities; Critical Manufacturing; Emergency Services; Energy; Food and Agriculture; Government Facilities; Water and Wastewater,Taiwan,True,True,False,False,False
ICSA-16-196-03,2016-07-14,2016,True,ICSA,Schneider Electric,Schneider Electric SoMachine HVAC Unsafe ActiveX Control Vulnerability,High,7.3,1,False,0.04989,CWE-623,1,Commercial Facilities,France,False,False,False,False,False
ICSA-16-208-01C,2016-07-26,2016,True,ICSA,Siemens,"Siemens SIMATIC WinCC, PCS 7, and WinCC Runtime Professional Vulnerabilities (Update C)",High,8.7,2,False,0.10491,CWE-20,1,Chemical; Energy; Food and Agriculture; Water and Wastewater,Germany,True,True,True,False,False
ICSA-16-208-02,2016-07-26,2016,True,ICSA,Siemens,Siemens SIMATIC NET PC-Software Denial-of-Service Vulnerability,Medium,5.3,1,False,0.03528,CWE-400,1,Chemical; Critical Manufacturing; Food and Agriculture,Germany,True,False,True,False,False
ICSA-16-208-03,2016-07-26,2016,True,ICSA,Siemens,Siemens SINEMA Remote Connect Server Cross-site Scripting Vulnerability,Medium,4.7,1,False,0.0161,CWE-79,1,Chemical; Commercial Facilities; Critical Manufacturing; Energy; Government Facilities; Water and Wastewater,Germany,True,True,False,False,False
ICSA-16-215-01,2016-08-02,2016,True,ICSA,Moxa,Moxa SoftCMS SQL Injection Vulnerability,Critical,9.8,1,False,0.03037,CWE-89,1,Commercial Facilities; Critical Manufacturing; Energy; Transportation Systems,Taiwan,True,True,False,False,False
ICSA-16-215-02A,2016-08-02,2016,True,ICSA,Siemens,Siemens SINEMA Server Privilege Escalation Vulnerability (Update A),High,7.3,1,False,0.00475,CWE-284,1,Chemical; Commercial Facilities; Critical Manufacturing; Energy; Government Facilities; Water and Wastewater,Germany,True,True,False,False,False
ICSA-16-224-01,2016-08-11,2016,True,ICSA,Rockwell Automation,Rockwell Automation MicroLogix 1400 SNMP Credentials Vulnerability,High,7.3,1,False,0.29613,CWE-250,1,Chemical; Critical Manufacturing; Food and Agriculture; Water and Wastewater,United States,False,False,False,False,False
ICSA-16-224-02A,2016-08-11,2016,True,ICSA,Rockwell Automation,Rockwell Automation RSLogix 500 and RSLogix Micro File Parser Buffer Overflow Vulnerability (Update A),High,8.6,1,False,0.04667,CWE-120,1,Chemical; Critical Manufacturing; Food and Agriculture; Water and Wastewater,United States,False,False,False,False,False
ICSA-16-231-01,2016-08-18,2016,True,ICSA,Navis,Locus Energy LGate Command Injection Vulnerability,High,7.3,1,False,0.01396,CWE-89,1,Transportation Systems,United States,False,False,False,False,False
ICSA-16-236-01A,2016-08-23,2016,True,ICSA,Moxa,Moxa OnCell Vulnerabilities (Update A),Medium,6.5,3,False,0.04002,CWE-79;CWE-256;CWE-307,3,Commercial Facilities; Critical Manufacturing; Energy; Transportation Systems,Taiwan,True,True,False,False,False
ICSA-16-250-01,2016-09-06,2016,True,ICSA,Siemens,Siemens SIPROTEC 4 and SIPROTEC Compact Vulnerabilities,Medium,5.0,3,False,0.03002,CWE-400;CWE-592,2,Energy,Germany,True,True,False,False,False
ICSA-16-252-01,2016-09-08,2016,True,ICSA,GE,GE Bently Nevada 3500/22M Improper Authorization Vulnerability,Critical,10.0,1,False,0.02324,CWE-285,1,Chemical; Energy,United States,True,True,False,False,False
ICSA-16-259-01,2016-09-15,2016,False,ICSA,Yokogawa,Yokogawa STARDOM Authentication Bypass Vulnerability,High,7.3,1,False,0.02649,CWE-592,1,Critical Manufacturing; Energy; Food and Agriculture,Japan,True,True,False,False,False
ICSA-16-259-02,2016-09-15,2016,False,ICSA,ABB,ABB DataManagerPro Credential Management Vulnerability,High,7.2,1,False,0.00314,CWE-427,1,Energy; Food and Agriculture; Water and Wastewater,Switzerland,True,True,False,False,False
ICSA-16-259-03,2016-09-15,2016,False,ICSA,Trane U.S. Inc.,Trane Tracer SC Sensitive Information Exposure Vulnerability,Medium,5.3,1,False,0.01164,CWE-668,1,Commercial Facilities,United States,False,False,False,False,False
ICSA-16-264-01,2016-09-20,2016,False,ICSA,Moxa,Moxa Active OPC Server Unquoted Service Path Escalation Vulnerability,High,8.8,1,False,0.0038,CWE-428,1,Commercial Facilities; Critical Manufacturing; Energy; Transportation Systems,Taiwan,True,True,False,False,False
ICSA-16-271-01,2016-09-27,2016,False,ICSA,Siemens,Siemens SCALANCE M-800/S615 Web Vulnerability,Medium,4.0,1,False,0.01895,CWE-614,1,Chemical; Critical Manufacturing; Dams; Defense Industrial Base; Energy; Food and Agriculture; Government Facilities; Transportation Systems; Water and Wastewater,Germany,True,True,False,False,False
ICSA-16-273-01,2016-09-29,2016,False,ICSA,American Auto-Matrix,American Auto-Matrix Front-End Solutions Vulnerabilities,High,8.1,2,False,0.01522,CWE-98;CWE-256,2,Commercial Facilities; Critical Manufacturing; Energy; Water and Wastewater,United States,True,True,False,False,False
ICSA-16-278-01,2016-10-04,2016,False,ICSA,INDAS,INDAS Web SCADA Path Traversal Vulnerability,Critical,10.0,1,False,0.0357,CWE-22,1,Communications; Water and Wastewater,Serbia,False,False,False,False,False
ICSA-16-278-02,2016-10-04,2016,False,ICSA,Beckhoff Automation,Beckhoff Embedded PC Images and TwinCAT Components Vulnerabilities,Critical,9.1,2,False,0.04801,CWE-307;CWE-749,2,Critical Manufacturing; Energy; Water and Wastewater,Germany,True,True,False,False,False
ICSA-16-287-01,2016-10-13,2016,False,ICSA,OSIsoft,OSIsoft PI Web API 2015 R2 Service Account Permissions Vulnerability,Medium,6.4,1,False,0.00721,CWE-264,1,Multiple Critical Sectors,United States,False,False,False,False,False
ICSA-16-287-02,2016-10-13,2016,False,ICSA,Siemens,Siemens Automation License Manager Vulnerabilities,High,7.7,3,False,0.02993,CWE-22;CWE-89;CWE-400,3,Energy; Healthcare and Public Health,Germany,True,True,False,False,False
ICSA-16-287-03,2016-10-13,2016,False,ICSA,Siemens,Siemens SIMATIC STEP 7 (TIA Portal) Information Disclosure Vulnerabilities,Low,2.5,2,False,0.00332,CWE-310;CWE-326,2,Chemical; Energy; Food and Agriculture; Water and Wastewater,Germany,True,True,True,False,False
ICSA-16-287-04,2016-10-13,2016,False,ICSA,Rockwell Automation,Rockwell Automation Stratix Denial-of-Service and Memory Leak Vulnerabilities,High,8.9,4,False,0.04896,CWE-20;CWE-209;CWE-693,3,Critical Manufacturing; Energy; Water and Wastewater,United States,True,True,False,False,False
ICSA-16-287-05A,2016-10-13,2016,False,ICSA,Moxa,Moxa ioLogik E1200 Series Vulnerabilities (Update A),High,8.2,4,False,0.01702,CWE-79;CWE-352;CWE-521;CWE-522,4,Commercial Facilities; Energy,Taiwan,True,True,False,False,False
ICSA-16-287-06,2016-10-13,2016,False,ICSA,FATEK Automation,FATEK Automation Designer Memory Corruption Vulnerabilities,High,7.2,3,False,0.0229,CWE-119;CWE-121,2,Commercial Facilities; Critical Manufacturing,Taiwan,False,False,False,False,False
ICSA-16-287-07A,2016-10-13,2016,False,ICSA,Kabona AB,Kabona AB WDC Vulnerabilities (Update A),High,8.1,4,False,0.02275,CWE-79;CWE-256;CWE-307;CWE-601,4,Commercial Facilities,Sweden,False,False,False,False,False
ICSA-16-292-01,2016-10-18,2016,False,ICSA,Schneider Electric,Schneider Electric PowerLogic PM8ECC Hard-coded Password Vulnerability,Critical,9.1,1,False,0.01944,CWE-259,1,Commercial Facilities,France,False,False,False,False,False
ICSA-16-294-01,2016-10-20,2016,False,ICSA,Moxa,Moxa EDR-810 Industrial Secure Router Privilege Escalation Vulnerability,High,7.5,1,False,0.02096,CWE-284,1,Critical Manufacturing; Energy; Water and Wastewater,Taiwan,True,True,False,False,False
ICSA-16-299-01,2016-10-25,2016,False,ICSA,Siemens,Siemens SICAM RTU Devices Denial-of-Service Vulnerability,High,7.5,1,False,0.02052,CWE-400,1,Energy,Germany,True,True,False,False,False
ICSA-16-301-01,2016-10-27,2016,False,ICSA,Honeywell,Honeywell Experion PKS Improper Input Validation Vulnerability,Low,3.7,1,False,0.01546,CWE-20,1,Commercial Facilities; Critical Manufacturing; Energy; Water and Wastewater,United States,True,True,True,False,False
ICSA-16-306-01,2016-11-01,2016,False,ICSA,Schneider Electric,Schneider Electric ConneXium Buffer Overflow Vulnerability,Critical,10.0,1,False,0.04161,CWE-121,1,Commercial Facilities,France,False,False,False,False,False
ICSA-16-306-02,2016-11-01,2016,False,ICSA,IBHsoftec GmbH,IBHsoftec S7-SoftPLC CPX43 Heap-based Buffer Overflow Vulnerability,Critical,9.8,1,False,0.02424,CWE-122,1,Critical Manufacturing; Energy; Water and Wastewater,Germany,True,True,False,False,False
ICSA-16-306-03,2016-11-01,2016,False,ICSA,Schneider Electric,Schneider Electric Unity PRO Control Flow Management Vulnerability,High,7.5,1,False,0.01103,CWE-691,1,Commercial Facilities; Energy,France,True,True,False,False,False
ICSA-16-308-01,2016-11-03,2016,False,ICSA,Moxa,Moxa OnCell Security Vulnerabilities,High,7.8,2,False,0.02398,CWE-264;CWE-287,2,Commercial Facilities; Critical Manufacturing; Energy; Transportation Systems,Taiwan,True,True,False,False,False
ICSA-16-308-02B,2016-11-03,2016,False,ICSA,Schneider Electric,Schneider Electric Magelis HMI Resource Consumption Vulnerabilities (Update B),Medium,6.4,2,False,0.04301,CWE-400,1,Critical Manufacturing; Food and Agriculture,France,False,False,False,False,False
ICSA-16-308-03,2016-11-03,2016,False,ICSA,Schneider Electric,Schneider Electric IONXXXX Series Power Meter Vulnerabilities,High,8.5,2,False,0.02452,CWE-284;CWE-352,2,Critical Manufacturing; Energy; Water and Wastewater,France,True,True,False,False,False
ICSA-16-313-01,2016-11-08,2016,False,ICSA,PHOENIX CONTACT,Phoenix Contact ILC PLC Authentication Vulnerabilities,High,7.3,3,False,0.11057,CWE-312;CWE-592;CWE-767,3,Commercial Facilities; Critical Manufacturing; Energy; Water and Wastewater,Germany,True,True,False,False,False
ICSA-16-313-02,2016-11-08,2016,False,ICSA,Siemens,Siemens Industrial Products Local Privilege Escalation Vulnerability (Update I),Medium,6.4,1,False,0.00378,CWE-269,1,Chemical; Energy; Food and Agriculture; Water and Wastewater,Germany,True,True,True,False,False
ICSA-16-313-03,2016-11-08,2016,False,ICSA,OSIsoft,OSIsoft PI System Incomplete Model of Endpoint Features Vulnerability,High,7.1,1,False,0.00348,CWE-437,1,Multiple Critical Sectors,United States,False,False,False,False,False
ICSA-16-315-01B,2016-11-10,2016,False,ICSA,CA Technologies,CA Unified Infrastructure Management Directory Traversal Vulnerability (Update B),High,8.6,1,False,0.02306,CWE-23,1,Information Technology,United States,False,False,False,False,False
ICSA-16-320-01,2016-11-15,2016,False,ICSA,Lynxspring,Lynxspring JENEsys BAS Bridge Vulnerabilities,High,8.5,4,False,0.01692,CWE-264;CWE-306;CWE-352;CWE-522,4,Commercial Facilities; Critical Manufacturing; Energy; Water and Wastewater,United States,True,True,False,False,False
ICSA-16-322-01,2016-11-17,2016,False,ICSA,Siemens,Vanderbilt Industries Siemens IP CCTV Cameras Vulnerability,Critical,9.8,1,False,0.02331,CWE-522,1,Commercial Facilities; Government Facilities; Healthcare and Public Health,Germany,False,False,False,False,False
ICSA-16-322-02,2016-11-17,2016,False,ICSA,Moxa,Moxa SoftCMS Vulnerabilities,High,8.5,3,False,0.08239,CWE-20;CWE-89;CWE-415,3,Commercial Facilities; Critical Manufacturing; Energy; Transportation Systems,Taiwan,True,True,False,False,False
ICSA-16-327-01,2016-11-22,2016,False,ICSA,Siemens,Siemens SIMATIC CP 1543-1 (Update A),Medium,6.0,2,True,0.03624,CWE-20;CWE-269,2,Chemical; Energy; Food and Agriculture; Water and Wastewater,Germany,True,True,True,False,False
ICSA-16-327-02,2016-11-22,2016,False,ICSA,Siemens,Siemens SIMATIC CP 343-1/CP 443-1 Modules and SIMATIC S7-300/S7-400 CPUs Vulnerabilities (Update B),Medium,6.3,2,False,0.01852,CWE-345;CWE-614,2,Chemical; Critical Manufacturing; Food and Agriculture,Germany,True,False,True,False,False
ICSA-16-334-01,2016-11-29,2016,False,ICSA,Emerson,Emerson Liebert SiteScan XML External Entity Vulnerability,High,7.5,1,False,0.03521,CWE-611,1,Commercial Facilities; Critical Manufacturing; Energy; Water and Wastewater,United States,True,True,False,False,False
ICSA-16-334-02,2016-11-29,2016,False,ICSA,Emerson,Emerson DeltaV Easy Security Management Application Vulnerability,Medium,6.8,1,False,0.00429,CWE-269,1,Chemical; Energy,United States,True,True,True,False,False
ICSA-16-334-03,2016-11-29,2016,False,ICSA,Emerson,Emerson DeltaV Wireless I/O Card Open SSH Port Vulnerability,Medium,5.0,1,False,0.00489,CWE-306,1,Chemical; Energy,United States,True,True,True,False,False
ICSA-16-336-01A,2016-12-01,2016,False,ICSA,Siemens,Siemens SICAM PAS Vulnerabilities (Update A),High,8.9,4,False,0.03255,CWE-257;CWE-552;CWE-633;CWE-798,4,Energy,Germany,True,True,False,False,False
ICSA-16-336-02A,2016-12-01,2016,False,ICSA,Moxa,Moxa NPort Device Vulnerabilities (Update A),High,7.8,8,False,0.19856,CWE-79;CWE-120;CWE-255;CWE-256;CWE-264;CWE-307;CWE-352;CWE-400,8,Critical Manufacturing; Energy; Transportation,Taiwan,True,True,False,False,False
ICSA-16-336-03,2016-12-01,2016,False,ICSA,Mitsubishi Electric,Mitsubishi Electric MELSEC-Q Series Ethernet Interface Module Vulnerabilities,High,8.6,2,False,0.02615,CWE-327;CWE-412,2,Commercial Facilities; Critical Manufacturing; Food and Agriculture,Japan,False,False,False,False,False
ICSA-16-336-04,2016-12-01,2016,False,ICSA,Advantech,Advantech SUSIAccess Server Vulnerabilities,High,8.0,3,False,0.07879,CWE-22;CWE-200;CWE-264,3,Commercial Facilities; Critical Manufacturing; Energy; Government Facilities,Taiwan,True,True,False,False,False
ICSA-16-336-05B,2016-12-01,2016,False,ICSA,GE,"GE Proficy HMI/SCADA iFIX, Proficy HMI/SCADA CIMPLICITY, and Proficy Historian Vulnerability (Update B)",Medium,6.4,1,False,0.00369,CWE-522,1,Multiple Critical Sectors,United States,False,False,False,False,False
ICSA-16-336-06,2016-12-01,2016,False,ICSA,Rockwell Automation,Rockwell Automation MicroLogix 1100 and 1400 Vulnerabilities,Medium,4.6,2,False,0.04028,CWE-319;CWE-732,2,Food and Agriculture; Water and Wastewater,United States,False,False,False,False,False
ICSA-16-341-01,2016-12-06,2016,False,ICSA,Tesla,Tesla Gateway ECU Vulnerability,Medium,6.8,1,False,0.01715,CWE-77,1,Transportation Systems,United States,False,False,False,False,False
ICSA-16-343-01,2016-12-08,2016,False,ICSA,Moxa,Moxa MiiNePort Session Hijack Vulnerabilities,Medium,5.3,2,False,0.01633,CWE-264;CWE-312,2,Commercial Facilities; Critical Manufacturing; Energy; Transportation Systems,Taiwan,True,True,False,False,False
ICSA-16-343-02,2016-12-08,2016,False,ICSA,SAUTER Controls,Sauter NovaWeb Web HMI Authentication Bypass Vulnerability,High,7.2,1,False,0.0207,CWE-784,1,Commercial Facilities; Critical Manufacturing,Switzerland,False,False,False,False,False
ICSA-16-343-03,2016-12-08,2016,False,ICSA,Adcon Telemetry,Adcon Telemetry A850 Telemetry Gateway Base Station Vulnerabilities,Critical,9.8,1,False,0.00825,CWE-79,1,Commercial Facilities; Critical Manufacturing; Water and Wastewater,Austria,False,False,False,False,False
ICSA-16-343-04,2016-12-08,2016,False,ICSA,INTERSCHALT,INTERSCHALT VDR G4e Path Traversal Vulnerability,Medium,5.3,1,False,0.01713,CWE-22,1,Transportation Systems,Germany,False,False,False,False,False
ICSA-16-343-05,2016-12-08,2016,False,ICSA,Rockwell Automation,Rockwell Automation Logix5000 Programmable Automation Controller Buffer Overflow Vulnerability (Update B),Critical,10.0,1,False,0.10494,CWE-121,1,Critical Manufacturing; Food and Agriculture; Water and Wastewater,United States,True,False,True,False,False
ICSA-16-348-01,2016-12-13,2016,False,ICSA,Visonic,Visonic PowerLink2 Vulnerabilities,Medium,5.7,2,False,0.01233,CWE-79;CWE-200,2,Commercial Facilities,Israel,False,False,False,False,False
ICSA-16-348-02,2016-12-13,2016,False,ICSA,Moxa,Moxa DACenter Vulnerabilities,High,7.2,2,False,0.00937,CWE-400;CWE-428,2,Commercial Facilities; Critical Manufacturing; Energy; Water and Wastewater,Taiwan,True,True,False,False,False
ICSA-16-348-03,2016-12-13,2016,False,ICSA,Delta Electronics,"Delta Electronics WPLSoft, ISPSoft, and PMSoft Vulnerabilities",High,7.8,2,False,0.01708,CWE-122;CWE-787,2,Critical Manufacturing,Taiwan,False,False,False,False,False
ICSA-16-348-04,2016-12-13,2016,False,ICSA,Siemens,Siemens SIMATIC WinCC and SIMATIC PCS 7 ActiveX Vulnerability,Medium,4.2,1,False,0.0142,CWE-119,1,Chemical; Energy; Food and Agriculture; Water and Wastewater,Germany,True,True,True,False,False
ICSA-16-348-05,2016-12-13,2016,False,ICSA,Siemens,Siemens S7-300/400 PLC Vulnerabilities (Update E),High,7.5,2,False,0.03027,CWE-200,1,Chemical; Energy; Food and Agriculture; Water and Wastewater,Germany,True,True,True,False,False
ICSA-16-350-01,2016-12-15,2016,False,ICSA,FATEK Automation,FATEK Automation PLC WinProladder Stack-Based Buffer Overflow Vulnerability,High,8.0,1,False,0.08906,CWE-121,1,Commercial Facilities; Critical Manufacturing,Taiwan,False,False,False,False,False
ICSA-16-350-02,2016-12-15,2016,False,ICSA,OmniMetrix,OmniMetrix OmniView Vulnerabilities,High,7.5,2,False,0.01683,CWE-319;CWE-521,2,Commercial Facilities; Energy,United States,True,True,False,False,False
ICSA-16-355-01,2016-12-20,2016,False,ICSA,Siemens,Siemens Desigo PX Web Module Insufficient Entropy Vulnerability,Medium,5.9,1,False,0.01499,CWE-332,1,Commercial Facilities,Germany,False,False,False,False,False
ICSA-16-357-01,2016-12-22,2016,False,ICSA,Fidelix,Fidelix FX-20 Series Controllers Path Traversal Vulnerability,High,7.5,1,False,0.0245,CWE-22,1,Commercial Facilities,Finland,False,False,False,False,False
ICSA-16-357-02,2016-12-22,2016,False,ICSA,WAGO,WAGO Ethernet Web-based Management Authentication Bypass Vulnerability,Critical,9.1,1,False,0.02125,CWE-592,1,Commercial Facilities; Critical Manufacturing; Energy; Transportation Systems,Germany,False,True,False,False,False
ICSA-17-010-01,2017-01-10,2017,True,ICSA,OSIsoft,OSIsoft PI Coresight and PI Web API (Update A),Medium,6.1,1,False,0.00374,CWE-533,1,Multiple Critical Sectors,United States,False,False,False,False,False
ICSA-17-012-01,2017-01-12,2017,True,ICSA,Advantech,Advantech WebAccess,Critical,9.8,2,False,0.04398,CWE-89;CWE-592,2,Commercial Facilities; Critical Manufacturing; Energy; Government Facilities,Taiwan,False,True,False,False,False
ICSA-17-012-02,2017-01-12,2017,True,ICSA,VideoInsight,VideoInsight Web Client,High,7.3,1,False,0.02393,CWE-89,1,Multiple Critical Sectors,United States,False,False,False,False,False
ICSA-17-012-03,2017-01-12,2017,True,ICSA,Carlo Gavazzi,Carlo Gavazzi VMU-C EM and VMU-C PV,Critical,10.0,3,False,0.09317,CWE-200;CWE-284;CWE-352,3,Energy,Italy,True,True,False,False,False
ICSA-17-017-01,2017-01-17,2017,True,ICSA,PHOENIX CONTACT,PHOENIX CONTACT mGuard,Critical,9.8,1,False,0.02428,CWE-99,1,Critical Manufacturing,Germany,False,False,False,False,False
ICSA-17-019-01,2017-01-19,2017,True,ICSA,Schneider Electric,Schneider Electric homeLYnk Controller (Update A),High,8.8,2,False,0.05525,CWE-77;CWE-79,2,Commercial Facilities,France,False,False,False,False,False
ICSA-17-024-01,2017-01-24,2017,True,ICSA,Schneider Electric,Schneider Electric Wonderware Historian,High,7.3,1,False,0.01659,CWE-255,1,Chemical; Commercial Facilities; Critical Manufacturing; Energy; Food and Agriculture; Water and Wastewater,France,False,True,False,False,False
ICSA-17-026-01,2017-01-26,2017,True,ICSA,Eaton,Eaton ePDU Path Traversal Vulnerability,Medium,5.3,1,False,0.01883,CWE-22,1,Commercial Facilities; Critical Manufacturing; Energy; Water and Wastewater,United States,True,True,False,False,False
ICSA-17-026-02,2017-01-26,2017,True,ICSA,Belden,Belden Hirschmann GECKO (Update A),High,7.1,4,False,0.01901,CWE-22;CWE-200;CWE-352;CWE-918,4,Multiple Critical Sectors,United States,False,False,False,False,False
ICSA-17-031-01,2017-01-31,2017,True,ICSA,BINOM3,BINOM3 Electric Power Quality Meter (Update A),Critical,10.0,5,False,0.1261,CWE-79;CWE-200;CWE-259;CWE-284;CWE-352,5,Energy,Russia,False,True,False,False,False
ICSA-17-031-02,2017-01-31,2017,True,ICSA,Ecava,Ecava IntegraXor,High,7.3,1,False,0.01659,CWE-89,1,Critical Manufacturing; Energy; Transportation Systems; Water and Wastewater,Malaysia,True,True,False,False,False
ICSA-17-033-01,2017-02-02,2017,True,ICSA,Honeywell,Honeywell XL Web II Controller Vulnerabilities,High,8.7,5,False,0.02251,CWE-23;CWE-256;CWE-269;CWE-384;CWE-522,5,Critical Manufacturing; Energy; Water and Wastewater,United States,True,True,False,False,False
ICSA-17-038-01,2017-02-07,2017,True,ICSA,Sielco Sistemi,Sielco Sistemi Winlog SCADA Software,High,7.2,1,False,0.00938,CWE-427,1,Communications; Critical Manufacturing; Energy; Water and Wastewater,Italy,True,True,False,False,False
ICSA-17-040-01,2017-02-09,2017,True,ICSA,Hanwha Techwin,Hanwha Techwin Smart Security Manager,High,7.5,2,False,0.03616,CWE-22;CWE-352,2,Commercial Facilities; Critical Manufacturing; Energy; Water and Wastewater,South Korea,False,True,False,False,False
ICSA-17-045-01,2017-02-14,2017,True,ICSA,Advantech,Advantech WebAccess,High,7.1,1,False,0.01607,CWE-427,1,Critical Manufacturing,Taiwan,False,False,False,False,False
ICSA-17-045-02,2017-02-14,2017,True,ICSA,Geutebruck,Geutebruck IP Cameras,Critical,9.8,2,False,0.5229,CWE-78;CWE-288,2,Commercial Facilities; Energy; Healthcare and Public Health,Germany,True,True,False,False,False
ICSA-17-045-03,2017-02-14,2017,True,ICSA,Siemens,Siemens SIMATIC Authentication Bypass (Update D),Critical,9.0,1,False,0.01987,CWE-287,1,Chemical; Energy; Food and Agriculture; Water and Wastewater,Germany,True,True,True,False,False
ICSA-17-047-01,2017-02-16,2017,True,ICSA,Rockwell Automation,Rockwell Automation Connected Components Workbench,High,7.0,1,False,0.0052,CWE-427,1,Commercial Facilities; Defense Industrial Base; Energy; Government Facilities,United States,True,True,False,False,False
ICSA-17-047-02,2017-02-16,2017,True,ICSA,Rockwell Automation,Rockwell Automation FactoryTalk Activation,High,8.8,1,False,0.00711,CWE-428,1,Chemical; Critical Manufacturing; Energy; Food and Agriculture; Water and Wastewater,United States,True,True,False,False,False
ICSA-17-054-01,2017-02-23,2017,True,ICSA,VIPA Controls,VIPA Controls WinPLC7,High,7.5,1,False,0.17711,CWE-121,1,Commercial Facilities; Critical Manufacturing,Germany,False,False,False,False,False
ICSA-17-054-02,2017-02-23,2017,True,ICSA,"Red Lion Controls, AutomationDirect","Red Lion Controls Sixnet-Managed Industrial Switches, AutomationDirect STRIDE-Managed Ethernet Switches Vulnerability",Critical,10.0,1,False,0.01563,CWE-321,1,Critical Manufacturing,United States,False,False,False,False,False
ICSA-17-054-03,2017-02-23,2017,True,ICSA,Schneider Electric,Schneider Electric Modicon M340 PLC (Update A),High,7.5,1,False,0.04807,CWE-400,1,Defense Industrial Base; Energy; Government Facilities; Nuclear Reactors Materials and Waste; Transportation Systems; Water and Wastewater,France,True,True,True,False,False
ICSA-17-059-01,2017-02-28,2017,True,ICSA,Siemens,Siemens RUGGEDCOM NMS,High,8.8,2,False,0.01417,CWE-79;CWE-352,2,Energy; Healthcare and Public Health; Transportation Systems,Germany,True,True,False,False,False
ICSA-17-061-01,2017-03-02,2017,True,ICSA,Eaton,Eaton xComfort Ethernet Communication Interface,High,7.5,1,False,0.01262,CWE-284,1,Commercial Facilities,Ireland,False,False,False,False,False
ICSA-17-061-02,2017-03-02,2017,True,ICSA,Schneider Electric,Schneider Electric Conext ComBox,High,7.5,1,False,0.36943,CWE-400,1,Energy,France,True,True,False,False,False
ICSA-17-061-03,2017-03-02,2017,True,ICSA,Siemens,Siemens SINUMERIK Integrate and SINUMERIK Operate,High,7.4,1,False,0.00971,CWE-300,1,Energy; Healthcare and Public Health; Transportation Systems,Germany,True,True,False,False,False
ICSA-17-066-01,2017-03-07,2017,True,ICSA,Schneider Electric,Schneider Electric Wonderware Intelligence,Critical,9.8,1,False,0.13632,CWE-255,1,Critical Manufacturing; Energy; Healthcare and Public Health; Water and Wastewater,France,True,True,False,False,False
ICSA-17-068-01,2017-03-09,2017,True,ICSA,Schneider Electric,Schneider Electric ClearSCADA,High,7.5,1,False,0.01689,CWE-20,1,Critical Manufacturing,France,False,False,False,False,False
ICSA-17-073-01,2017-03-14,2017,True,ICSA,FATEK Automation,FATEK Automation PLC Ethernet Module,High,7.3,1,False,0.04414,CWE-121,1,Commercial Facilities; Critical Manufacturing,Taiwan,False,False,False,False,False
ICSA-17-075-01,2017-03-16,2017,True,ICSA,LCDS - Leao Consultoria e Desenvolvimento de Sistemas Ltda ME,LCDS - Leao Consultoria e Desenvolvimento de Sistemas Ltda ME LAquis SCADA,High,7.3,1,False,0.00323,CWE-284,1,Chemical; Commercial Facilities; Energy; Food and Agriculture; Transportation Systems; Water and Wastewater,Brazil,False,True,False,False,False
ICSA-17-082-01,2017-03-23,2017,True,ICSA,LCDS - Leao Consultoria e Desenvolvimento de Sistemas Ltda ME,LCDS - Leao Consultoria e Desenvolvimento de Sistemas Ltda ME LAquis SCADA,Medium,5.3,1,False,0.08621,CWE-22,1,Chemical; Commercial Facilities; Energy; Food and Agriculture; Transportation Systems; Water and Wastewater,Brazil,False,True,False,False,False
ICSA-17-087-01,2017-03-28,2017,True,ICSA,Siemens,Siemens RUGGEDCOM ROX I,High,8.8,5,False,0.01395,CWE-79;CWE-80;CWE-285;CWE-352,4,Energy; Healthcare and Public Health; Transportation Systems,Germany,True,True,False,False,False
ICSA-17-087-02,2017-03-28,2017,True,ICSA,3S-Smart Software Solutions,3S-Smart Software Solutions GmbH CODESYS Web Server,Critical,9.8,2,False,0.02633,CWE-121;CWE-434,2,Critical Manufacturing; Energy,Germany,True,True,False,False,False
ICSA-17-089-01,2017-03-30,2017,True,ICSA,Schneider Electric,Schneider Electric Wonderware InTouch Access Anywhere,High,8.8,3,False,0.02419,CWE-200;CWE-326;CWE-352,3,Critical Manufacturing; Energy; Healthcare and Public Health; Water and Wastewater,France,True,True,False,False,False
ICSA-17-089-02,2017-03-30,2017,True,ICSA,Schneider Electric,Schneider Electric Modicon PLCs,High,7.5,3,False,0.3182,CWE-330;CWE-343;CWE-522,3,Critical Manufacturing; Food and Agriculture; Water and Wastewater,France,True,False,True,False,False
ICSA-17-094-01,2017-04-04,2017,True,ICSA,Schneider Electric,Schneider Electric Interactive Graphical SCADA System Software,Medium,6.8,1,False,0.0134,CWE-427,1,Critical Manufacturing; Energy,France,True,True,False,False,False
ICSA-17-094-02,2017-04-04,2017,True,ICSA,Marel,Marel Food Processing Systems (Update B),Critical,9.8,3,False,0.02126,CWE-259;CWE-284;CWE-434,3,Food and Agriculture,Iceland,False,False,False,False,False
ICSA-17-094-03,2017-04-04,2017,True,ICSA,Rockwell Automation,Rockwell Automation Allen-Bradley Stratix and Allen-Bradley ArmorStratix,Critical,9.8,1,True,0.98975,CWE-20,1,Critical Manufacturing; Energy; Water and Wastewater,United States,True,True,False,False,False
ICSA-17-094-04,2017-04-04,2017,True,ICSA,Rockwell Automation,Rockwell Automation Stratix 5900,Critical,10.0,61,True,0.99999,CWE-20;CWE-22;CWE-119;CWE-189;CWE-190;CWE-200;CWE-264;CWE-287;CWE-310;CWE-362;CWE-399;CWE-476,12,Critical Manufacturing; Energy; Water and Wastewater,United States,True,True,False,False,True
ICSA-17-094-05,2017-04-04,2017,True,ICSA,Rockwell Automation,Rockwell Automation ControlLogix 5580 and CompactLogix 5380,Medium,6.8,1,False,0.02633,CWE-400,1,Critical Manufacturing; Food and Agriculture; Transportation,United States,True,False,True,False,False
ICSA-17-096-01,2017-04-06,2017,True,ICSA,Certec EDV GmbH,Certec EDV GmbH atvise scada (Update A),Medium,6.1,2,False,0.02754,CWE-79;CWE-644,2,Critical Manufacturing,Austria,False,False,False,False,False
ICSA-17-101-01,2017-04-11,2017,True,ICSA,Schneider Electric,Schneider Electric Modicon Modbus Protocol,Critical,10.0,2,False,0.05181,CWE-294;CWE-657,2,Critical Manufacturing; Dams; Defense Industrial Base; Energy; Food and Agriculture; Government Facilities; Nuclear Reactors Materials and Waste; Transportation Systems; Water and Wastewater,France,True,True,True,False,False
ICSA-17-103-01,2017-04-13,2017,True,ICSA,WECON,Wecon Technologies LEVI Studio HMI Editor,High,8.8,2,False,0.01946,CWE-121;CWE-122,2,Critical Manufacturing,China,False,False,False,False,False
ICSA-17-103-02,2017-04-13,2017,True,ICSA,Schneider Electric,Schneider Electric Modicon M221 PLCs and SoMachine Basic (Update A),Critical,10.0,2,False,0.04014,CWE-321;CWE-693,2,Commercial Facilities,France,True,False,True,False,False
ICSA-17-115-01,2017-04-25,2017,True,ICSA,BLF-Tech LLC,BLF-Tech LLC VisualView HMI,High,7.0,1,False,0.01356,CWE-427,1,Critical Manufacturing; Water and Wastewater,United States,False,False,False,False,False
ICSA-17-115-02,2017-04-25,2017,True,ICSA,Sierra Wireless,Sierra Wireless AirLink Raven XE and XT,Critical,10.0,3,False,0.04264,CWE-285;CWE-352;CWE-522,3,Critical Manufacturing; Energy,Canada,True,True,False,False,False
ICSA-17-115-03,2017-04-25,2017,True,ICSA,Hyundai Motor America,Hyundai Motor America Blue Link,High,7.5,2,False,0.02096,CWE-300;CWE-321,2,Transportation Systems,United States,False,False,False,False,False
ICSA-17-115-04,2017-04-25,2017,True,ICSA,Rockwell Automation,Rockwell Automation Allen-Bradley MicroLogix 1100 and 1400,Critical,9.8,5,False,0.06674,CWE-200;CWE-307;CWE-323;CWE-343;CWE-521,5,Food and Agriculture; Water and Wastewater,United States,False,False,False,False,False
ICSA-17-117-01,2017-04-27,2017,True,ICSA,GE,"GE Multilin SR, UR, and URplus Protective Relays (Update B)",High,8.1,1,False,0.01281,CWE-261,1,Chemical; Critical Manufacturing; Dams; Energy; Food and Agriculture; Government Facilities; Transportation Systems; Water and Wastewater,United States,True,True,False,False,False
ICSA-17-122-01,2017-05-02,2017,True,ICSA,Schneider Electric,Schneider Electric Wonderware Historian Client,Medium,6.6,1,False,0.00388,CWE-611,1,Critical Manufacturing; Energy; Healthcare and Public Health; Water and Wastewater,France,True,True,False,False,False
ICSA-17-122-02,2017-05-02,2017,True,ICSA,CyberVision,CyberVision Kaa IoT Platform,Medium,6.3,1,False,0.03495,CWE-485,1,Commercial Facilities; Critical Manufacturing; Food and Agriculture; Healthcare and Public Health; Information Technology,United States,False,False,False,False,False
ICSA-17-122-03,2017-05-02,2017,True,ICSA,Advantech B+B SmartWorx,Advantech B+B SmartWorx MESR901,Critical,9.8,1,False,0.02616,CWE-603,1,Critical Manufacturing,United States,False,False,False,False,False
ICSA-17-124-01,2017-05-04,2017,True,ICSA,Hikvision,Hikvision Cameras,Critical,10.0,2,True,0.99998,CWE-260;CWE-287,2,Critical Manufacturing,China,False,False,False,False,False
ICSA-17-124-02,2017-05-04,2017,True,ICSA,"Dahua Technology Co., Ltd","Dahua Technology Co., Ltd Digital Video Recorders and IP Cameras",Critical,9.8,2,False,0.51418,CWE-260;CWE-836,2,Commercial Facilities; Critical Manufacturing; Financial Services; Government Facilities; Transportation Systems,China,False,False,False,False,False
ICSA-17-124-03,2017-05-04,2017,True,ICSA,Advantech,Advantech WebAccess,High,7.1,1,False,0.01537,CWE-36,1,Critical Manufacturing,Taiwan,False,False,False,False,False
ICSA-17-129-01,2017-05-09,2017,True,ICSA,Siemens,Siemens devices using the PROFINET Discovery and Configuration Protocol (Update K),Medium,6.5,1,False,0.00469,CWE-20,1,Chemical; Critical Manufacturing; Energy; Food and Agriculture; Water and Wastewater,Germany,True,True,True,False,False
ICSA-17-129-02,2017-05-09,2017,True,ICSA,Siemens,Siemens PROFINET DCP (Update U),Medium,6.5,2,False,0.01149,CWE-400,1,Chemical; Critical Manufacturing; Energy; Food and Agriculture; Water and Wastewater Systems,Germany,True,True,True,False,False
ICSA-17-129-03,2017-05-09,2017,True,ICSA,Siemens,Siemens SIMATIC WinCC and SIMATIC WinCC Runtime Professional,Medium,4.9,1,False,0.01923,CWE-20,1,Chemical; Energy; Food and Agriculture; Water and Wastewater,Germany,True,True,True,False,False
ICSA-17-131-01,2017-05-11,2017,True,ICSA,PHOENIX CONTACT,PHOENIX CONTACT mGuard,High,8.6,2,False,0.01182,CWE-287;CWE-400,2,Critical Manufacturing,Germany,False,False,False,False,False
ICSA-17-131-02,2017-05-11,2017,True,ICSA,Satel Iberia,Satel Iberia SenNet Data Logger and Electricity Meters,High,8.8,1,False,0.15538,CWE-77,1,Critical Manufacturing; Energy; Transportation,Spain,False,True,False,False,False
ICSA-17-136-01,2017-05-16,2017,True,ICSA,Detcon,Detcon SiteWatch Gateway,Critical,9.1,2,False,0.01838,CWE-256;CWE-287,2,Commercial Facilities; Critical Manufacturing; Energy; Water and Wastewater,United States,True,True,False,False,False
ICSA-17-136-02,2017-05-16,2017,True,ICSA,Schneider Electric,Schneider Electric SoMachine HVAC,High,7.8,2,False,0.02441,CWE-121;CWE-427,2,Critical Manufacturing; Dams; Defense Industrial Base; Energy; Food and Agriculture; Government Facilities; Nuclear Reactors Materials and Waste; Transportation Systems; Water and Wastewater,France,True,True,False,False,False
ICSA-17-136-03,2017-05-16,2017,True,ICSA,Hanwha Techwin,Hanwha Techwin SRN-4000,Critical,9.8,1,False,0.0438,CWE-284,1,Commercial Facilities; Critical Manufacturing; Energy; Water and Wastewater,South Korea,True,True,False,False,False
ICSA-17-136-04,2017-05-16,2017,True,ICSA,Schneider Electric,Schneider Electric VAMPSET,Medium,5.6,1,False,0.00286,CWE-20,1,Energy,France,True,True,False,False,False
ICSA-17-138-01,2017-05-18,2017,True,ICSA,Miele Professional,Miele Professional PG 85 Series,High,7.3,1,False,0.1741,CWE-22,1,Healthcare and Public Health,Germany,False,False,False,False,False
ICSA-17-138-02,2017-05-18,2017,True,ICSA,Schneider Electric,Schneider Electric Wonderware InduSoft Web Studio,High,7.3,1,False,0.00432,CWE-276,1,Critical Manufacturing; Energy; Healthcare and Public Health; Water and Wastewater,France,True,True,False,False,False
ICSA-17-138-03,2017-05-18,2017,True,ICSA,Rockwell Automation,Rockwell Automation MicroLogix 1100 Controllers,High,7.5,1,False,0.22182,CWE-20,1,Critical Manufacturing; Food and Agriculture; Transportation Systems; Water and Wastewater,United States,False,False,False,False,False
ICSA-17-143-01,2017-05-23,2017,True,ICSA,Moxa,Moxa OnCell,Critical,9.8,3,False,0.01532,CWE-256;CWE-307;CWE-352,3,Commercial Facilities; Critical Manufacturing; Energy; Transportation Systems,Taiwan,True,True,False,False,False
ICSA-17-150-01,2017-05-30,2017,True,ICSA,Automated Logic,"Automated Logic Corporation ALC WebCTRL, Liebert SiteScan, Carrier i-VU",Medium,6.5,1,False,0.02239,CWE-611,1,Commercial Facilities,United States,False,False,False,False,False
ICSA-17-152-01,2017-06-01,2017,True,ICSA,Phoenix Broadband Technologies LLC,Phoenix Broadband Technologies LLC PowerAgent SC3 Site Controller,Medium,5.3,1,False,0.01168,CWE-259,1,Communications; Energy; Government Facilities; Information Technology; Transportation Systems,United States,True,True,False,False,False
ICSA-17-152-02,2017-06-01,2017,True,ICSA,NXP Semiconductors,NXP i.MX Product Family,Medium,6.0,2,False,0.00344,CWE-121;CWE-295,2,Critical Manufacturing; Transportation Systems,Netherlands,False,False,False,False,False
ICSA-17-157-01,2017-06-06,2017,True,ICSA,Rockwell Automation,Rockwell Automation PanelView Plus 6 700-1500,High,8.6,1,False,0.06564,CWE-862,1,Critical Manufacturing; Energy; Food and Agriculture; Transportation Systems; Water and Wastewater,United States,True,True,False,False,False
ICSA-17-157-02,2017-06-06,2017,True,ICSA,Digital Canal Structural,Digital Canal Structural Wind Analysis,High,7.5,1,False,0.01768,CWE-121,1,Commercial Facilities,United States,False,False,False,False,False
ICSA-17-164-01,2017-06-13,2017,True,ICSA,Trihedral Engineering Limited,Trihedral Engineering Limited VTScada,High,7.5,3,False,0.01689,CWE-79;CWE-400;CWE-548,3,Chemical; Communications; Critical Manufacturing; Energy; Food and Agriculture; Transportation Systems; Water and Wastewater,Canada,True,True,False,False,False
ICSA-17-164-02,2017-06-13,2017,True,ICSA,OSIsoft,OSIsoft PI Server 2017,High,8.9,2,False,0.02147,CWE-287,1,Multiple Critical Sectors,United States,False,False,False,False,False
ICSA-17-164-03,2017-06-13,2017,True,ICSA,OSIsoft,OSIsoft PI Web API 2017,High,7.1,1,False,0.00826,CWE-352,1,Multiple Critical Sectors,United States,False,False,False,False,False
ICSA-17-166-01,2017-06-15,2017,True,ICSA,Cambium Networks,Cambium Networks ePMP,High,7.6,2,False,0.09639,CWE-269;CWE-284,2,Information Technology,United States,False,False,False,False,False
ICSA-17-171-01,2017-06-20,2017,True,ICSA,Ecava,Ecava IntegraXor,High,7.3,1,False,0.03536,CWE-89,1,Critical Manufacturing; Energy; Water and Wastewater,Malaysia,True,True,False,False,False
ICSA-17-173-01,2017-06-22,2017,True,ICSA,Siemens,Siemens SIMATIC CP 44x-1 Redundant Network Access Modules,Critical,9.8,1,False,0.04174,CWE-287,1,Chemical; Critical Manufacturing; Food and Agriculture,Germany,True,False,True,False,False
ICSA-17-173-02,2017-06-22,2017,True,ICSA,Siemens,Siemens XHQ,Medium,6.5,1,False,0.01054,CWE-284,1,Energy,Germany,True,True,False,False,False
ICSA-17-178-01,2017-06-27,2017,True,ICSA,Newport,"Newport XPS-Cx, XPS-Qx",High,7.5,1,False,0.02602,CWE-287,1,Critical Manufacturing,United States,False,False,False,False,False
ICSA-17-180-01,2017-06-29,2017,True,ICSA,Siemens,"Siemens SIMATIC Industrial PCs, SINUMERIK Panel Control Unit, and SIMOTION P320 (Update A)",Critical,9.8,1,True,0.92189,CWE-264,1,Chemical; Commercial Facilities; Critical Manufacturing; Energy; Food and Agriculture; Water and Wastewater,Germany,True,True,True,False,False
ICSA-17-180-02,2017-06-29,2017,True,ICSA,Schneider Electric,Schneider Electric U.motion Builder (Update A),Critical,10.0,7,False,0.04606,CWE-20;CWE-22;CWE-89;CWE-94;CWE-209;CWE-259;CWE-284;CWE-287;CWE-730,9,Commercial Facilities; Critical Manufacturing; Energy,France,True,True,False,False,False
ICSA-17-180-03,2017-06-29,2017,True,ICSA,Siemens,Siemens Viewport for Web Office Portal,Critical,9.8,1,False,0.0298,CWE-287,1,Energy,Germany,True,True,False,False,False
ICSA-17-187-01,2017-07-06,2017,True,ICSA,Siemens,Siemens OZW672 and OZW772,High,7.4,2,False,0.01031,CWE-306,1,Commercial Facilities,Germany,False,False,False,False,False
ICSA-17-187-02,2017-07-06,2017,True,ICSA,Siemens,Siemens Reyrolle,High,7.5,5,False,0.03002,CWE-20;CWE-287;CWE-862,3,Energy,Germany,True,True,False,False,False
ICSA-17-187-03F,2017-07-06,2017,True,ICSA,Siemens,Siemens SIPROTEC 4 and SIPROTEC Compact (Update F),High,8.6,6,False,0.74497,CWE-20;CWE-287;CWE-862,3,Energy,Germany,True,True,False,False,False
ICSA-17-187-04,2017-07-06,2017,True,ICSA,Schneider Electric,Schneider Electric Wonderware ArchestrA Logger,Critical,9.8,3,False,0.09793,CWE-121;CWE-400;CWE-476,3,Critical Manufacturing; Dams; Defense Industrial Base; Energy; Food and Agriculture;Government Facilities; Nuclear Reactors Materials and Waste; Transportation Systems; Water and Wastewater,France,True,True,False,False,False
ICSA-17-187-05,2017-07-06,2017,True,ICSA,Schneider Electric,Schneider Electric Ampla MES,Medium,6.7,2,False,0.0024,CWE-319;CWE-326,2,Critical Manufacturing; Water and Wastewater,France,False,False,False,False,False
ICSA-17-192-01,2017-07-11,2017,True,ICSA,Siemens,Siemens SIMATIC Logon,Medium,5.3,1,False,0.02897,CWE-787,1,Chemical; Energy; Food and Agriculture; Water and Wastewater,Germany,True,True,True,False,False
ICSA-17-192-02,2017-07-11,2017,True,ICSA,Fuji Electric,Fuji Electric V-Server,High,7.3,1,False,0.02042,CWE-119,1,Critical Manufacturing,Japan,False,False,False,False,False
ICSA-17-192-03,2017-07-11,2017,True,ICSA,ABB,ABB VSN300 WiFi Logger Card,High,7.5,2,False,0.02715,CWE-264;CWE-287,2,Energy,Switzerland,True,True,False,False,False
ICSA-17-192-04,2017-07-11,2017,True,ICSA,OSIsoft,OSIsoft PI Coresight,High,7.1,1,False,0.00862,CWE-352,1,Multiple Critical Sectors,United States,False,False,False,False,False
ICSA-17-192-05,2017-07-11,2017,True,ICSA,OSIsoft,OSIsoft PI ProcessBook and PI ActiveView,Critical,9.9,0,False,,,0,Multiple Critical Sectors,United States,False,False,False,False,False
ICSA-17-192-06,2017-07-11,2017,True,ICSA,Schweitzer Engineering Laboratories,"Schweitzer Engineering Laboratories, Inc. SEL-3620 and SEL-3622",High,7.2,1,False,0.02273,CWE-284,1,Energy,United States,True,True,False,False,False
ICSA-17-194-01,2017-07-13,2017,True,ICSA,Siemens,Siemens SiPass integrated,Critical,9.8,4,False,0.02065,CWE-257;CWE-269;CWE-287;CWE-300,4,Energy; Healthcare and Public Health; Transportation Systems,Germany,True,True,False,False,False
ICSA-17-194-03,2017-07-13,2017,True,ICSA,Siemens,Siemens SIMATIC Sm@rtClient Android App,High,7.4,2,False,0.00948,CWE-288;CWE-300,2,Chemical; Energy; Food and Agriculture; Water and Wastewater,Germany,True,True,True,False,False
ICSA-17-201-01,2017-07-20,2017,True,ICSA,Schneider Electric,Schneider Electric PowerSCADA Anywhere and Citect Anywhere,High,8.1,4,False,0.00781,CWE-146;CWE-200;CWE-298;CWE-352,4,Commercial Facilities,France,False,False,False,False,False
ICSA-17-208-01,2017-07-27,2017,True,ICSA,Continental AG,Continental AG Infineon S-Gold 2 (PMB 8876),High,8.8,2,False,0.02238,CWE-119;CWE-121,2,Transportation Systems,Germany,False,False,False,False,False
ICSA-17-208-02,2017-07-27,2017,True,ICSA,Mirion Technologies,Mirion Technologies Telemetry Enabled Devices,Medium,5.0,2,False,0.00464,CWE-321;CWE-326,2,"Nuclear Reactors, Materials, and Waste",United States,False,False,False,False,False
ICSA-17-208-03,2017-07-27,2017,True,ICSA,"PDQ Manufacturing, Inc.","PDQ Manufacturing, Inc. LaserWash, Laser Jet and ProTouch",Critical,9.4,2,False,0.01186,CWE-287;CWE-311,2,Commercial Facilities,United States,False,False,False,False,False
ICSA-17-208-04,2017-07-27,2017,True,ICSA,Rockwell Automation,Rockwell Automation Allen-Bradley Stratix and ArmorStratix,High,8.8,9,True,0.70559,CWE-119,1,Critical Manufacturing; Energy; Water and Wastewater,United States,True,True,False,False,False
ICSA-17-213-01,2017-08-01,2017,True,ICSA,Mitsubishi Electric Europe B.V.,Mitsubishi Electric Europe B.V. E-Designer,Critical,9.8,3,False,0.03589,CWE-121;CWE-122;CWE-787,3,Critical Manufacturing,Japan,False,False,False,False,False
ICSA-17-213-02,2017-08-01,2017,True,ICSA,Schneider Electric,Schneider Electric Trio TView,Critical,10.0,0,False,,,0,Energy,France,True,True,False,False,False
ICSA-17-215-01,2017-08-03,2017,True,ICSA,Schneider Electric,Schneider Electric Pro-face GP-Pro EX,High,7.2,1,False,0.00378,CWE-427,1,Energy,France,True,True,False,False,False
ICSA-17-220-01,2017-08-08,2017,True,ICSA,OSIsoft,OSIsoft PI Integrator,Critical,9.8,2,False,0.02341,CWE-79;CWE-285,2,Multiple Critical Sectors,United States,False,False,False,False,False
ICSA-17-220-02,2017-08-08,2017,True,ICSA,Moxa,Moxa SoftNVR-IA Live Viewer,High,7.2,1,False,0.01481,CWE-427,1,Critical Manufacturing; Energy; Transportation,Taiwan,True,True,False,False,False
ICSA-17-222-01,2017-08-10,2017,True,ICSA,SIMPlight,SIMPlight SCADA Software,High,7.0,1,False,0.01356,CWE-427,1,Chemical; Commercial Facilities; Critical Manufacturing; Defense Industrial Base; Energy; Food and Agriculture; Government Facilities; Healthcare and Public Health; Nuclear Reactors Materials and Waste,Russia,False,True,False,False,False
ICSA-17-222-02,2017-08-10,2017,True,ICSA,Solar Controls,Solar Controls Heating Control Downloader (HCDownloader),High,7.8,1,False,0.01761,CWE-427,1,Energy,Czech Republic,False,True,False,False,False
ICSA-17-222-03,2017-08-10,2017,True,ICSA,Solar Controls,Solar Controls WATTConfig M Software,High,7.8,1,False,0.01761,CWE-427,1,Energy,Czech Republic,False,True,False,False,False
ICSA-17-222-04,2017-08-10,2017,True,ICSA,Fuji Electric,Fuji Electric Monitouch V-SFT,High,7.3,3,False,0.05155,CWE-121;CWE-122;CWE-269,3,Critical Manufacturing; Energy,Japan,True,True,False,False,False
ICSA-17-222-05,2017-08-10,2017,True,ICSA,ABB,ABB SREA-01 and SREA-50,Critical,9.8,1,False,0.02621,CWE-23,1,Critical Manufacturing; Energy,Switzerland,True,True,False,False,False
ICSA-17-227-01,2017-08-15,2017,True,ICSA,Advantech,Advantech WebOP,Medium,4.8,1,False,0.00448,CWE-122,1,Critical Manufacturing,Taiwan,False,False,False,False,False
ICSA-17-234-01,2017-08-22,2017,True,ICSA,Automated Logic,"Automated Logic Corporation WebCTRL, i-VU, SiteScan",High,8.3,3,False,0.0845,CWE-22;CWE-428;CWE-434,3,Commercial Facilities,United States,False,False,False,False,False
ICSA-17-234-02,2017-08-22,2017,True,ICSA,SpiderControl,SpiderControl SCADA MicroBrowser,High,7.3,1,False,0.02612,CWE-121,1,Critical Manufacturing,Switzerland,False,False,False,False,False
ICSA-17-234-03,2017-08-22,2017,True,ICSA,SpiderControl,SpiderControl SCADA Web Server,Medium,5.3,1,False,0.03842,CWE-22,1,Critical Manufacturing,Switzerland,False,False,False,False,False
ICSA-17-234-04,2017-08-22,2017,True,ICSA,"General Motors (GM), Shanghai OnStar",General Motors and Shanghai OnStar (SOS) iOS Client,Critical,9.8,3,False,0.01852,CWE-287;CWE-300;CWE-312,3,Transportation Systems,China,False,False,False,False,False
ICSA-17-234-05,2017-08-22,2017,True,ICSA,Saia Burgess Controls,Saia Burgess Controls PCD Controllers,Medium,5.3,1,False,0.01233,CWE-200,1,Chemical; Energy,Switzerland,True,True,False,False,False
ICSA-17-236-01,2017-08-24,2017,True,ICSA,Westermo,"Westermo MRD-305-DIN, MRD-315, MRD-355, and MRD-455",Critical,10.0,3,False,0.01532,CWE-321;CWE-352;CWE-798,3,Commercial Facilities; Critical Manufacturing; Energy,Sweden,True,True,False,False,False
ICSA-17-241-01,2017-08-29,2017,True,ICSA,AzeoTech,AzeoTech DAQFactory,High,7.1,2,False,0.00337,CWE-276;CWE-427,2,Energy,United States,True,True,False,False,False
ICSA-17-241-02,2017-08-29,2017,True,ICSA,Advantech,Advantech WebAccess,High,7.8,9,False,0.04831,CWE-89;CWE-119;CWE-121;CWE-122;CWE-134;CWE-266;CWE-287;CWE-427;CWE-732,9,Critical Manufacturing; Energy; Water and Wastewater,Taiwan,True,True,False,False,False
ICSA-17-243-01,2017-08-31,2017,True,ICSA,Siemens,Siemens OPC UA Protocol Stack Discovery Service (Update E),High,8.2,1,False,0.02904,CWE-611,1,Chemical; Energy; Food and Agriculture; Water and Wastewater,Germany,True,True,True,False,False
ICSA-17-243-02,2017-08-31,2017,True,ICSA,Siemens,Siemens LOGO! (Update A),High,7.5,2,False,0.01449,CWE-300;CWE-522,2,Commercial Facilities; Transportation Systems,Germany,False,False,False,False,False
ICSA-17-243-03,2017-08-31,2017,True,ICSA,Siemens,Siemens 7KM PAC Switched Ethernet,Medium,4.3,1,False,0.00537,CWE-400,1,Energy,Germany,True,True,False,False,False
ICSA-17-243-04,2017-08-31,2017,True,ICSA,OPW Fuel Management Systems,OPW Fuel Management Systems SiteSentinel Integra and SiteSentinel iSite,Critical,9.8,2,False,0.02338,CWE-89;CWE-306,2,Energy; Transportation Systems,United States,True,True,False,False,False
ICSA-17-243-05,2017-08-31,2017,True,ICSA,Moxa,Moxa SoftCMS Live Viewer,Critical,9.8,1,False,0.01169,CWE-89,1,Critical Manufacturing; Energy; Transportation,Taiwan,True,True,False,False,False
ICSA-17-250-01,2017-09-07,2017,True,ICSA,SpiderControl,SpiderControl SCADA Web Server,Medium,5.3,1,False,0.00388,CWE-269,1,Critical Manufacturing,Switzerland,False,False,False,False,False
ICSA-17-250-02,2017-09-07,2017,True,ICSA,"PHOENIX CONTACT, Innominate Security Technologies","PHOENIX CONTACT, Innominate Security Technologies mGuard Firmware",High,7.5,1,False,0.02664,CWE-476,1,Communications; Critical Manufacturing; Information Technology,Germany,False,False,False,False,False
ICSA-17-255-01,2017-09-12,2017,False,ICSA,mySCADA Technologies,mySCADA myPRO,High,7.8,1,False,0.00733,CWE-428,1,Energy Food and Agriculture; Transportation Systems; Water and Wastewater,Czech Republic,True,True,False,False,False
ICSA-17-257-01,2017-09-14,2017,False,ICSA,LOYTEC electronics GmbH,LOYTEC LVIS-3ME,High,8.1,4,False,0.0351,CWE-23;CWE-79;CWE-331;CWE-522,4,Critical Manufacturing; Energy,Austria,True,True,False,False,False
ICSA-17-262-01,2017-09-19,2017,False,ICSA,PHOENIX CONTACT,PHOENIX CONTACT mGuard Device Manager,Critical,9.0,10,False,0.05034,CWE-284,1,Communications; Critical Manufacturing; Information Technology,Germany,False,False,False,False,False
ICSA-17-264-01,2017-09-21,2017,False,ICSA,Schneider Electric,"Schneider Electric InduSoft Web Studio, InTouch Machine Edition",Critical,9.8,1,False,0.05053,CWE-306,1,Critical Manufacturing; Energy; Healthcare and Public Health; Water and Wastewater,France,True,True,False,False,False
ICSA-17-264-02,2017-09-21,2017,False,ICSA,"Ctek, Inc.","Ctek, Inc. SkyRouter",High,8.6,1,False,0.02269,CWE-287,1,Commercial Facilities; Communications; Food and Agriculture; Transportation Systems; Water and Wastewater,United States,False,False,False,False,False
ICSA-17-264-03,2017-09-21,2017,False,ICSA,"Digium, Inc.",Digium Asterisk GUI,High,8.8,1,False,0.06447,CWE-78,1,Commercial Facilities; Communications; Critical Manufacturing,United States,False,False,False,False,False
ICSA-17-264-04,2017-09-21,2017,False,ICSA,iniNet Solutions GmbH,iniNet Solutions GmbH SCADA Webserver,Critical,10.0,1,False,0.02466,CWE-287,1,Critical Manufacturing,Switzerland,False,False,False,False,False
ICSA-17-271-01,2017-09-28,2017,False,ICSA,Siemens,"Siemens Ruggedcom ROS, SCALANCE (Update B)",High,8.8,1,False,0.00999,CWE-284,1,Energy; Healthcare and Public Health; Transportation Systems,Germany,True,True,False,False,False
ICSA-17-278-01,2017-10-05,2017,False,ICSA,GE,GE CIMPLICITY (Update A),Medium,6.8,1,False,0.0075,CWE-121,1,Chemical; Critical Manufacturing; Dams; Energy; Food and Agriculture; Government Facilities; Transportation Systems; Water and Wastewater,United States,True,True,False,False,False
ICSA-17-278-02,2017-10-05,2017,False,ICSA,Siemens,Siemens 7KT PAC1200 Data Manager,Critical,9.8,1,False,0.0298,CWE-288,1,Energy,Germany,True,True,False,False,False
ICSA-17-283-01,2017-10-10,2017,False,ICSA,LAVA Computer MFG Inc.,LAVA Computer MFG Inc. Ether-Serial Link,High,8.1,1,False,0.02602,CWE-290,1,Commercial Facilities; Critical Manufacturing,Canada,False,False,False,False,False
ICSA-17-283-02,2017-10-10,2017,False,ICSA,JanTek,JanTek JTC-200,Critical,9.8,2,False,0.02392,CWE-287;CWE-352,2,Critical Manufacturing,Taiwan,False,False,False,False,False
ICSA-17-285-01,2017-10-12,2017,False,ICSA,ProMinent,ProMinent MultiFLEX M10a Controller,High,8.8,5,False,0.01363,CWE-200;CWE-352;CWE-602;CWE-613;CWE-620,5,Water and Wastewater Systems,United States,False,False,False,False,False
ICSA-17-285-02,2017-10-12,2017,False,ICSA,WECON,"WECON Technology Co., Ltd. LeviStudio HMI Editor",High,7.5,1,False,0.02772,CWE-121,1,Critical Manufacturing; Energy; Water and Wastewater,China,True,True,False,False,False
ICSA-17-285-03,2017-10-12,2017,False,ICSA,Envitech Ltd.,Envitech Ltd. EnviDAS Ultimate,High,8.2,1,False,0.02302,CWE-287,1,Commercial Facilities; Communications; Water and Wastewater,Israel,False,False,False,False,False
ICSA-17-285-04,2017-10-12,2017,False,ICSA,NXP Semiconductors,NXP Semiconductors MQX RTOS (Update A),High,8.1,2,False,0.12785,CWE-120;CWE-125,2,Communications; Critical Manufacturing; Healthcare and Public Health; Transportation Systems,Netherlands,False,False,False,False,False
ICSA-17-285-05,2017-10-12,2017,False,ICSA,Siemens,Siemens BACnet Field Panels (Update A),High,7.5,2,False,0.24998,CWE-22;CWE-288,2,Commercial Facilities,Germany,False,False,False,False,False
ICSA-17-290-01,2017-10-17,2017,False,ICSA,Progea,Progea Movicon SCADA/HMI,Medium,6.8,2,False,0.00699,CWE-427;CWE-428,2,Critical Manufacturing; Energy; Food and Agriculture; Transportation Systems; Water and Wastewater,Italy,True,True,False,False,False
ICSA-17-292-01,2017-10-19,2017,False,ICSA,SpiderControl,SpiderControl MicroBrowser,High,8.8,1,False,0.01983,CWE-427,1,Critical Manufacturing,Switzerland,False,False,False,False,False
ICSA-17-299-01,2017-10-26,2017,False,ICSA,Korenix,Korenix JetNet,Critical,9.8,2,False,0.02848,CWE-321;CWE-798,2,Commercial Facilities; Critical Manufacturing ;Transportation,United States,False,False,False,False,False
ICSA-17-299-02,2017-10-26,2017,False,ICSA,Rockwell Automation,Rockwell Automation Stratix 5100 (Update A),Medium,6.9,1,False,0.04575,CWE-323,1,Critical Manufacturing; Energy; Water and Wastewater,United States,True,True,False,False,False
ICSA-17-304-01,2017-10-31,2017,False,ICSA,ABB,ABB FOX515T,Medium,6.2,1,False,0.00391,CWE-20,1,Communications,Switzerland,False,False,False,False,False
ICSA-17-304-02,2017-10-31,2017,False,ICSA,Trihedral Engineering Limited,Trihedral Engineering Limited VTScada,High,7.8,2,False,0.0093,CWE-284;CWE-427,2,Chemical; Communications; Critical Manufacturing; Energy; Food and Agriculture; Transportation Systems; Water and Wastewater,Canada,True,True,False,False,False
ICSA-17-306-01,2017-11-02,2017,False,ICSA,Siemens,Siemens SIMATIC PCS 7 (Update A),Medium,4.9,1,False,0.01923,CWE-20,1,Chemical; Energy; Food and Agriculture; Water and Wastewater,Germany,True,True,True,False,False
ICSA-17-306-02,2017-11-02,2017,False,ICSA,Advantech,Advantech WebAccess,High,7.3,2,False,0.16043,CWE-121;CWE-822,2,Critical Manufacturing; Energy; Water and Wastewater,Taiwan,True,True,False,False,False
ICSA-17-313-01,2017-11-09,2017,False,ICSA,AutomationDirect,"AutomationDirect CLICK, C-More, C-More Micro, Do-more Designer, GS Drives, SL-Soft SOLO, DirectSOFT (Update B)",Medium,6.7,1,False,0.01135,CWE-427,1,Commercial Facilities; Critical Manufacturing; Information Technology,United States,False,False,False,False,False
ICSA-17-313-02,2017-11-09,2017,False,ICSA,Schneider Electric,Schneider Electric InduSoft Web Studio and InTouch Machine Edition,Critical,9.8,1,False,0.05834,CWE-121,1,Commercial Facilities; Critical Manufacturing; Energy; Transportation Systems; Water and Wastewater,France,True,True,False,False,False
ICSA-17-318-01,2017-11-14,2017,False,ICSA,Siemens,"Siemens SCALANCE, SIMATIC, RUGGEDCOM, and SINAMICS Products (Update F)",Medium,6.8,10,False,0.04575,CWE-254,1,Chemical; Energy; Food and Agriculture; Healthcare and Public Health; Transportation Systems; Water and Wastewater,Germany,True,True,True,False,False
ICSA-17-318-02,2017-11-14,2017,False,ICSA,ABB,ABB TropOS (Update A),Medium,6.8,10,False,0.04575,CWE-254,1,Critical Manufacturing; Energy,Switzerland,True,True,False,False,False
ICSA-17-320-01,2017-11-16,2017,False,ICSA,Moxa,"Moxa NPort 5110, 5130, and 5150",High,8.6,3,False,0.02175,CWE-74;CWE-200;CWE-400,3,Critical Manufacturing; Dams; Energy; Transportation,Taiwan,True,True,False,False,False
ICSA-17-320-02,2017-11-16,2017,False,ICSA,Siemens,Siemens SICAM,Critical,9.8,3,False,0.05646,CWE-79;CWE-94;CWE-306,3,Energy,Germany,True,True,False,False,False
ICSA-17-325-01,2017-11-21,2017,False,ICSA,PHOENIX CONTACT,PHOENIX CONTACT WLAN Capable Devices using the WPA2 Protocol,Medium,6.8,3,False,0.02388,CWE-323,1,Communications; Critical Manufacturing; Information Technology,Germany,False,False,False,False,False
ICSA-17-332-01,2017-11-28,2017,False,ICSA,Siemens,"Siemens SCALANCE W1750D, M800, S615, and RUGGEDCOM RM1224 (Update C)",High,8.1,4,False,0.84925,CWE-119;CWE-400,2,Chemical; Energy; Food and Agriculture; Healthcare and Public Health; Transportation Systems; Water and Wastewater,Germany,True,True,False,False,False
ICSA-17-334-01,2017-11-30,2017,False,ICSA,Siemens,Siemens SWT3000,Medium,5.3,5,False,0.03002,CWE-20;CWE-287;CWE-288,3,Energy,Germany,True,True,False,False,False
ICSA-17-334-02,2017-11-30,2017,False,ICSA,GEOVAP,GEOVAP Reliance SCADA,Medium,6.1,1,False,0.00887,CWE-79,1,Critical Manufacturing; Energy; Transportation Systems; Water and Wastewater,Czech Republic,True,True,False,False,False
ICSA-17-339-01,2017-12-05,2017,False,ICSA,Siemens,Siemens Industrial Products (Update S),High,7.5,1,False,0.03315,CWE-20,1,Commercial Facilities; Critical Manufacturing; Energy; Food and Agriculture; Water and Wastewater,Germany,True,True,True,False,False
ICSA-17-341-01,2017-12-07,2017,False,ICSA,Xiongmai,Xiongmai Technology IP Cameras and DVRs,Critical,9.8,1,False,0.09216,CWE-121,1,Unknown,China,False,False,False,False,False
ICSA-17-341-02,2017-12-07,2017,False,ICSA,Rockwell Automation,Rockwell Automation FactoryTalk Alarms and Events,High,7.5,1,False,0.04217,CWE-20,1,Chemical; Critical Manufacturing; Food and Agriculture; Water and Wastewater,United States,False,False,False,False,False
ICSA-17-341-03,2017-12-07,2017,False,ICSA,PHOENIX CONTACT,"PHOENIX CONTACT FL COMSERVER, FL COM SERVER, and PSI-MODEM/ETH",High,8.2,1,False,0.02214,CWE-79,1,Communications; Critical Manufacturing; Information Technology,Germany,False,False,False,False,False
ICSA-17-353-01,2017-12-19,2017,False,ICSA,ABB,ABB Ellipse,Medium,6.5,1,False,0.0072,CWE-523,1,Critical Manufacturing; Energy,Switzerland,True,True,False,False,False
ICSA-17-353-02,2017-12-19,2017,False,ICSA,"PEPPERL+FUCHS, ecom instrument",PEPPERL+FUCHS/ecom instruments WLAN Capable Devices using the WPA2 Protocol,High,8.1,9,False,0.04575,CWE-323;CWE-330,2,Communications; Critical Manufacturing; Information Technology,Germany,False,False,False,False,False
ICSA-17-353-03,2017-12-19,2017,False,ICSA,Ecava,Ecava IntegraXor,Medium,5.3,2,False,0.01017,CWE-89,1,Critical Manufacturing; Energy; Water and Wastewater,Malaysia,True,True,False,False,False
ICSA-17-353-04,2017-12-19,2017,False,ICSA,Siemens,Siemens LOGO! Soft Comfort,Medium,5.9,1,False,0.00569,CWE-494,1,Commercial Facilities; Transportation Systems,Germany,False,False,False,False,False
ICSA-17-353-05,2017-12-19,2017,False,ICSA,WECON,"WECON Technology Co., Ltd. LeviStudio HMI Editor",High,7.3,1,False,0.01945,CWE-122,1,Critical Manufacturing; Energy; Water and Wastewater,China,True,True,False,False,False
ICSA-17-355-01,2017-12-21,2017,False,ICSA,Moxa,Moxa NPort W2150A and W2250A,Medium,6.5,1,False,0.01955,CWE-255,1,Critical Manufacturing; Energy; Transportation,Taiwan,True,True,False,False,False
ICSA-17-355-02,2017-12-21,2017,False,ICSA,Schneider Electric,Schneider Electric Pelco VideoXpert Enterprise,High,7.1,3,False,0.04612,CWE-22;CWE-284,2,Commercial Facilities,France,False,False,False,False,False
ICSA-18-004-01,2018-01-04,2018,True,ICSA,Delta Electronics,Delta Electronics Delta Industrial Automation Screen Editor,Medium,5.5,4,False,0.01768,CWE-121;CWE-416;CWE-787;CWE-843,4,Critical Manufacturing,Taiwan,False,False,False,False,False
ICSA-18-004-02,2018-01-04,2018,True,ICSA,Advantech,Advantech WebAccess (Update A),High,8.2,7,False,0.50321,CWE-20;CWE-22;CWE-89;CWE-121;CWE-416;CWE-434;CWE-822,7,Critical Manufacturing; Energy; Water and Wastewater,Taiwan,True,True,False,False,False
ICSA-18-009-01,2018-01-09,2018,True,ICSA,Rockwell Automation,Rockwell Automation Allen-Bradley MicroLogix 1400 Controllers,High,8.6,1,False,0.07145,CWE-120,1,Critical Manufacturing; Food and Agriculture; Water and Wastewater,United States,False,False,False,False,False
ICSA-18-011-01,2018-01-11,2018,True,ICSA,WECON,"WECON Technology Co., Ltd. LeviStudio HMI Editor",Medium,5.3,2,False,0.02292,CWE-121;CWE-122,2,Critical Manufacturing; Energy; Water and Wastewater,China,True,True,False,False,False
ICSA-18-011-02,2018-01-11,2018,True,ICSA,Moxa,Moxa MXview,High,7.8,1,False,0.0037,CWE-428,1,Critical Manufacturing; Energy; Transportation,Taiwan,True,True,False,False,False
ICSA-18-011-03,2018-01-11,2018,True,ICSA,PHOENIX CONTACT,PHOENIX CONTACT FL SWITCH,Critical,9.8,2,False,0.03111,CWE-200;CWE-285,2,Communications; Critical Manufacturing; Information Technology,Germany,False,False,False,False,False
ICSA-18-018-01,2018-01-18,2018,True,ICSA,Siemens,Siemens SIMATIC WinCC Add-On (Update A),Critical,9.8,8,False,0.04758,CWE-20;CWE-119;CWE-121;CWE-254;CWE-284,5,Chemical; Energy; Food and Agriculture; Water and Wastewater,Germany,True,True,True,False,False
ICSA-18-023-01,2018-01-23,2018,True,ICSA,Advantech,Advantech WebAccess/SCADA,Medium,5.3,2,False,0.01831,CWE-22;CWE-89,2,Critical Manufacturing; Energy; Water and Wastewater,Taiwan,True,True,False,False,False
ICSA-18-023-02,2018-01-23,2018,True,ICSA,Siemens,Siemens Industrial Products (Update A),Medium,6.5,1,False,0.01149,CWE-20,1,Chemical; Critical Manufacturing; Energy; Food and Agriculture; Water and Wastewater,Germany,True,True,True,False,False
ICSA-18-025-01,2018-01-25,2018,True,ICSA,Nari,Nari PCS-9611 (Update A),Critical,9.8,1,False,0.02414,CWE-20,1,Energy,China,False,True,False,False,False
ICSA-18-025-02,2018-01-25,2018,True,ICSA,Siemens,Siemens Desigo PXC (Update C),Critical,9.8,1,False,0.0333,CWE-287,1,Commercial Facilities,Germany,False,False,False,False,False
ICSA-18-030-01,2018-01-30,2018,True,ICSA,PHOENIX CONTACT,PHOENIX CONTACT mGuard,High,7.8,1,False,0.00283,CWE-354,1,Communications; Critical Manufacturing; Information Technology,Germany,False,False,False,False,False
ICSA-18-030-02,2018-01-30,2018,True,ICSA,Siemens,Siemens TeleControl Server Basic,High,8.8,3,False,0.02664,CWE-264;CWE-288;CWE-400,3,Critical Manufacturing,Germany,False,False,False,False,False
ICSA-18-032-01,2018-02-01,2018,True,ICSA,Fuji Electric,Fuji Electric V-Server VPR,High,8.6,1,False,0.03793,CWE-121,1,Critical Manufacturing,Japan,False,False,False,False,False
ICSA-18-032-02,2018-02-01,2018,True,ICSA,3S-Smart Software Solutions GmbH,3S-Smart Software Solutions GmbH CODESYS Web Server,Critical,9.8,1,False,0.03096,CWE-121,1,Critical Manufacturing; Energy,Germany,True,True,False,False,False
ICSA-18-032-03,2018-02-01,2018,True,ICSA,Gemalto,Gemalto Sentinel License Manager,Critical,9.9,7,False,0.04758,CWE-121;CWE-122;CWE-284;CWE-476,4,Communications; Financial Services; Government Facilities; Healthcare and Public Health; Information Technology,Netherlands,False,False,False,False,False
ICSA-18-044-01,2018-02-13,2018,True,ICSA,WAGO,WAGO PFC200 Series,Critical,9.8,1,False,0.02654,CWE-287,1,Commercial Facilities; Critical Manufacturing; Energy; Transportation Systems,Germany,True,True,False,False,False
ICSA-18-044-02,2018-02-13,2018,True,ICSA,Schneider Electric,Schneider Electric IGSS SCADA Software,High,7.0,1,False,0.00378,CWE-815,1,Commercial Facilities; Critical Manufacturing; Energy,France,True,True,False,False,False
ICSA-18-046-01,2018-02-15,2018,True,ICSA,Nortek,Nortek Linear eMerge E3 Series,Critical,9.8,1,False,0.04211,CWE-77,1,Commercial Facilities,Italy,False,False,False,False,False
ICSA-18-046-02,2018-02-15,2018,True,ICSA,GE,GE D60 Line Distance Relay,Critical,9.8,2,False,0.05894,CWE-119;CWE-121,2,Energy,United States,True,True,False,False,False
ICSA-18-046-03,2018-02-15,2018,True,ICSA,Schneider Electric,Schneider Electric IGSS Mobile,Medium,6.4,2,False,0.01151,CWE-256;CWE-295,2,Commercial Facilities; Critical Manufacturing; Energy,France,True,True,False,False,False
ICSA-18-046-04,2018-02-15,2018,True,ICSA,Schneider Electric,Schneider Electric StruxureOn Gateway,High,7.2,1,False,0.04839,CWE-434,1,Critical Manufacturing; Energy,France,True,True,False,False,False
ICSA-18-051-01,2018-02-20,2018,True,ICSA,ABB,ABB netCADOPS Web Application,Medium,5.8,1,False,0.01233,CWE-200,1,Critical Manufacturing; Energy,Switzerland,True,True,False,False,False
ICSA-18-058-01,2018-02-27,2018,True,ICSA,Siemens,Siemens SIMATIC Industrial PCs (Update A),Medium,5.9,1,False,0.09825,CWE-310,1,Chemical; Critical Manufacturing; Energy; Food and Agriculture; Water and Wastewater,Germany,True,True,True,False,False
ICSA-18-058-02,2018-02-27,2018,True,ICSA,Delta Electronics,Delta Electronics WPLSoft,High,8.3,3,False,0.02778,CWE-121;CWE-122;CWE-787,3,Commercial Facilities; Critical Manufacturing; Energy,Taiwan,True,True,False,False,False
ICSA-18-058-03,2018-02-27,2018,True,ICSA,Emerson,Emerson ControlWave Micro Process Automation Controller,High,7.5,1,False,0.02154,CWE-121,1,Energy; Water and Wastewater,United States,True,True,True,False,False
ICSA-18-060-01,2018-03-01,2018,True,ICSA,Siemens,"Siemens SIMATIC, SIMOTION, and SINUMERIK (Update A)",High,8.2,7,False,0.04407,CWE-121;CWE-264,2,Chemical; Critical Manufacturing; Energy; Food and Agriculture; Water and Wastewater,Germany,True,True,True,False,False
ICSA-18-060-02,2018-03-01,2018,True,ICSA,Moxa,Moxa OnCell G3100-HSPA Series,Critical,9.8,3,False,0.01561,CWE-130;CWE-476;CWE-565,3,Commercial Facilities; Critical Manufacturing; Transportation Systems,Taiwan,False,False,False,False,False
ICSA-18-060-03,2018-03-01,2018,True,ICSA,Delta Electronics,Delta Electronics Delta Industrial Automation DOPSoft,Medium,6.3,1,False,0.01698,CWE-121,1,Commercial Facilities; Communications; Critical Manufacturing; Energy; Healthcare and Public Health,Taiwan,True,True,False,False,False
ICSA-18-065-01,2018-03-06,2018,True,ICSA,Hirschmann Automation and Control GmbH,Hirschmann Automation and Control GmbH Classic Platform Switches,High,7.5,5,False,0.0284,CWE-307;CWE-319;CWE-326;CWE-384;CWE-598,5,Multiple Critical Sectors,United States,False,False,False,False,False
ICSA-18-065-02,2018-03-06,2018,True,ICSA,Schneider Electric,Schneider Electric SoMove Software and DTM Software Components,High,7.8,1,False,0.0282,CWE-427,1,Critical Manufacturing,France,False,False,False,False,False
ICSA-18-065-03,2018-03-06,2018,True,ICSA,Eaton,Eaton ELCSoft,Medium,6.3,1,False,0.0202,CWE-20,1,Energy,Ireland,True,True,False,False,False
ICSA-18-067-01,2018-03-08,2018,True,ICSA,Siemens,"Siemens SIPROTEC 4, SIPROTEC Compact, DIGSI 4, and EN100 Ethernet Module (Update D)",High,7.5,2,False,0.01777,CWE-306;CWE-326,2,Energy,Germany,True,True,False,False,False
ICSA-18-067-02,2018-03-08,2018,True,ICSA,Siemens,"Siemens SIPROTEC 4, SIPROTEC Compact, and Reyrolle Devices using the EN100 Ethernet Communication Module Extension (Update B)",High,7.5,1,False,0.01404,CWE-306,1,Energy,Germany,True,True,False,False,False
ICSA-18-072-01,2018-03-13,2018,True,ICSA,Omron,Omron CX-Supervisor (Update A),Medium,5.3,7,False,0.00357,CWE-121;CWE-122;CWE-415;CWE-416;CWE-787;CWE-822;CWE-824,7,Energy,Japan,True,True,False,False,False
ICSA-18-072-02,2018-03-13,2018,True,ICSA,OSIsoft,OSIsoft PI Data Archive,High,7.5,3,False,0.02062,CWE-20;CWE-276;CWE-502,3,Multiple Critical Sectors,United States,False,False,False,False,False
ICSA-18-072-03,2018-03-13,2018,True,ICSA,OSIsoft,OSIsoft PI Vision,Medium,6.1,2,False,0.01233,CWE-200;CWE-693,2,Multiple Critical Sectors,United States,False,False,False,False,False
ICSA-18-072-04,2018-03-13,2018,True,ICSA,OSIsoft,OSIsoft PI Web API,Critical,9.3,2,False,0.01848,CWE-79;CWE-264,2,Multiple Critical Sectors,United States,False,False,False,False,False
ICSA-18-079-01,2018-03-20,2018,True,ICSA,Geutebruck,Geutebruck IP Cameras,Critical,9.8,6,False,0.07623,CWE-79;CWE-89;CWE-284;CWE-287;CWE-352;CWE-918,6,Commercial Facilities; Energy; Financial Services,Germany,True,True,False,False,False
ICSA-18-079-02,2018-03-20,2018,True,ICSA,Siemens,"Siemens SIMATIC, SINUMERIK, and PROFINET IO (Update D)",Medium,5.3,1,False,0.00543,CWE-20,1,Chemical; Critical Manufacturing; Energy; Food and Agriculture; Water and Wastewater,Germany,True,True,True,False,False
ICSA-18-081-01,2018-03-22,2018,True,ICSA,Siemens,Siemens SIMATIC WinCC OA UI Mobile App,Medium,5.1,1,False,0.00424,CWE-284,1,Chemical; Energy; Food and Agriculture; Water and Wastewater,Germany,True,True,True,False,False
ICSA-18-081-02,2018-03-22,2018,True,ICSA,Beckhoff Automation,Beckhoff TwinCAT,High,7.8,1,False,0.00557,CWE-822,1,Critical Manufacturing; Energy; Water and Wastewater,Germany,True,True,False,False,False
ICSA-18-086-01,2018-03-27,2018,True,ICSA,Schneider Electric,"Schneider Electric Modicon Premium, Modicon Quantum, Modicon M340, and Modicon BMXNOR0200",Medium,5.9,3,False,0.03768,CWE-121;CWE-327;CWE-798,3,Critical Manufacturing,France,True,False,True,False,False
ICSA-18-088-01,2018-03-29,2018,True,ICSA,WAGO,WAGO 750 Series,Medium,5.3,1,False,0.03712,CWE-404,1,Commercial Facilities; Critical Manufacturing; Energy; Transportation Systems,Germany,True,True,False,False,False
ICSA-18-088-02,2018-03-29,2018,True,ICSA,Siemens,Siemens TIM 1531 IRC,Critical,9.8,1,False,0.04726,CWE-303,1,Chemical; Critical Manufacturing; Food and Agriculture,Germany,False,False,False,False,False
ICSA-18-088-03,2018-03-29,2018,True,ICSA,Siemens,"Siemens SIMATIC PCS 7, SIMATIC WinCC, SIMATIC WinCC Runtime Professional, and SIMATIC NET PC Software (Update G)",High,7.5,1,False,0.02437,CWE-20,1,Chemical; Energy; Food and Agriculture; Water and Wastewater,Germany,True,True,True,False,False
ICSA-18-093-01,2018-04-03,2018,True,ICSA,Siemens,Siemens Building Technologies Products (Update A),Critical,9.8,8,False,0.04758,CWE-119;CWE-121;CWE-122;CWE-254;CWE-284;CWE-476;CWE-776,7,Commercial Facilities,Germany,False,False,False,False,False
ICSA-18-095-01,2018-04-05,2018,True,ICSA,Rockwell Automation,Rockwell Automation MicroLogix,Critical,10.0,5,False,0.06113,CWE-287,1,Critical Manufacturing; Food and Agriculture; Water and Wastewater,United States,False,False,False,False,False
ICSA-18-095-02,2018-04-05,2018,True,ICSA,Moxa,Moxa MXview,High,7.5,1,False,0.01948,CWE-200,1,Critical Manufacturing; Energy; Transportation,Taiwan,True,True,False,False,False
ICSA-18-095-03,2018-04-05,2018,True,ICSA,LCDS - Leao Consultoria e Desenvolvimento de Sistemas Ltda ME,LCDS - Leao Consultoria e Desenvolvimento de Sistemas Ltda ME LAquis SCADA,High,7.0,1,False,0.00429,CWE-703,1,Chemical; Commercial Facilities; Energy; Food and Agriculture; Transportation Systems; Water and Wastewater,Brazil,False,True,False,False,False
ICSA-18-100-01,2018-04-10,2018,True,ICSA,ATI Systems,ATI Systems Emergency Mass Notification Systems,Medium,5.3,2,False,0.00578,CWE-287;CWE-311,2,Commercial Facilities; Defense Industrial Base; Emergency Services; Government Facilities; Nuclear Reactors Materials and Waste,United States,False,False,False,False,False
ICSA-18-100-02,2018-04-10,2018,True,ICSA,Omron,Omron CX-One,Medium,5.3,3,False,0.00333,CWE-121;CWE-122;CWE-843,3,Critical Manufacturing,Japan,False,False,False,False,False
ICSA-18-102-01,2018-04-12,2018,True,ICSA,Yokogawa,Yokogawa CENTUM and Exaopc,Medium,6.5,1,False,0.00294,CWE-264,1,Critical Manufacturing; Energy; Food and Agriculture,Japan,True,True,True,False,False
ICSA-18-102-02,2018-04-12,2018,True,ICSA,Rockwell Automation,Rockwell Automation FactoryTalk Activation Manager (Update B),Critical,9.8,2,False,0.28677,CWE-79;CWE-119,2,Chemical; Critical Manufacturing; Energy; Food and Agriculture; Water and Wastewater,United States,True,True,False,False,False
ICSA-18-107-01,2018-04-17,2018,True,ICSA,Schneider Electric,Schneider Electric InduSoft Web Studio and InTouch Machine Edition,Critical,9.8,1,False,0.08323,CWE-121,1,Commercial Facilities; Critical Manufacturing; Energy; Transportation Systems; Water and Wastewater,France,True,True,False,False,False
ICSA-18-107-02,2018-04-17,2018,True,ICSA,Schneider Electric,Schneider Electric Triconex Tricon (Update B),Critical,9.0,2,False,0.02246,CWE-119,1,Multiple Critical Sectors,France,False,False,False,False,False
ICSA-18-107-03,2018-04-17,2018,True,ICSA,Rockwell Automation,Rockwell Automation Stratix Services Router,Critical,9.8,3,True,0.14197,CWE-20;CWE-119;CWE-134,3,Critical Manufacturing; Energy; Water and Wastewater,United States,True,True,False,False,False
ICSA-18-107-04,2018-04-17,2018,True,ICSA,Rockwell Automation,Rockwell Automation Stratix and ArmorStratix Switches,Critical,9.8,8,True,0.99479,CWE-20;CWE-119;CWE-134;CWE-399,4,Critical Manufacturing; Energy; Water and Wastewater,United States,True,True,False,False,False
ICSA-18-107-05,2018-04-17,2018,True,ICSA,Rockwell Automation,Rockwell Automation Stratix Industrial Managed Ethernet Switch,Critical,9.8,8,True,0.99479,CWE-20;CWE-119;CWE-134;CWE-388;CWE-399,5,Critical Manufacturing; Energy; Water and Wastewater,United States,True,True,False,False,False
ICSA-18-109-01,2018-04-19,2018,True,ICSA,Siemens,Siemens SIMATIC WinCC OA Operator IOS App (Update A),Medium,4.0,1,False,0.00266,CWE-538,1,Chemical; Energy; Food and Agriculture; Water and Wastewater,Germany,True,True,True,False,False
ICSA-18-114-01,2018-04-24,2018,True,ICSA,Vecna,Vecna VGo Robot (Update A),High,8.8,5,False,0.02151,CWE-78;CWE-284;CWE-285;CWE-319;CWE-522,5,Communications,United States,False,False,False,False,False
ICSA-18-114-02,2018-04-24,2018,True,ICSA,Intel Corporation,Intel 2G Modem,High,8.2,1,False,0.01322,CWE-120,1,Information Technology,United States,False,False,False,False,False
ICSA-18-114-03,2018-04-24,2018,True,ICSA,Advantech,Advantech WebAccess HMI Designer,Medium,6.3,3,False,0.02216,CWE-122;CWE-415;CWE-787,3,Critical Manufacturing; Energy; Water and Wastewater,Taiwan,True,True,False,False,False
ICSA-18-116-01,2018-04-26,2018,True,ICSA,Delta Electronics,Delta Electronics PMSoft,High,7.1,1,False,0.00465,CWE-121,1,Critical Manufacturing,Taiwan,False,False,False,False,False
ICSA-18-116-02,2018-04-26,2018,True,ICSA,WECON,"WECON Technology Co., Ltd. LeviStudio HMI Editor and PI Studio HMI Project Programmer",Medium,5.9,1,False,0.00723,CWE-121,1,Critical Manufacturing; Energy; Water and Wastewater,China,True,True,False,False,False
ICSA-18-123-01,2018-05-03,2018,True,ICSA,Lantech,Lantech IDS 2102,Critical,9.8,2,False,0.05736,CWE-20;CWE-121,2,Critical Manufacturing; Dams,Taiwan,False,False,False,False,False
ICSA-18-128-01,2018-05-08,2018,True,ICSA,Siemens,Siemens Medium Voltage SINAMICS Products (Update A),High,7.5,2,False,0.03315,CWE-20,1,Chemical; Critical Manufacturing; Energy; Food and Agriculture; Water and Wastewater,Germany,True,True,False,False,False
ICSA-18-128-02,2018-05-08,2018,True,ICSA,Siemens,Siemens Siveillance VMS (Update A),High,8.1,1,False,0.04034,CWE-502,1,Commercial Facilities; Transportation Systems,Germany,False,False,False,False,False
ICSA-18-128-03,2018-05-08,2018,True,ICSA,Siemens,Siemens Siveillance VMS Video Mobile App,Medium,4.8,1,False,0.00724,CWE-295,1,Commercial Facilities,Germany,False,False,False,False,False
ICSA-18-130-01,2018-05-10,2018,True,ICSA,MatrikonOPC,MatrikonOPC Explorer,Medium,6.7,1,False,0.00388,CWE-552,1,Chemical; Energy,Canada,True,True,False,False,False
ICSA-18-130-02,2018-05-10,2018,True,ICSA,Rockwell Automation,Rockwell Automation Arena,Medium,5.5,1,False,0.02021,CWE-416,1,Critical Manufacturing,United States,False,False,False,False,False
ICSA-18-135-01,2018-05-15,2018,True,ICSA,Advantech,Advantech WebAccess,Critical,9.8,11,False,0.05679,CWE-22;CWE-73;CWE-89;CWE-121;CWE-122;CWE-264;CWE-269;CWE-346;CWE-548;CWE-822,10,Critical Manufacturing; Energy; Water and Wastewater,Taiwan,True,True,False,False,False
ICSA-18-137-01,2018-05-17,2018,True,ICSA,GE,"GE PACSystems CPE305/310, CPE330, CPE400, RSTi-EP CPE 100, CPU320/CRU320, RXi",High,7.5,1,False,0.0343,CWE-20,1,Critical Manufacturing,United States,False,False,False,False,False
ICSA-18-137-02,2018-05-17,2018,True,ICSA,PHOENIX CONTACT,PHOENIX CONTACT FL SWITCH 3xxx/4xxx/48xx Series,Critical,9.1,4,False,0.0456,CWE-77;CWE-121;CWE-200,3,Communications; Critical Manufacturing; Information Technology,Germany,False,False,False,False,False
ICSA-18-137-03,2018-05-17,2018,True,ICSA,Siemens,Siemens SIMATIC S7-400 CPU (Update A),High,7.5,1,False,0.02512,CWE-20,1,Chemical; Critical Manufacturing; Energy; Food and Agriculture; Water and Wastewater,Germany,True,True,True,False,False
ICSA-18-137-04,2018-05-17,2018,True,ICSA,Delta Electronics,Delta Electronics Delta Industrial Automation TPEditor (Update A),High,7.3,1,False,0.03868,CWE-122,1,Commercial Facilities; Communications; Critical Manufacturing; Energy; Healthcare and Public Health,Taiwan,True,True,False,False,False
ICSA-18-142-01,2018-05-22,2018,True,ICSA,Martem,Martem TELEM-GW6/GWM (Update B),Critical,10.0,4,False,0.03413,CWE-79;CWE-276;CWE-306;CWE-400,4,Energy,Estonia,False,True,False,False,False
ICSA-18-144-01,2018-05-24,2018,True,ICSA,Schneider Electric,Schneider Electric Floating License Manager,Critical,9.8,3,False,0.44505,CWE-119;CWE-122;CWE-601,3,Commercial Facilities; Energy; Food and Agriculture; Government Facilities; Transportation Systems; Water and Wastewater,France,True,True,True,False,False
ICSA-18-151-01,2018-05-31,2018,True,ICSA,Delta Electronics,Delta Industrial Automation DOPSoft,High,7.3,3,False,0.03531,CWE-121;CWE-122;CWE-125,3,Critical Manufacturing,Taiwan,False,False,False,False,False
ICSA-18-151-02,2018-05-31,2018,True,ICSA,GE,GE MDS PulseNET and MDS PulseNET Enterprise,High,7.3,3,False,0.18062,CWE-23;CWE-287;CWE-611,3,Energy; Water and Wastewater,United States,True,True,False,False,False
ICSA-18-151-03,2018-05-31,2018,True,ICSA,Yokogawa,Yokogawa STARDOM Controllers (Update A),Critical,9.8,5,False,0.06939,CWE-79;CWE-384;CWE-400;CWE-522;CWE-798,5,Critical Manufacturing; Energy; Food and Agriculture,Japan,True,True,False,False,False
ICSA-18-156-01,2018-06-05,2018,True,ICSA,ABB,ABB IP Gateway,Critical,9.8,3,False,0.02546,CWE-256;CWE-287;CWE-352,3,Energy,Switzerland,True,True,False,False,False
ICSA-18-158-01,2018-06-07,2018,True,ICSA,Rockwell Automation,Rockwell Automation RSLinx Classic and FactoryTalk Linx Gateway,High,8.8,1,False,0.02755,CWE-428,1,Critical Manufacturing; Energy; Water and Wastewater,United States,True,True,False,False,False
ICSA-18-163-01,2018-06-12,2018,True,ICSA,Schneider Electric,Schneider Electric U.motion Builder,Critical,10.0,4,False,0.02967,CWE-20;CWE-78;CWE-79;CWE-121,4,Commercial Facilities; Critical Manufacturing; Energy,France,True,True,False,False,False
ICSA-18-163-02,2018-06-12,2018,True,ICSA,Siemens,Siemens SCALANCE X Switches (Update B),Medium,5.8,2,False,0.01024,CWE-79,1,Chemical; Energy; Food and Agriculture; Healthcare and Public Health; Transportation Systems; Water and Wastewater,Germany,True,True,False,False,False
ICSA-18-165-01,2018-06-14,2018,True,ICSA,Siemens,"Siemens SCALANCE X Switches, RUGGEDCOM WiMAX, RFID 181-EIP, and SIMATIC RF182C (Update D)",High,7.5,1,False,0.00954,CWE-122,1,Chemical; Energy; Food and Agriculture; Healthcare and Public Health; Transportation Systems; Water and Wastewater,Germany,True,True,True,False,False
ICSA-18-172-01,2018-06-21,2018,True,ICSA,Delta Electronics,Delta Electronics Delta Industrial Automation COMMGR,High,7.3,1,False,0.68619,CWE-121,1,Commercial Facilities; Communications; Critical Manufacturing; Energy; Healthcare and Public Health,Taiwan,True,True,False,False,False
ICSA-18-172-02,2018-06-21,2018,True,ICSA,Rockwell Automation,Rockwell Automation Allen-Bradley CompactLogix and Compact GuardLogix (Update A),High,8.6,1,False,0.04392,CWE-20,1,Chemical; Critical Manufacturing; Food and Agriculture; Transportation Systems; Water and Wastewater,United States,True,False,True,False,False
ICSA-18-184-01,2018-07-03,2018,True,ICSA,Rockwell Automation,Rockwell Automation Allen-Bradley Stratix 5950,High,8.6,5,True,0.99913,CWE-20;CWE-29;CWE-39;CWE-295;CWE-399,5,Critical Manufacturing; Energy; Water and Wastewater,United States,True,True,False,False,False
ICSA-18-191-01,2018-07-10,2018,True,ICSA,Universal Robots,Universal Robots Robot Controllers,Critical,9.8,2,False,0.05141,CWE-306;CWE-798,2,Critical Manufacturing; Transportation Systems,Denmark,False,False,False,False,False
ICSA-18-191-02,2018-07-10,2018,True,ICSA,Schweitzer Engineering Laboratories,"Schweitzer Engineering Laboratories, Inc. Compass and AcSELerator Architect",High,8.2,3,False,0.07819,CWE-276;CWE-400;CWE-611,3,Energy,United States,True,True,False,False,False
ICSA-18-191-03,2018-07-10,2018,True,ICSA,Tridium,Tridium Niagara,High,7.4,2,False,0.0622,CWE-22;CWE-287,2,Critical Manufacturing,United States,False,False,False,False,False
ICSA-18-193-01,2018-07-12,2018,True,ICSA,Eaton,Eaton 9000X Drive,Medium,5.6,1,False,0.06838,CWE-121,1,Energy,Ireland,True,True,False,False,False
ICSA-18-198-01,2018-07-17,2018,True,ICSA,ABB,ABB Panel Builder 800,High,7.0,1,False,0.01209,CWE-20,1,Chemical; Critical Manufacturing; Dams; Energy; Food and Agriculture; Water and Wastewater,Switzerland,True,True,False,False,False
ICSA-18-198-02,2018-07-17,2018,True,ICSA,WAGO,WAGO e!DISPLAY Web-Based-Management,High,8.0,3,False,0.3014,CWE-79;CWE-434;CWE-732,3,Commercial Facilities; Critical Manufacturing; Energy; Transportation Systems,Germany,True,True,False,False,False
ICSA-18-198-03,2018-07-17,2018,True,ICSA,PEPPERL+FUCHS,"PEPPERL+FUCHS VisuNet RM, VisuNet PC, and Box Thin Client",High,7.5,1,False,0.8197,CWE-287,1,Communications; Critical Manufacturing; Information Technology,Germany,False,False,False,False,False
ICSA-18-200-01,2018-07-19,2018,True,ICSA,AVEVA,AVEVA InduSoft Web Studio and InTouch Machine Edition,Critical,9.8,1,False,0.04252,CWE-121,1,Commercial Facilities; Critical Manufacturing; Energy; Transportation Systems; Water and Wastewater,United Kingdom,True,True,False,False,False
ICSA-18-200-02,2018-07-19,2018,True,ICSA,AVEVA,AVEVA InTouch,Critical,9.8,1,False,0.05427,CWE-121,1,Chemical; Critical Manufacturing; Energy; Food and Agriculture; Water and Wastewater,United Kingdom,True,True,False,False,False
ICSA-18-200-03,2018-07-19,2018,True,ICSA,Echelon,"Echelon SmartServer 1, SmartServer 2, SmartServer 3, i.LON 100, i.LON 600 (Update A)",Critical,9.8,4,False,0.01592,CWE-200;CWE-256;CWE-288;CWE-319,4,Commercial Facilities; Critical Manufacturing; Information Technology,United States,False,False,False,False,False
ICSA-18-200-04,2018-07-19,2018,True,ICSA,Moxa,Moxa NPort 5210 5230 5232,High,7.5,1,False,0.02177,CWE-400,1,Critical Manufacturing; Energy; Transportation,Taiwan,True,True,False,False,False
ICSA-18-212-01,2018-07-31,2018,True,ICSA,Davolink,Davolink DVW-3200N,Critical,9.8,1,False,0.10123,CWE-916,1,Information Technology,South Korea,False,False,False,False,False
ICSA-18-212-02,2018-07-31,2018,True,ICSA,Johnson Controls Inc.,Johnson Controls Metasys and BCPro,Medium,4.3,1,False,0.00877,CWE-209,1,Critical Manufacturing,United States,False,False,False,False,False
ICSA-18-212-03,2018-07-31,2018,True,ICSA,WECON,WECON LeviStudioU (Update A),High,8.8,4,False,0.01947,CWE-121;CWE-122;CWE-611;CWE-787,4,Critical Manufacturing; Energy; Water and Wastewater,China,True,True,False,False,False
ICSA-18-212-04,2018-07-31,2018,True,ICSA,AVEVA,AVEVA InTouch Access Anywhere,Medium,6.1,1,False,0.29726,CWE-79,1,Chemical; Critical Manufacturing; Energy; Food and Agriculture; Water and Wastewater,United Kingdom,True,True,False,False,False
ICSA-18-212-05,2018-07-31,2018,True,ICSA,AVEVA,AVEVA Wonderware License Server,Critical,9.8,1,False,0.28677,CWE-119,1,Chemical; Critical Manufacturing; Energy; Food and Agriculture; Water and Wastewater,United Kingdom,True,True,False,False,False
ICSA-18-219-01,2018-08-07,2018,True,ICSA,Delta Electronics,Delta Electronics CNCSoft and ScreenEditor,High,8.8,2,False,0.09536,CWE-121;CWE-125,2,Critical Manufacturing,Taiwan,False,False,False,False,False
ICSA-18-221-01,2018-08-09,2018,True,ICSA,Crestron,Crestron TSW-X60 and MC3,Critical,9.8,4,False,0.10912,CWE-78;CWE-284;CWE-522,3,Commercial Facilities; Government Facilities,United States,False,False,False,False,False
ICSA-18-221-02,2018-08-09,2018,True,ICSA,NetComm Wireless,NetComm Wireless 4G LTE Light Industrial M2M Router,Critical,9.8,4,False,0.02214,CWE-79;CWE-200;CWE-352;CWE-548,4,Communications,Australia,False,False,False,False,False
ICSA-18-226-01,2018-08-14,2018,True,ICSA,Siemens,Siemens SIMATIC STEP 7 and SIMATIC WinCC (Update A),High,8.6,2,False,0.00443,CWE-276,1,Chemical; Energy; Food and Agriculture; Water and Wastewater,Germany,True,True,True,False,False
ICSA-18-226-02,2018-08-14,2018,True,ICSA,Siemens,Siemens OpenSSL Vulnerability in Industrial Products (Update E),Medium,5.9,1,False,0.78675,CWE-319,1,Chemical; Critical Manufacturing; Energy; Food and Agriculture; Water and Wastewater,Germany,True,True,True,False,False
ICSA-18-226-03,2018-08-14,2018,True,ICSA,Siemens,Siemens Automation License Manager,High,8.8,2,False,0.05306,CWE-20;CWE-23,2,Chemical; Energy; Food and Agriculture; Water and Wastewater,Germany,True,True,False,False,False
ICSA-18-228-01,2018-08-16,2018,True,ICSA,Emerson,Emerson DeltaV DCS Workstations,Critical,9.6,4,False,0.02185,CWE-23;CWE-121;CWE-269;CWE-427,4,Chemical; Energy,United States,True,True,True,False,False
ICSA-18-233-01,2018-08-21,2018,True,ICSA,Yokogawa,"Yokogawa iDefine, STARDOM, ASTPLANNER, and TriFellows",High,8.6,1,False,0.03972,CWE-121,1,Critical Manufacturing; Energy; Food and Agriculture,Japan,True,True,True,False,False
ICSA-18-240-01,2018-08-28,2018,True,ICSA,Schneider Electric,Schneider Electric Modicon M221,High,7.7,3,False,0.02478,CWE-199;CWE-264,2,Commercial Facilities,France,True,False,True,False,False
ICSA-18-240-02,2018-08-28,2018,True,ICSA,Schneider Electric,Schneider Electric Modicon M221,Medium,4.8,1,False,0.02797,CWE-754,1,Commercial Facilities,France,True,False,True,False,False
ICSA-18-240-03,2018-08-28,2018,True,ICSA,Schneider Electric,Schneider Electric PowerLogic PM5560,High,8.2,1,False,0.02323,CWE-79,1,Energy,France,True,True,False,False,False
ICSA-18-240-04,2018-08-28,2018,True,ICSA,ABB,ABB eSOMS (Update A),Critical,9.8,1,False,0.04807,CWE-287,1,Chemical; Defense Industrial Base; Energy,Switzerland,True,True,False,False,False
ICSA-18-242-01,2018-08-30,2018,True,ICSA,Philips,Philips e-Alert Unit,Critical,9.8,9,False,0.03834,CWE-20;CWE-79;CWE-200;CWE-276;CWE-319;CWE-352;CWE-384;CWE-400;CWE-798,9,Healthcare and Public Health,Netherlands,False,False,False,False,False
ICSA-18-247-01,2018-09-04,2018,True,ICSA,Opto 22,Opto 22 PAC Control Basic and PAC Control Professional,High,8.4,1,False,0.03129,CWE-121,1,Multiple Critical Sectors,United States,False,False,False,False,False
ICSA-18-249-01,2018-09-06,2018,True,ICSA,Ice Qube,Ice Qube Thermal Management Center,High,8.6,2,False,0.02428,CWE-256;CWE-287,2,Commercial Facilities; Critical Manufacturing; Energy,United States,True,True,False,False,False
ICSA-18-254-01,2018-09-11,2018,False,ICSA,Fuji Electric,Fuji Electric V-Server,High,7.3,7,False,0.0395,CWE-121;CWE-122;CWE-125;CWE-191;CWE-416;CWE-787;CWE-822,7,Critical Manufacturing,Japan,False,False,False,False,False
ICSA-18-254-02,2018-09-11,2018,False,ICSA,Fuji Electric,Fuji Electric V-Server Lite,High,7.8,1,False,0.01849,CWE-120,1,Critical Manufacturing,Japan,False,False,False,False,False
ICSA-18-254-03,2018-09-11,2018,False,ICSA,Siemens,Siemens TD Keypad Designer,High,7.3,1,False,0.01439,CWE-427,1,Chemical; Energy; Food and Agriculture; Water and Wastewater,Germany,True,True,False,False,False
ICSA-18-254-04,2018-09-11,2018,False,ICSA,Siemens,Siemens SIMATIC WinCC OA,Critical,9.1,1,False,0.02252,CWE-284,1,Chemical; Energy; Food and Agriculture; Water and Wastewater,Germany,True,True,True,False,False
ICSA-18-254-05,2018-09-11,2018,False,ICSA,Siemens,Siemens SCALANCE X Switches,High,8.6,1,False,0.0418,CWE-20,1,Chemical; Energy; Food and Agriculture; Water and Wastewater,Germany,True,True,False,False,False
ICSA-18-256-01,2018-09-13,2018,False,ICSA,Honeywell,Honeywell Mobile Computers with Android Operating Systems,High,7.6,1,False,0.00791,CWE-269,1,Commercial Facilities; Critical Manufacturing; Energy; Healthcare and Public Health,United States,True,True,False,False,False
ICSA-18-261-01,2018-09-18,2018,False,ICSA,WECON,WECON PLC Editor,Medium,6.3,1,False,0.01347,CWE-121,1,Critical Manufacturing; Energy; Water and Wastewater,China,True,True,False,False,False
ICSA-18-263-01,2018-09-20,2018,False,ICSA,Tec4Data,Tec4Data SmartCooler,High,7.5,1,False,0.01133,CWE-306,1,Commercial Facilities,Austria,False,False,False,False,False
ICSA-18-263-02,2018-09-20,2018,False,ICSA,Rockwell Automation,Rockwell Automation RSLinx Classic,Critical,10.0,3,False,0.16092,CWE-121;CWE-122;CWE-400,3,Critical Manufacturing; Energy; Water and Wastewater,United States,True,True,False,False,False
ICSA-18-270-01,2018-09-27,2018,False,ICSA,Emerson,Emerson AMS Device Manager,Critical,10.0,2,False,0.03515,CWE-269;CWE-284,2,Chemical; Energy,United States,True,True,False,False,False
ICSA-18-270-02,2018-09-27,2018,False,ICSA,Fuji Electric,Fuji Electric Alpha5 Smart Loader (Update A),Critical,9.8,2,False,0.01933,CWE-120;CWE-122,2,Commercial Facilities; Critical Manufacturing,Japan,False,False,False,False,False
ICSA-18-270-03,2018-09-27,2018,False,ICSA,Fuji Electric,Fuji Electric FRENIC Devices (Update A),Critical,9.8,3,False,0.05376,CWE-121;CWE-125;CWE-126,3,Commercial Facilities,Japan,False,False,False,False,False
ICSA-18-270-04,2018-09-27,2018,False,ICSA,Delta Electronics,Delta Electronics Delta Industrial Automation PMSoft,Medium,4.3,1,False,0.01997,CWE-125,1,Critical Manufacturing,Taiwan,False,False,False,False,False
ICSA-18-275-01,2018-10-02,2018,False,ICSA,Delta Electronics,Delta Electronics ISPSoft,Medium,5.3,1,False,0.01627,CWE-121,1,Critical Manufacturing,Taiwan,False,False,False,False,False
ICSA-18-275-02,2018-10-02,2018,False,ICSA,GE,GE Communicator,High,7.6,1,False,0.0099,CWE-122,1,Critical Manufacturing; Energy,United States,True,True,False,False,False
ICSA-18-275-03,2018-10-02,2018,False,ICSA,Entes,Entes EMG 12,Critical,9.8,2,False,0.07744,CWE-287;CWE-598,2,Critical Manufacturing; Energy,Turkey,True,True,False,False,False
ICSA-18-277-01,2018-10-04,2018,False,ICSA,WECON,WECON PI Studio (Update A),Critical,9.8,4,False,0.03494,CWE-121;CWE-125;CWE-611;CWE-787,4,Critical Manufacturing; Energy; Water and Wastewater,China,True,True,False,False,False
ICSA-18-282-01,2018-10-09,2018,False,ICSA,GE,GE iFix,Medium,5.3,1,False,0.00304,CWE-623,1,Multiple Critical Sectors,United States,False,False,False,False,False
ICSA-18-282-02,2018-10-09,2018,False,ICSA,Siemens,Siemens SCALANCE W1750D,Medium,5.9,1,False,0.24922,CWE-310,1,Chemical; Energy; Food and Agriculture; Healthcare and Public Health; Transportation Systems; Water and Wastewater,Germany,True,True,False,False,False
ICSA-18-282-03,2018-10-09,2018,False,ICSA,Siemens,Siemens ROX II,High,8.8,2,False,0.03574,CWE-269,1,Energy; Healthcare and Public Health; Transportation Systems,Germany,True,True,False,False,False
ICSA-18-282-04,2018-10-09,2018,False,ICSA,Siemens,Siemens SIMATIC S7-1200 CPU Family Version 4,High,7.5,1,False,0.00626,CWE-352,1,Chemical; Energy; Food and Agriculture; Healthcare and Public Health; Transportation Systems; Water and Wastewater,Germany,True,True,True,False,False
ICSA-18-282-05,2018-10-09,2018,False,ICSA,Siemens,"Siemens SIMATIC S7-1500, SIMATIC S7-1500 Software Controller and SIMATIC ET 200SP OpenController (Update A)",Medium,5.3,1,False,0.01533,CWE-20,1,Chemical; Critical Manufacturing; Energy; Food and Agriculture; Water and Wastewater,Germany,True,True,True,False,False
ICSA-18-282-06,2018-10-09,2018,False,ICSA,"Hangzhou Xiongmai Technology Co., Ltd","Hangzhou Xiongmai Technology Co., Ltd XMeye P2P Cloud Server",High,8.1,3,False,0.01251,CWE-311;CWE-341;CWE-912,3,Multiple Critical Sectors,China,False,False,False,False,False
ICSA-18-282-07,2018-10-09,2018,False,ICSA,Fuji Electric,Fuji Electric Energy Savings Estimator,High,7.3,1,False,0.01102,CWE-427,1,Critical Manufacturing; Energy,Japan,True,True,False,False,False
ICSA-18-284-01,2018-10-11,2018,False,ICSA,NUUO,NUUO NVRmini2 and NVRsolo,Critical,10.0,2,False,0.15106,CWE-121;CWE-489,2,Commercial Facilities; Financial Services; Government Facilities; Healthcare and Public Health; Transportation Systems,Taiwan,False,False,False,False,False
ICSA-18-284-02,2018-10-11,2018,False,ICSA,NUUO,NUUO CMS (Update A),Critical,9.8,7,False,0.60791,CWE-22;CWE-89;CWE-330;CWE-434;CWE-477;CWE-732;CWE-798,7,Commercial Facilities; Financial Services; Government Facilities; Healthcare and Public Health; Transportation Systems,Taiwan,False,False,False,False,False
ICSA-18-284-03,2018-10-11,2018,False,ICSA,Delta Electronics,Delta Industrial Automation TPEditor,Medium,6.6,2,False,0.0211,CWE-121;CWE-787,2,Critical Manufacturing,Taiwan,False,False,False,False,False
ICSA-18-289-01,2018-10-16,2018,False,ICSA,LCDS - Leao Consultoria e Desenvolvimento de Sistemas Ltda ME,LCDS - Leao Consultoria e Desenvolvimento de Sistemas Ltda ME LAquis SCADA,High,7.8,6,False,0.08063,CWE-22;CWE-121;CWE-125;CWE-680;CWE-787;CWE-822,6,Chemical; Commercial Facilities; Energy; Food and Agriculture; Transportation Systems; Water and Wastewater,Brazil,False,True,False,False,False
ICSA-18-290-01,2018-10-17,2018,False,ICSA,Omron,Omron CX-Supervisor (Update A),High,7.0,4,False,0.01627,CWE-119;CWE-125;CWE-416;CWE-704,4,Energy,Japan,True,True,False,False,False
ICSA-18-296-01,2018-10-23,2018,False,ICSA,Advantech,Advantech WebAccess,Critical,9.8,4,False,0.04779,CWE-22;CWE-73;CWE-121;CWE-269,4,Critical Manufacturing; Energy; Water and Wastewater,Taiwan,True,True,False,False,False
ICSA-18-296-02,2018-10-23,2018,False,ICSA,GAIN Electronic Co. Ltd,GAIN Electronic Co. Ltd SAGA1-L Series,High,8.3,3,False,0.01563,CWE-284;CWE-287;CWE-294,3,Communications,Taiwan,False,False,False,False,False
ICSA-18-296-03,2018-10-23,2018,False,ICSA,Telecrane,Telecrane F25 Series,High,7.6,1,False,0.00663,CWE-294,1,Multiple Critical Sectors,Taiwan,False,False,False,False,False
ICSA-18-298-01,2018-10-25,2018,False,ICSA,GEOVAP,GEOVAP Reliance 4 SCADA/HMI,Medium,6.1,1,False,0.00852,CWE-79,1,Critical Manufacturing; Energy; Transportation Systems; Water and Wastewater,Czech Republic,True,True,False,False,False
ICSA-18-298-02,2018-10-25,2018,False,ICSA,Advantech,Advantech WebAccess,High,8.4,2,False,0.05219,CWE-121;CWE-284,2,Critical Manufacturing; Energy; Water and Wastewater,Taiwan,True,True,False,False,False
ICSA-18-303-01,2018-10-30,2018,False,ICSA,PEPPERL+FUCHS,PEPPERL+FUCHS CT50-Ex,High,7.6,1,False,0.00791,CWE-269,1,Communications; Critical Manufacturing; Information Technology,Germany,False,False,False,False,False
ICSA-18-305-01,2018-11-01,2018,False,ICSA,AVEVA,AVEVA InduSoft Web Studio and InTouch Edge HMI (formerly InTouch Machine Edition),Critical,9.8,2,False,0.04567,CWE-121;CWE-258,2,Commercial Facilities; Critical Manufacturing; Energy; Transportation Systems; Water and Wastewater,United Kingdom,True,True,False,False,False
ICSA-18-305-02,2018-11-01,2018,False,ICSA,Schneider Electric,Schneider Electric Software Update (SESU) (Update A),High,7.8,1,False,0.02794,CWE-427,1,Commercial Facilities; Critical Manufacturing; Energy,France,True,True,False,False,False
ICSA-18-305-03,2018-11-01,2018,False,ICSA,Circontrol,Circontrol CirCarLife,Critical,10.0,2,False,0.03805,CWE-288;CWE-522,2,Transportation Systems,Spain,False,False,False,False,False
ICSA-18-305-04,2018-11-01,2018,False,ICSA,Fr. Sauter AG,Fr. Sauter AG CASE Suite,High,7.5,1,False,0.01647,CWE-611,1,Critical Manufacturing,Switzerland,False,False,False,False,False
ICSA-18-310-01,2018-11-06,2018,False,ICSA,gpsd Open Source Project,gpsd Open Source Project,High,8.3,1,False,0.02656,CWE-121,1,Communications; Defense Industrial Base; Emergency Services; Transportation Systems,Open-source,False,False,False,False,False
ICSA-18-310-02,2018-11-06,2018,False,ICSA,Rockwell Automation,Rockwell Automation MicroLogix 1400 Controllers and 1756 ControlLogix Communications Modules,High,8.6,1,False,0.04335,CWE-306,1,Critical Manufacturing; Food and Agriculture; Transportation Systems; Water and Wastewater,United States,True,False,True,False,False
ICSA-18-317-01,2018-11-13,2018,False,ICSA,Siemens,"Siemens IEC 61850 System Configurator, DIGSI 5, DIGSI 4, SICAM PAS/PQS, SICAM PQ Analyzer, and SICAM SCC",Medium,4.2,1,False,0.01841,CWE-284,1,Chemical; Critical Manufacturing; Energy; Food and Agriculture; Water and Wastewater,Germany,True,True,False,False,False
ICSA-18-317-02,2018-11-13,2018,False,ICSA,Siemens,Siemens S7-400 CPUs (Update A),High,8.2,1,False,0.01545,CWE-20,1,Chemical; Critical Manufacturing; Energy; Food and Agriculture; Healthcare and Public Health; Transportation Systems,Germany,True,True,True,False,False
ICSA-18-317-03,2018-11-13,2018,False,ICSA,Siemens,Siemens SIMATIC Panels and SIMATIC WinCC (TIA Portal),Medium,4.3,1,False,0.01684,CWE-94,1,Chemical; Energy; Food and Agriculture; Water and Wastewater,Germany,True,True,True,False,False
ICSA-18-317-04,2018-11-13,2018,False,ICSA,Siemens,Siemens SCALANCE S,Medium,4.7,1,False,0.00689,CWE-79,1,Chemical; Communications; Critical Manufacturing; Dams; Defense Industrial Base; Energy; Food and Agriculture; Government Facilities; Transportation Systems; Water and Wastewater,Germany,True,True,False,False,False
ICSA-18-317-05,2018-11-13,2018,False,ICSA,Siemens,Siemens SIMATIC S7 (Update A),Medium,5.3,1,False,0.01799,CWE-400,1,Chemical; Critical Manufacturing; Energy; Food and Agriculture; Water and Wastewater,Germany,True,True,True,False,False
ICSA-18-317-06,2018-11-13,2018,False,ICSA,Siemens,Siemens SIMATIC STEP 7 (TIA Portal),Medium,4.0,1,False,0.0024,CWE-256,1,Chemical; Critical Manufacturing; Energy; Food and Agriculture; Water and Wastewater,Germany,True,True,True,False,False
ICSA-18-317-07,2018-11-13,2018,False,ICSA,Siemens,Siemens SIMATIC IT Production Suite,High,7.7,1,False,0.02656,CWE-287,1,Chemical; Critical Manufacturing; Energy; Food and Agriculture; Water and Wastewater,Germany,True,True,True,False,False
ICSA-18-317-08,2018-11-13,2018,False,ICSA,Siemens,Siemens SIMATIC Panels,High,7.5,2,False,0.03572,CWE-22;CWE-601,2,Chemical; Critical Manufacturing; Energy; Food and Agriculture; Healthcare and Public Health; Transportation Systems,Germany,True,True,True,False,False
ICSA-18-324-01,2018-11-20,2018,False,ICSA,Teledyne DALSA,Teledyne DALSA Sherlock,High,7.3,1,False,0.0726,CWE-121,1,Critical Manufacturing,Canada,False,False,False,False,False
ICSA-18-324-02,2018-11-20,2018,False,ICSA,Schneider Electric,Schneider Electric Modicon M221,High,8.2,1,False,0.00655,CWE-345,1,Commercial Facilities,France,True,False,True,False,False
ICSA-18-331-01,2018-11-27,2018,False,ICSA,AVEVA,AVEVA Vijeo Citect and Citect SCADA,High,7.8,1,False,0.02794,CWE-427,1,Commercial Facilities; Critical Manufacturing; Energy,United Kingdom,True,True,False,False,False
ICSA-18-331-02,2018-11-27,2018,False,ICSA,Rockwell Automation,Rockwell Automation FactoryTalk Services Platform,High,7.5,1,False,0.03866,CWE-122,1,Food and Agriculture; Transportation Systems; Water and Wastewater,United States,False,False,False,False,False
ICSA-18-333-01,2018-11-29,2018,False,ICSA,INVT Electric,INVT Electric VT-Designer,Medium,6.3,2,False,0.03199,CWE-122;CWE-502,2,Commercial Facilities; Critical Manufacturing; Energy; Information Technology; Transportation Systems,China,True,True,False,False,False
ICSA-18-333-02,2018-11-29,2018,False,ICSA,Tridium,"Tridium Niagara Enterprise Security, Niagara AX, and Niagara 4",Medium,5.7,1,False,0.00973,CWE-79,1,Commercial Facilities; Critical Manufacturing; Government Facilities; Information Technology,United States,False,False,False,False,False
ICSA-18-338-01,2018-12-04,2018,False,ICSA,Omron,Omron CX-One,Medium,6.6,1,False,0.01754,CWE-121;CWE-416,2,Critical Manufacturing,Japan,False,False,False,False,False
ICSA-18-338-02,2018-12-04,2018,False,ICSA,SpiderControl,SpiderControl SCADA WebServer,Medium,6.1,1,False,0.00852,CWE-79,1,Critical Manufacturing,Switzerland,False,False,False,False,False
ICSA-18-340-01,2018-12-06,2018,False,ICSA,GE,GE Proficy GDS,High,8.2,1,False,0.02691,CWE-611,1,Chemical; Critical Manufacturing; Dams; Energy; Food and Agriculture; Government Facilities; Transportation Systems; Water and Wastewater,United States,True,True,False,False,False
ICSA-18-345-01,2018-12-11,2018,False,ICSA,Siemens,Siemens SINAMICS PERFECT HARMONY GH180,High,7.1,1,False,0.00262,CWE-284,1,Chemical; Energy; Food and Agriculture; Healthcare and Public Health; Transportation Systems; Water and Wastewater,United States,True,True,False,False,False
ICSA-18-345-02,2018-12-11,2018,False,ICSA,Siemens,Siemens SINUMERIK Controllers (Update A),Critical,10.0,10,False,0.04593,CWE-121;CWE-122;CWE-190;CWE-248;CWE-264;CWE-693,6,Critical Manufacturing,Germany,False,False,False,False,False
ICSA-18-347-01,2018-12-13,2018,False,ICSA,Schneider Electric,Schneider Electric GUIcon Eurotherm,High,7.8,3,False,0.01233,CWE-121;CWE-843,2,Critical Manufacturing,France,False,False,False,False,False
ICSA-18-347-02,2018-12-13,2018,False,ICSA,Siemens,Siemens EN100 Ethernet Communication Module and SIPROTEC 5 Relays (Update A),High,7.5,2,False,0.02389,CWE-20,1,Energy,Germany,True,True,False,False,False
ICSA-18-347-03,2018-12-13,2018,False,ICSA,Geutebruck,Geutebruck GmbH E2 Series IP Cameras,High,7.2,1,False,0.03882,CWE-78,1,Commercial Facilities; Energy; Financial Services; Healthcare and Public Health,Germany,True,True,False,False,False
ICSA-18-347-04,2018-12-13,2018,False,ICSA,GE,"GE Mark VIe, EX2100e, EX2100e_Reg, and LS2100e",High,7.4,1,False,0.02562,CWE-22,1,Energy,United States,True,True,False,False,False
ICSA-18-352-01,2018-12-18,2018,False,ICSA,ABB,ABB GATE-E2,Critical,9.8,2,False,0.02646,CWE-79;CWE-306,2,Critical Manufacturing,Switzerland,False,False,False,False,False
ICSA-18-352-02,2018-12-18,2018,False,ICSA,Advantech,Advantech WebAccess/SCADA,High,7.3,1,False,0.02309,CWE-20,1,Critical Manufacturing; Energy; Water and Wastewater,Taiwan,True,True,False,False,False
ICSA-18-352-03,2018-12-18,2018,False,ICSA,3S-Smart Software Solutions GmbH,3S-Smart Software Solutions GmbH CODESYS Control V3 Products,Critical,9.8,1,False,0.01257,CWE-284,1,Critical Manufacturing; Energy,Germany,True,True,False,False,False
ICSA-18-352-04,2018-12-18,2018,False,ICSA,3S-Smart Software Solutions GmbH,3S-Smart Software Solutions GmbH CODESYS V3 Products,Critical,9.4,2,False,0.03042,CWE-330;CWE-923,2,Critical Manufacturing,Germany,False,False,False,False,False
ICSA-18-352-05,2018-12-18,2018,False,ICSA,Siemens,Siemens TIM 1531 IRC Modules,Critical,10.0,1,False,0.02796,CWE-306,1,Chemical; Critical Manufacturing; Energy; Food and Agriculture; Water and Wastewater,Germany,True,True,True,False,False
ICSA-18-352-06,2018-12-18,2018,False,ICSA,ABB,ABB CMS-770,High,8.8,1,False,0.00766,CWE-287,1,Multiple Critical Sectors,Switzerland,False,False,False,False,False
ICSA-18-352-07,2018-12-18,2018,False,ICSA,ABB,ABB M2M ETHERNET,Medium,6.3,1,False,0.00787,CWE-287,1,Multiple Critical Sectors,Switzerland,False,False,False,False,False
ICSA-18-354-01,2018-12-20,2018,False,ICSA,Horner Automation,Horner Automation Cscape,Medium,6.6,1,False,0.0167,CWE-20,1,Critical Manufacturing,United States,False,False,False,False,False
ICSA-18-354-02,2018-12-20,2018,False,ICSA,Schneider Electric,Schneider Electric EcoStruxure,High,7.4,1,False,0.00755,CWE-601,1,Commercial Facilities; Energy; Food and Agriculture; Government Facilities; Transportation Systems; Water and Wastewater,France,True,True,False,False,False
ICSA-19-003-01,2019-01-03,2019,True,ICSA,Schneider Electric,Schneider Electric Pro-face GP-Pro EX,Critical,9.0,1,False,0.02196,CWE-20,1,Energy,France,True,True,False,False,False
ICSA-19-003-02,2019-01-03,2019,True,ICSA,Yokogawa,Yokogawa Vnet/IP Open Communication Driver,High,7.5,1,False,0.03342,CWE-399,1,Critical Manufacturing; Energy; Food and Agriculture,Japan,True,True,True,False,False
ICSA-19-003-03,2019-01-03,2019,True,ICSA,Hetronic,Hetronic Nova-M,High,7.6,1,False,0.00753,CWE-294,1,Multiple Critical Sectors,United States,False,False,False,False,False
ICSA-19-008-01,2019-01-08,2019,True,ICSA,Schneider Electric,Schneider Electric Zelio Soft 2,High,7.8,1,False,0.03037,CWE-416,1,Critical Manufacturing,France,False,False,False,False,False
ICSA-19-008-02,2019-01-08,2019,True,ICSA,Schneider Electric,Schneider Electric IIoT Monitor (Update A),Critical,9.3,4,False,0.3198,CWE-22;CWE-310;CWE-434;CWE-611,4,Commercial Facilities; Critical Manufacturing; Energy; Transportation Systems,France,True,True,False,False,False
ICSA-19-010-01,2019-01-10,2019,True,ICSA,Emerson,Emerson DeltaV,High,8.8,1,False,0.00716,CWE-307,1,Chemical; Critical Manufacturing; Energy,United States,True,True,True,False,False
ICSA-19-010-02,2019-01-10,2019,True,ICSA,Omron,Omron CX-One CX-Protocol,Medium,6.6,1,False,0.01424,CWE-843,1,Critical Manufacturing,Japan,False,False,False,False,False
ICSA-19-010-03,2019-01-10,2019,True,ICSA,Pilz,Pilz PNOZmulti Configurator,Low,3.3,1,False,0.00241,CWE-312,1,Multiple Critical Sectors,Germany,False,False,False,False,False
ICSA-19-015-01,2019-01-15,2019,True,ICSA,LCDS - Leao Consultoria e Desenvolvimento de Sistemas Ltda ME,LCDS - Leao Consultoria e Desenvolvimento de Sistemas Ltda ME LAquis SCADA,High,7.8,11,False,0.39487,CWE-20;CWE-23;CWE-74;CWE-94;CWE-125;CWE-288;CWE-787;CWE-798;CWE-822,9,Chemical; Commercial Facilities; Energy; Food and Agriculture; Transportation Systems; Water and Wastewater,Brazil,False,True,False,False,False
ICSA-19-017-01,2019-01-17,2019,True,ICSA,Omron,Omron CX-Supervisor (Update A),High,7.3,7,False,0.02421,CWE-77;CWE-94;CWE-125;CWE-416;CWE-824;CWE-843,6,Energy,Japan,True,True,False,False,False
ICSA-19-017-02,2019-01-17,2019,True,ICSA,ABB,ABB CP400 Panel Builder TextEditor 2.0,High,7.0,1,False,0.01567,CWE-20,1,Chemical; Critical Manufacturing; Dams; Energy; Food and Agriculture; Water and Wastewater,Switzerland,True,True,False,False,False
ICSA-19-017-03,2019-01-17,2019,True,ICSA,ControlByWeb,ControlByWeb X-320M,High,7.6,2,False,0.01571,CWE-79;CWE-287,2,Information Technology,United States,False,False,False,False,False
ICSA-19-022-01,2019-01-22,2019,True,ICSA,Johnson Controls Inc.,Johnson Controls Facility Explorer,High,7.4,2,False,0.0622,CWE-22;CWE-287,2,Critical Manufacturing,Ireland,False,False,False,False,False
ICSA-19-024-01,2019-01-24,2019,True,ICSA,Advantech,Advantech WebAccess/SCADA,Critical,9.8,3,False,0.02808,CWE-89;CWE-287;CWE-288,3,Critical Manufacturing; Energy; Water and Wastewater,Taiwan,True,True,False,False,False
ICSA-19-024-02,2019-01-24,2019,True,ICSA,PHOENIX CONTACT,PHOENIX CONTACT FL SWITCH,High,8.8,6,False,0.20968,CWE-119;CWE-307;CWE-319;CWE-352;CWE-400;CWE-922,6,Communications; Critical Manufacturing; Information Technology,Germany,False,False,False,False,False
ICSA-19-029-01,2019-01-29,2019,True,ICSA,Yokogawa,Yokogawa License Manager Service,High,8.1,1,False,0.05405,CWE-434,1,Critical Manufacturing; Energy; Food and Agriculture,Japan,True,True,True,False,False
ICSA-19-029-02,2019-01-29,2019,True,ICSA,Mitsubishi Electric,Mitsubishi Electric MELSEC-Q Series PLCs (Update B),High,7.5,1,False,0.04274,CWE-400,1,Critical Manufacturing,Japan,False,False,False,False,False
ICSA-19-029-03,2019-01-29,2019,True,ICSA,AVEVA,AVEVA Wonderware System Platform,High,8.8,1,False,0.01339,CWE-522,1,Chemical; Critical Manufacturing; Energy; Food and Agriculture; Water and Wastewater,United Kingdom,True,True,False,False,False
ICSA-19-031-01,2019-01-31,2019,True,ICSA,Schneider Electric,Schneider Electric EVLink Parking,Critical,9.8,3,False,0.06303,CWE-89;CWE-94;CWE-798,3,Transportation Systems,France,False,False,False,False,False
ICSA-19-031-02,2019-01-31,2019,True,ICSA,IDenticard,IDenticard PremiSys (Update A),High,8.8,3,False,0.0289,CWE-259;CWE-326;CWE-798,3,Commercial Facilities; Government Facilities; Healthcare and Public Health; Water and Wastewater,United States,False,False,False,False,False
ICSA-19-036-01,2019-02-05,2019,True,ICSA,AVEVA,AVEVA InduSoft Web Studio and InTouch Edge HMI,Critical,9.8,2,False,0.17287,CWE-99;CWE-306,2,Chemical; Commercial Facilities; Critical Manufacturing; Energy; Food and Agriculture; Transportation Systems; Water and Wastewater,United Kingdom,True,True,False,False,False
ICSA-19-036-02,2019-02-05,2019,True,ICSA,Rockwell Automation,Rockwell Automation EtherNet/IP Web Server Modules,Medium,5.3,1,False,0.03185,CWE-20,1,Critical Manufacturing,United States,True,False,True,False,False
ICSA-19-036-03,2019-02-05,2019,True,ICSA,WECON,WECON LeviStudioU (Update A),High,7.8,3,False,0.02109,CWE-119;CWE-121;CWE-122,3,Critical Manufacturing; Energy; Water and Wastewater,China,True,True,False,False,False
ICSA-19-036-04,2019-02-05,2019,True,ICSA,Siemens,Siemens SIMATIC S7-1500 CPU,High,7.5,2,False,0.01986,CWE-20,1,Chemical; Critical Manufacturing; Energy; Food and Agriculture; Water and Wastewater,Germany,True,True,True,False,False
ICSA-19-036-05,2019-02-05,2019,True,ICSA,Kunbus,Kunbus PR100088 Modbus Gateway (Update B),Critical,10.0,5,False,0.01226,CWE-20;CWE-287;CWE-306;CWE-312;CWE-598,5,Communications,Germany,False,False,False,False,False
ICSA-19-038-01,2019-02-07,2019,True,ICSA,Siemens,Siemens SICAM A8000 RTU Series,Medium,5.3,1,False,0.01986,CWE-248,1,Energy,Germany,True,True,False,False,False
ICSA-19-038-02,2019-02-07,2019,True,ICSA,Siemens,Siemens EN100 Ethernet Module,High,7.5,2,False,0.02389,CWE-20,1,Energy,Germany,True,True,False,False,False
ICSA-19-043-01,2019-02-12,2019,True,ICSA,OSIsoft,OSIsoft PI Vision,Medium,4.8,1,False,0.00687,CWE-79,1,Multiple Critical Sectors,United States,False,False,False,False,False
ICSA-19-043-02,2019-02-12,2019,True,ICSA,Siemens,Siemens EN100 Ethernet Communication Module and SIPROTEC 5 Relays,High,7.5,1,False,0.01155,CWE-20,1,Energy,Germany,True,True,False,False,False
ICSA-19-043-03,2019-02-12,2019,True,ICSA,Wibu-Systems AG,WIBU SYSTEMS AG WibuKey Digital Rights Management (Update D),Critical,10.0,3,False,0.34329,CWE-122;CWE-200;CWE-787,3,Commercial Facilities; Communications; Critical Manufacturing; Energy; Financial Services; Healthcare and Public Health; Transportation Systems,Germany,True,True,True,False,False
ICSA-19-043-04,2019-02-12,2019,True,ICSA,Siemens,Siemens SIMATIC S7-300 CPU,High,7.5,1,False,0.01369,CWE-20,1,Chemical; Critical Manufacturing; Energy; Food and Agriculture; Water and Wastewater,Germany,True,True,True,False,False
ICSA-19-043-05,2019-02-12,2019,True,ICSA,Siemens,Siemens Intel Active Management Technology of SIMATIC IPCs,Medium,6.7,3,False,0.03331,CWE-119;CWE-310;CWE-399,3,Chemical; Critical Manufacturing; Energy; Food and Agriculture; Water and Wastewater,Germany,True,True,True,False,False
ICSA-19-043-06,2019-02-12,2019,True,ICSA,Siemens,Siemens CP1604 and CP1616 (Update A),Critical,9.1,3,False,0.01769,CWE-79;CWE-319;CWE-352,3,Chemical; Critical Manufacturing; Energy; Food and Agriculture; Water and Wastewater,Germany,True,True,False,False,False
ICSA-19-045-01,2019-02-14,2019,True,ICSA,Pangea Communications,Pangea Communications Internet FAX ATA,High,7.5,1,False,0.03302,CWE-288,1,Communication; Information Technology,United States,False,False,False,False,False
ICSA-19-050-01,2019-02-19,2019,True,ICSA,Intel,Intel Data Center Manager SDK,High,8.8,11,False,0.01275,CWE-275;CWE-287;CWE-320;CWE-691;CWE-693,5,Information Technology,United States,False,False,False,False,False
ICSA-19-050-02,2019-02-19,2019,True,ICSA,Delta Electronics,Delta Industrial Automation CNCSoft,Medium,4.4,1,False,0.01105,CWE-125,1,Critical Manufacturing,Taiwan,False,False,False,False,False
ICSA-19-050-03,2019-02-19,2019,True,ICSA,Horner Automation,Horner Automation Cscape,High,7.8,1,False,0.01716,CWE-20,1,Critical Manufacturing,United States,False,False,False,False,False
ICSA-19-050-04,2019-02-19,2019,True,ICSA,Rockwell Automation,Rockwell Automation Allen-Bradley PowerMonitor 1000 (Update A),Medium,6.1,2,False,0.30295,CWE-79;CWE-288,2,Energy,United States,True,True,False,False,False
ICSA-19-057-01,2019-02-26,2019,True,ICSA,Moxa,"Moxa IKS, EDS (Update A)",Critical,9.8,10,False,0.05014,CWE-79;CWE-120;CWE-125;CWE-256;CWE-284;CWE-307;CWE-311;CWE-341;CWE-352;CWE-400,10,Critical Manufacturing; Energy; Transportation,Taiwan,True,True,False,False,False
ICSA-19-059-01,2019-02-28,2019,True,ICSA,PSI GridConnect GmbH (formerly known as PSI Nentec GmbH),PSI GridConnect Telecontrol,High,8.5,1,False,0.02579,CWE-79,1,Energy,Germany,True,True,False,False,False
ICSA-19-064-01,2019-03-05,2019,True,ICSA,Rockwell Automation,Rockwell Automation RSLinx Classic,Critical,10.0,1,False,0.60094,CWE-121,1,Critical Manufacturing; Energy; Water and Wastewater,United States,True,True,False,False,False
ICSA-19-073-01,2019-03-14,2019,True,ICSA,LCDS - Leao Consultoria e Desenvolvimento de Sistemas Ltda ME,LCDS - Leao Consultoria e Desenvolvimento de Sistemas Ltda ME LAquis SCADA ELS Files,High,7.8,1,False,0.01205,CWE-787,1,Chemical; Commercial Facilities; Energy; Food and Agriculture; Transportation Systems; Water and Wastewater,Brazil,False,True,False,False,False
ICSA-19-073-02,2019-03-14,2019,True,ICSA,Gemalto,Gemalto Sentinel UltraPro,Medium,6.5,1,False,0.01532,CWE-427,1,Communications; Financial Services; Government Facilities; Healthcare and Public Health; Information Technology,Netherlands,False,False,False,False,False
ICSA-19-073-03,2019-03-14,2019,True,ICSA,PEPPERL+FUCHS,PEPPERL+FUCHS WirelessHART-Gateways,Medium,5.3,1,False,0.29816,CWE-22,1,Critical Manufacturing; Information Technology,Germany,False,False,False,False,False
ICSA-19-078-01,2019-03-19,2019,True,ICSA,AVEVA,AVEVA InduSoft Web Studio and InTouch Edge HMI,Medium,6.5,1,False,0.01532,CWE-427,1,Commercial Facilities; Critical Manufacturing; Energy; Transportation Systems; Water and Wastewater,United Kingdom,True,True,False,False,False
ICSA-19-078-02,2019-03-19,2019,True,ICSA,Columbia Weather Systems,Columbia Weather Systems MicroServer,Critical,9.8,6,False,0.02889,CWE-20;CWE-22;CWE-79;CWE-94;CWE-287,5,Information Technology,United States,False,False,False,False,False
ICSA-19-085-01,2019-03-26,2019,True,ICSA,Siemens,Siemens SCALANCE X (Update D),Medium,5.4,1,False,0.01328,CWE-440,1,Chemical; Critical Manufacturing; Energy; Food and Agriculture; Water and Wastewater,Germany,True,True,False,False,False
ICSA-19-085-02,2019-03-26,2019,True,ICSA,PHOENIX CONTACT,PHOENIX CONTACT RAD-80211-XD,Critical,9.9,1,False,0.03463,CWE-77,1,Communications; Critical Manufacturing; Information Technology,Germany,False,False,False,False,False
ICSA-19-085-03,2019-03-26,2019,True,ICSA,ENTTEC,ENTTEC Lighting Controllers,High,7.5,1,False,0.01516,CWE-306,1,Commercial Facilities,Australia,False,False,False,False,False
ICSA-19-087-01,2019-03-28,2019,True,ICSA,Rockwell Automation,Rockwell Automation PowerFlex 525 AC Drives,High,7.5,1,False,0.05645,CWE-400,1,Critical Manufacturing,United States,False,False,False,False,False
ICSA-19-092-01,2019-04-02,2019,True,ICSA,Advantech,Advantech WebAccess/SCADA,Critical,9.8,3,False,0.06092,CWE-77;CWE-121;CWE-284,3,Critical Manufacturing; Energy; Water and Wastewater,Taiwan,True,True,False,False,False
ICSA-19-094-01,2019-04-04,2019,True,ICSA,Omron,Omron CX-Programmer,Medium,6.6,1,False,0.01152,CWE-416,1,Critical Manufacturing,Japan,False,False,False,False,False
ICSA-19-094-02,2019-04-04,2019,True,ICSA,Rockwell Automation,Rockwell Automation Stratix 5400/5410/5700 and ArmorStratix 5700,Medium,6.8,1,False,0.01587,CWE-400,1,Critical Manufacturing; Energy; Water and Wastewater,United States,True,True,False,False,False
ICSA-19-094-03,2019-04-04,2019,True,ICSA,Rockwell Automation,Rockwell Automation Stratix 5400/5410/5700/8000/8300 and ArmorStratix 5700,High,8.6,5,False,0.04402,CWE-20;CWE-399,2,Critical Manufacturing; Energy; Water and Wastewater,United States,True,True,False,False,False
ICSA-19-094-04,2019-04-04,2019,True,ICSA,Rockwell Automation,Rockwell Automation Stratix 5950,High,8.6,1,False,0.16221,CWE-20,1,Critical Manufacturing; Energy; Water and Wastewater,United States,True,True,False,False,False
ICSA-19-099-01,2019-04-09,2019,True,ICSA,Siemens,Siemens SIMOCODE pro V EIP,High,7.5,1,False,0.03315,CWE-400,1,Chemical; Critical Manufacturing; Energy; Food and Agriculture; Water and Wastewater,Germany,True,True,False,False,False
ICSA-19-099-02,2019-04-09,2019,True,ICSA,Siemens,Siemens Spectrum Power 4.7,Critical,10.0,1,False,0.02285,CWE-77,1,Chemical; Critical Manufacturing; Energy; Food and Agriculture; Water and Wastewater,Germany,True,True,False,False,False
ICSA-19-099-03,2019-04-09,2019,True,ICSA,Siemens,Siemens Industrial Products with OPC UA (Update H),High,7.5,1,False,0.01646,CWE-248,1,Chemical; Critical Manufacturing; Energy; Food and Agriculture; Water and Wastewater,Germany,True,True,True,False,False
ICSA-19-099-04,2019-04-09,2019,True,ICSA,Siemens,Siemens SINEMA Remote Connect (Update A),High,8.3,5,False,0.12873,CWE-121;CWE-125;CWE-131;CWE-280,4,Chemical; Critical Manufacturing; Energy; Food and Agriculture; Water and Wastewater,Germany,True,True,False,False,False
ICSA-19-099-05,2019-04-09,2019,True,ICSA,Siemens,Siemens RUGGEDCOM ROX II,Critical,9.8,3,False,0.38454,CWE-125;CWE-400;CWE-415,3,Energy; Healthcare and Public Health; Transportation Systems,Germany,True,True,False,False,False
ICSA-19-099-06,2019-04-09,2019,True,ICSA,Siemens,"Siemens SIMATIC, SIMOCODE, SINAMICS, SITOP, and TIM (Update I)",High,7.5,1,False,0.01401,CWE-125,1,Commercial Facilities; Critical Manufacturing; Energy; Food and Agriculture; Water and Wastewater,Germany,True,True,True,False,False
ICSA-19-106-01,2019-04-16,2019,True,ICSA,Delta Electronics,Delta Industrial Automation CNCSoft,High,7.8,3,False,0.03666,CWE-121;CWE-122;CWE-125,3,Critical Manufacturing,Taiwan,False,False,False,False,False
ICSA-19-106-02,2019-04-16,2019,True,ICSA,WAGO,WAGO Series 750-88x and 750-87x,Critical,9.8,1,False,0.02763,CWE-798,1,Commercial Facilities; Critical Manufacturing; Energy; Transportation Systems,Germany,True,True,False,False,False
ICSA-19-106-03,2019-04-16,2019,True,ICSA,ABB,PLC Cycle Time Influences (Update A),High,7.5,1,False,0.03395,CWE-400,1,Chemical; Commercial Facilities; Critical Manufacturing; Dams; Energy; Food and Agriculture; Transportation Systems; Water and Wastewater,Switzerland,True,True,True,False,False
ICSA-19-113-01,2019-04-23,2019,True,ICSA,Rockwell Automation,Rockwell Automation MicroLogix 1400 and CompactLogix 5370 Controllers,High,7.1,1,False,0.03043,CWE-601,1,Critical Manufacturing,United States,True,False,True,False,False
ICSA-19-120-01,2019-04-30,2019,True,ICSA,Rockwell Automation,Rockwell Automation CompactLogix 5370 (Update A),High,8.6,2,False,0.09991,CWE-121;CWE-400,2,Critical Manufacturing,United States,True,False,True,False,False
ICSA-19-122-01,2019-05-02,2019,True,ICSA,Orpak,Orpak SiteOmat,Critical,9.8,1,False,0.07295,CWE-79;CWE-89;CWE-94;CWE-121;CWE-311;CWE-798,6,Commercial Facilities; Energy; Transportation Systems,Israel,True,True,False,False,False
ICSA-19-122-02,2019-05-02,2019,True,ICSA,GE,GE Communicator,High,8.1,5,False,0.01277,CWE-284;CWE-427;CWE-798,3,Critical Manufacturing; Energy,United States,True,True,False,False,False
ICSA-19-122-03,2019-05-02,2019,True,ICSA,Sierra Wireless,Sierra Wireless AirLink ALEOS (Update B),Critical,9.1,7,True,0.27059,CWE-78;CWE-79;CWE-200;CWE-311;CWE-352;CWE-434;CWE-798,7,Commercial Facilities; Communications; Emergency Services; Energy; Government Facilities; Transportation Systems; Water and Wastewater,Canada,True,True,False,False,False
ICSA-19-134-01,2019-05-14,2019,True,ICSA,Omron,Omron Network Configurator for DeviceNet (Update A),High,7.3,1,False,0.01056,CWE-426,1,Critical Manufacturing,Japan,False,False,False,False,False
ICSA-19-134-02,2019-05-14,2019,True,ICSA,Siemens,Siemens SIMATIC WinCC and SIMATIC PCS 7,Critical,9.8,1,False,0.0264,CWE-306,1,Chemical; Energy; Food and Agriculture; Water and Wastewater,Germany,True,True,True,False,False
ICSA-19-134-03,2019-05-14,2019,True,ICSA,Siemens,Siemens LOGO! Soft Comfort (Update A),High,7.8,1,False,0.01274,CWE-502,1,Commercial Facilities; Transportation Systems,Germany,False,False,False,False,False
ICSA-19-134-04,2019-05-14,2019,True,ICSA,Siemens,Siemens LOGO! 8 BM (Update A),Critical,9.4,3,False,0.02746,CWE-231;CWE-256;CWE-306,3,Commercial Facilities; Transportation Systems,Germany,False,False,False,False,False
ICSA-19-134-05,2019-05-14,2019,True,ICSA,Siemens,Siemens SINAMICS PERFECT HARMONY GH180 Drives NXG I and NXG II,High,7.5,1,False,0.01568,CWE-400,1,Chemical; Energy; Food and Agriculture; Healthcare and Public Health; Transportation Systems; Water and Wastewater,Germany,True,True,False,False,False
ICSA-19-134-06,2019-05-14,2019,True,ICSA,Siemens,Siemens SINAMICS PERFECT HARMONY GH180 Fieldbus Network,High,7.5,1,False,0.0185,CWE-20,1,Chemical; Energy; Food and Agriculture; Healthcare and Public Health; Transportation Systems; Water and Wastewater,Germany,True,True,False,False,False
ICSA-19-134-07,2019-05-14,2019,True,ICSA,Siemens,Siemens SCALANCE W1750D,Critical,9.8,5,False,0.04631,CWE-7;CWE-20;CWE-77;CWE-79;CWE-200,5,Chemical; Energy; Food and Agriculture; Healthcare and Public Health; Transportation Systems; Water and Wastewater,Germany,True,True,False,False,False
ICSA-19-134-08,2019-05-14,2019,True,ICSA,Siemens,"Siemens SIMATIC PCS7, WinCC, TIA Portal (Update D)",Critical,9.1,3,False,0.01926,CWE-89;CWE-248;CWE-749,3,Chemical; Critical Manufacturing; Energy; Food and Agriculture; Water and Wastewater,Germany,True,True,True,False,False
ICSA-19-134-09,2019-05-14,2019,True,ICSA,Siemens,Siemens SIMATIC Panels and WinCC (TIA Portal),Medium,6.5,3,False,0.02721,CWE-79;CWE-522;CWE-798,3,Chemical; Critical Manufacturing; Energy; Food and Agriculture; Water and Wastewater,Germany,True,True,True,False,False
ICSA-19-136-01,2019-05-16,2019,True,ICSA,Schneider Electric,Schneider Electric Modicon Controllers,Medium,5.4,1,False,0.0193,CWE-330,1,Multiple Critical Sectors,France,True,False,True,False,False
ICSA-19-136-02,2019-05-16,2019,True,ICSA,Fuji Electric,Fuji Electric Alpha7 PC Loader,Low,3.3,1,False,0.00593,CWE-125,1,Critical Manufacturing,Japan,False,False,False,False,False
ICSA-19-141-01,2019-05-21,2019,True,ICSA,Computrols,Computrols CBAS Web,High,8.8,9,False,0.09012,CWE-77;CWE-79;CWE-89;CWE-203;CWE-288;CWE-321;CWE-326;CWE-352;CWE-540,9,Commercial Facilities; Government Facilities; Healthcare and Public Health,United States,False,False,False,False,False
ICSA-19-141-02,2019-05-21,2019,True,ICSA,Mitsubishi Electric,Mitsubishi Electric MELSEC-Q Series Ethernet Module,High,7.5,1,False,0.0354,CWE-400,1,Critical Manufacturing,Japan,False,False,False,False,False
ICSA-19-148-01,2019-05-28,2019,True,ICSA,Emerson,Emerson Ovation OCR400 Controller,Medium,6.8,2,False,0.03751,CWE-121;CWE-122,2,Energy; Water and Wastewater,United States,True,True,True,False,False
ICSA-19-150-01,2019-05-30,2019,True,ICSA,"AVEVA, Schneider Electric",AVEVA Vijeo Citect and CitectSCADA,Medium,6.5,1,False,0.00382,CWE-522,1,Commercial Facilities; Critical Manufacturing; Energy,United Kingdom,True,True,False,False,False
ICSA-19-155-01,2019-06-04,2019,True,ICSA,PHOENIX CONTACT,PHOENIX CONTACT PLCNext AXC F 2152,High,7.6,3,False,0.01167,CWE-284;CWE-300;CWE-320,3,Commercial Facilities,Germany,False,False,False,False,False
ICSA-19-155-02,2019-06-04,2019,True,ICSA,PHOENIX CONTACT,PHOENIX CONTACT FL NAT SMx,High,8.8,1,False,0.01638,CWE-284,1,Communications; Critical Manufacturing; Information Technology,Germany,False,False,False,False,False
ICSA-19-155-03,2019-06-04,2019,True,ICSA,Geutebruck,Geutebruck G-Cam and G-Code,High,7.2,3,False,0.03272,CWE-78;CWE-79,2,Commercial Facilities; Energy; Financial Services; Government Facilities; Healthcare and Public Health; Transportation Systems,Germany,True,True,False,False,False
ICSA-19-157-01,2019-06-06,2019,True,ICSA,Optergy,Optergy Proton Enterprise Building Management System,Critical,10.0,8,False,0.93384,CWE-200;CWE-352;CWE-434;CWE-601;CWE-749;CWE-798;CWE-912,7,Commercial Facilities; Government Facilities,United States,False,False,False,False,False
ICSA-19-157-02,2019-06-06,2019,True,ICSA,Panasonic,Panasonic Control FPWIN Pro,High,7.3,2,False,0.06853,CWE-122;CWE-843,2,Commercial Facilities; Critical Manufacturing; Food and Agriculture,Japan,False,False,False,False,False
ICSA-19-162-01,2019-06-11,2019,True,ICSA,Siemens,Siemens Siveillance VMS,High,8.8,3,False,0.01667,CWE-285;CWE-286;CWE-862,3,Critical Manufacturing; Commercial Facilities,Germany,False,False,False,False,False
ICSA-19-162-02,2019-06-11,2019,True,ICSA,Siemens,Siemens SIMATIC Ident MV440 Family (Update A),High,7.1,2,False,0.02265,CWE-269;CWE-319,2,Critical Manufacturing,Germany,True,False,True,False,False
ICSA-19-162-03,2019-06-11,2019,True,ICSA,Siemens,Siemens LOGO!8 Devices,High,7.5,2,False,0.01599,CWE-119;CWE-384,2,Commercial Facilities; Transportation Systems,Germany,False,False,False,False,False
ICSA-19-162-04,2019-06-11,2019,True,ICSA,Siemens,Siemens SCALANCE X (Update B),High,7.1,1,False,0.00301,CWE-257,1,Chemical; Critical Manufacturing; Energy; Food and Agriculture; Water and Wastewater,Germany,True,True,False,False,False
ICSA-19-164-01,2019-06-13,2019,True,ICSA,Johnson Controls Inc.,Johnson Controls exacqVision Enterprise System Manager,Medium,6.7,1,False,0.00735,CWE-285,1,Critical Manufacturing,Ireland,False,False,False,False,False
ICSA-19-164-02,2019-06-13,2019,True,ICSA,WAGO,"WAGO Industrial Managed Switches 852-303, 852-1305, and 852-1505",Critical,9.8,2,False,0.03261,CWE-321;CWE-798,2,Commercial Facilities,Germany,False,False,False,False,False
ICSA-19-171-01,2019-06-20,2019,True,ICSA,PHOENIX CONTACT,PHOENIX CONTACT Automation Worx Software Suite,High,7.5,3,False,0.0377,CWE-125;CWE-416;CWE-824,3,Critical Manufacturing,Germany,False,False,False,False,False
ICSA-19-178-01,2019-06-27,2019,True,ICSA,ABB,ABB PB610 Panel Builder 600,High,8.8,7,False,0.52093,CWE-20;CWE-23;CWE-121;CWE-287;CWE-798,5,Chemical; Critical Manufacturing; Dams; Energy; Food and Agriculture; Water and Wastewater,Switzerland,True,True,False,False,False
ICSA-19-178-02,2019-06-27,2019,True,ICSA,ABB,ABB CP651 HMI,High,8.8,1,False,0.00726,CWE-798,1,Critical Manufacturing,Switzerland,False,False,False,False,False
ICSA-19-178-03,2019-06-27,2019,True,ICSA,ABB,ABB CP635 HMI,High,8.8,1,False,0.02895,CWE-798,1,Critical Manufacturing,Switzerland,False,False,False,False,False
ICSA-19-178-04,2019-06-27,2019,True,ICSA,SICK,SICK MSC800,Critical,9.8,1,False,0.03378,CWE-798,1,Critical Manufacturing,Germany,False,False,False,False,False
ICSA-19-178-05,2019-06-27,2019,True,ICSA,Advantech,Advantech WebAccess/SCADA,Critical,9.8,6,False,0.10665,CWE-22;CWE-121;CWE-122;CWE-125;CWE-787;CWE-822,6,Critical Manufacturing; Energy; Water and Wastewater,Taiwan,True,True,False,False,False
ICSA-19-183-01,2019-07-02,2019,True,ICSA,Schneider Electric,Schneider Electric Modicon Controllers,High,7.5,1,False,0.01129,CWE-754,1,Multiple Critical Sectors,France,True,False,True,False,False
ICSA-19-183-02,2019-07-02,2019,True,ICSA,Quest,Quest KACE Systems Management Appliance,Low,2.7,1,False,0.02415,CWE-20,1,Information Technology,Canada,False,False,False,False,False
ICSA-19-190-01,2019-07-09,2019,True,ICSA,Emerson,Emerson DeltaV Distributed Control System,Medium,6.1,1,False,0.02297,CWE-798,1,Chemical; Critical Manufacturing; Energy,United States,True,True,True,False,False
ICSA-19-190-02,2019-07-09,2019,True,ICSA,Rockwell Automation,Rockwell Automation PanelView 5510,High,7.5,1,False,0.04597,CWE-284,1,Critical Manufacturing; Food and Agriculture; Transportation Systems; Water and Wastewater,United States,False,False,False,False,False
ICSA-19-190-03,2019-07-09,2019,True,ICSA,Schneider Electric,Schneider Electric Zelio Soft 2,High,7.8,1,False,0.03699,CWE-416,1,Critical Manufacturing,France,False,False,False,False,False
ICSA-19-190-04,2019-07-09,2019,True,ICSA,Siemens,Siemens Spectrum Power (Update A),Medium,4.7,1,False,0.00793,CWE-79,1,Energy,Germany,True,True,False,False,False
ICSA-19-190-05,2019-07-09,2019,True,ICSA,Siemens,Siemens SIPROTEC 5 and DIGSI 5 (Update C),High,7.5,2,False,0.01763,CWE-20,1,Energy,Germany,True,True,False,False,False
ICSA-19-192-01,2019-07-11,2019,True,ICSA,Delta Electronics,Delta Industrial Automation CNCSoft ScreenEditor,High,7.8,2,False,0.0143,CWE-122;CWE-125,2,Critical Manufacturing,Taiwan,False,False,False,False,False
ICSA-19-192-02,2019-07-11,2019,True,ICSA,Siemens,Siemens SIMATIC WinCC and PCS7 (Update C),High,7.2,1,False,0.01297,CWE-434,1,Chemical; Critical Manufacturing; Energy; Food and Agriculture; Water and Wastewater,Germany,True,True,True,False,False
ICSA-19-192-03,2019-07-11,2019,True,ICSA,Siemens,Siemens TIA Administrator (TIA Portal),High,8.0,1,False,0.00897,CWE-284,1,Chemical; Critical Manufacturing; Energy; Food and Agriculture; Water and Wastewater,Germany,True,True,False,False,False
ICSA-19-192-04,2019-07-11,2019,True,ICSA,Siemens,Siemens SIMATIC RF6XXR,Medium,5.9,3,False,0.73327,CWE-20;CWE-310,2,Critical Manufacturing; Food and Agriculture; Transportation,Germany,True,False,True,False,False
ICSA-19-192-05,2019-07-11,2019,True,ICSA,"AVEVA, Schneider Electric",AVEVA Vijeo Citect and Citect SCADA Floating License Manager,Critical,9.8,4,False,0.03669,CWE-20;CWE-119,2,Energy,France,True,True,False,False,False
ICSA-19-192-06,2019-07-11,2019,True,ICSA,Schneider Electric,Schneider Electric Interactive Graphical SCADA System,High,7.0,1,False,0.01279,CWE-787,1,Commercial Facilities; Critical Manufacturing; Energy,France,True,True,False,False,False
ICSA-19-192-07,2019-07-11,2019,True,ICSA,Schneider Electric,Schneider Electric Floating License Manager,Critical,9.8,4,False,0.03669,CWE-20;CWE-119,2,Energy,France,True,True,False,False,False
ICSA-19-199-01,2019-07-18,2019,True,ICSA,Exacq Technologies Inc (Subsidiary of Johnson Controls),Johnson Controls exacqVision Server,Medium,6.7,1,False,0.00825,CWE-428,1,Critical Manufacturing,Ireland,False,False,False,False,False
ICSA-19-204-01,2019-07-23,2019,True,ICSA,Mitsubishi Electric,Mitsubishi Electric FR Configurator2,High,7.1,2,False,0.01019,CWE-400;CWE-611,2,Critical Manufacturing,Japan,False,False,False,False,False
ICSA-19-204-02,2019-07-23,2019,True,ICSA,National Renewable Energy Laboratory (NREL),NREL EnergyPlus,Medium,6.1,1,False,0.00337,CWE-121,1,Energy,United States,True,True,False,False,False
ICSA-19-211-01,2019-07-30,2019,True,ICSA,Wind River,Wind River VxWorks (Update A),Critical,9.8,11,False,0.84177,CWE-88;CWE-119;CWE-121;CWE-122;CWE-191;CWE-362;CWE-476,7,Critical Manufacturing; Information Technology; Healthcare and Public Health; Transportation Systems; Water and Wastewater,United States,False,False,False,False,False
ICSA-19-211-02,2019-07-30,2019,True,ICSA,Prima Systems,Prima Systems FlexAir,Critical,10.0,9,False,0.31419,CWE-78;CWE-79;CWE-287;CWE-334;CWE-352;CWE-434;CWE-530;CWE-798,8,Commercial Facilities; Government Facilities; Healthcare and Public Health; Information Technology; Transportation Systems,Slovenia,False,False,False,False,False
ICSA-19-213-01,2019-08-01,2019,True,ICSA,Advantech,Advantech WebAccess HMI Designer,High,7.8,1,False,0.04127,CWE-787,1,Critical Manufacturing; Energy; Water and Wastewater,Taiwan,True,True,False,False,False
ICSA-19-213-02,2019-08-01,2019,True,ICSA,Fuji Electric,Fuji Electric FRENIC Loader,Medium,4.4,1,False,0.00842,CWE-125,1,Commercial Facilities,Japan,False,False,False,False,False
ICSA-19-213-03,2019-08-01,2019,True,ICSA,3S-Smart Software Solutions,3S-Smart Software Solutions GmbH CODESYS V3,Critical,9.0,2,False,0.01903,CWE-283;CWE-789,2,Critical Manufacturing,Germany,False,False,False,False,False
ICSA-19-213-04,2019-08-01,2019,True,ICSA,3S-Smart Software Solutions,3S-Smart Software Solutions GmbH CODESYS V3 (Update A),High,8.8,1,False,0.00282,CWE-522,1,Critical Manufacturing,Germany,False,False,False,False,False
ICSA-19-213-05,2019-08-01,2019,True,ICSA,Rockwell Automation,Rockwell Automation Arena Simulation Software (Update B),High,8.6,5,False,0.12042,CWE-200;CWE-357;CWE-416;CWE-824;CWE-843,5,Critical Manufacturing,United States,False,False,False,False,False
ICSA-19-213-06,2019-08-01,2019,True,ICSA,LCDS - Leao Consultoria e Desenvolvimento de Sistemas Ltda ME,LCDS LAquis SCADA LQS File Parsing,High,7.8,2,False,0.01002,CWE-125;CWE-843,2,Chemical; Commercial Facilities; Energy; Food and Agriculture; Transportation Systems; Water and Wastewater,Brazil,False,True,False,False,False
ICSA-19-225-01,2019-08-13,2019,True,ICSA,Delta Electronics,Delta Industrial Automation DOPSoft,High,7.8,2,False,0.0385,CWE-125;CWE-416,2,Critical Manufacturing,Taiwan,False,False,False,False,False
ICSA-19-225-02,2019-08-13,2019,True,ICSA,OSIsoft,OSIsoft PI Web API,High,8.5,2,False,0.01279,CWE-532;CWE-693,2,Chemical; Critical Manufacturing; Energy; Food and Agriculture; Government Facilities; Healthcare and Public Health; Information Technology; Metals and Mining; Water and Wastewater,United States,True,True,False,False,False
ICSA-19-225-03,2019-08-13,2019,True,ICSA,Siemens,Siemens SCALANCE X Switches (Update C),High,8.6,1,False,0.01361,CWE-410,1,Chemical; Critical Manufacturing; Energy; Food and Agriculture; Water and Wastewater Systems,Germany,True,True,False,False,False
ICSA-19-227-01,2019-08-15,2019,True,ICSA,Johnson Controls Inc.,Johnson Controls Metasys,Medium,6.8,2,False,0.0082,CWE-321;CWE-323,2,Critical Manufacturing,Ireland,False,False,False,False,False
ICSA-19-227-02,2019-08-15,2019,True,ICSA,Fuji Electric,Fuji Electric Alpha5 Smart Loader,High,7.8,1,False,0.02947,CWE-121,1,Commercial Facilities; Critical Manufacturing,Japan,False,False,False,False,False
ICSA-19-227-03,2019-08-15,2019,True,ICSA,Siemens,Siemens SCALANCE Products (Update A),Medium,6.6,2,False,0.01168,CWE-710,1,Chemical; Critical Manufacturing; Energy; Food and Agriculture; Water and Wastewater,Germany,True,True,False,False,False
ICSA-19-227-04,2019-08-15,2019,True,ICSA,Siemens,Siemens SINAMICS (Update C),High,7.5,1,False,0.01401,CWE-400,1,Chemical; Commercial Facilities; Critical Manufacturing; Energy; Food and Agriculture; Healthcare and Public Health; Transportation Systems; Water and Wastewater,Germany,True,True,False,False,False
ICSA-19-232-01,2019-08-20,2019,True,ICSA,Zebra,Zebra Industrial Printers,Medium,5.3,1,False,0.01703,CWE-522,1,Critical Manufacturing,United States,False,False,False,False,False
ICSA-19-239-01,2019-08-27,2019,True,ICSA,Delta Controls,Delta Controls enteliBUS Controllers,Critical,9.8,1,False,0.04737,CWE-120,1,Commercial Facilities; Government Facilities,Canada,False,False,False,False,False
ICSA-19-239-02,2019-08-27,2019,True,ICSA,Datalogic,Datalogic AV7000 Linear Barcode Scanner,High,8.8,1,False,0.02365,CWE-288,1,Critical Manufacturing,Italy,False,False,False,False,False
ICSA-19-246-01,2019-09-03,2019,True,ICSA,EZAutomation,EZAutomation EZ Touch Editor,High,7.8,1,False,0.01442,CWE-121,1,Multiple Critical Sectors,United States,False,False,False,False,False
ICSA-19-246-02,2019-09-03,2019,True,ICSA,EZAutomation,EZAutomation EZ PLC Editor,High,7.8,1,False,0.01367,CWE-119,1,Multiple Critical Sectors,United States,False,False,False,False,False
ICSA-19-248-01,2019-09-05,2019,True,ICSA,Red Lion Controls,Red Lion Controls Crimson,High,7.8,4,False,0.01341,CWE-119;CWE-321;CWE-416;CWE-465,4,Critical Manufacturing,United States,False,False,False,False,False
ICSA-19-253-01,2019-09-10,2019,True,ICSA,Delta Electronics,Delta Electronics TPEditor,High,7.8,3,False,0.01906,CWE-121;CWE-122;CWE-787,3,Critical Manufacturing,Taiwan,False,False,False,False,False
ICSA-19-253-02,2019-09-10,2019,True,ICSA,Siemens,Siemens SINETPLAN,High,8.0,1,False,0.00897,CWE-285,1,Chemical; Critical Manufacturing; Energy; Food and Agriculture; Water and Wastewater,Germany,True,True,False,False,False
ICSA-19-253-03,2019-09-10,2019,True,ICSA,Siemens,Siemens Industrial Products (Update R),High,7.5,4,False,0.98745,CWE-190;CWE-400;CWE-1049,3,Chemical; Critical Manufacturing; Energy; Food and Agriculture; Water and Wastewater,Germany,True,True,True,False,False
ICSA-19-253-04,2019-09-10,2019,True,ICSA,Siemens,Siemens IE-WSN-PA Link WirelessHART Gateway,High,7.5,1,False,0.0112,CWE-79,1,Chemical; Critical Manufacturing; Energy; Food and Agriculture; Water and Wastewater,Germany,True,True,False,False,False
ICSA-19-253-05,2019-09-10,2019,True,ICSA,Siemens,Siemens SIMATIC TDC CP51M1,High,7.5,1,False,0.01461,CWE-20,1,Critical Manufacturing,Germany,True,False,True,False,False
ICSA-19-253-06,2019-09-10,2019,True,ICSA,OSIsoft,OSIsoft PI SQL Client,High,8.1,1,False,0.24625,CWE-190,1,Commercial Facilities; Critical Manufacturing; Energy; Government Facilities; Healthcare and Public Health,United States,True,True,False,False,False
ICSA-19-255-01,2019-09-12,2019,False,ICSA,3S-Smart Software Solutions,3S-Smart Software Solutions GmbH CODESYS V3 Web Server,Critical,10.0,2,False,0.0581,CWE-22;CWE-121,2,Critical Manufacturing,Germany,False,False,False,False,False
ICSA-19-255-02,2019-09-12,2019,False,ICSA,3S-Smart Software Solutions,3S-Smart Software Solutions GmbH CODESYS V3 Library Manager (Update A),High,8.6,1,False,0.00851,CWE-79,1,Critical Manufacturing,Germany,False,False,False,False,False
ICSA-19-255-03,2019-09-12,2019,False,ICSA,3S-Smart Software Solutions,3S-Smart Software Solutions GmbH CODESYS Control V3 Online User Management,High,8.8,1,False,0.0186,CWE-732,1,Critical Manufacturing,Germany,False,False,False,False,False
ICSA-19-255-04,2019-09-12,2019,False,ICSA,3S-Smart Software Solutions,3S-Smart Software Solutions GmbH CODESYS Control V3 OPC UA Server,Medium,6.5,1,False,0.01365,CWE-476,1,Critical Manufacturing,Germany,False,False,False,False,False
ICSA-19-255-05,2019-09-12,2019,False,ICSA,3S-Smart Software Solutions,3S-Smart Software Solutions GmbH CODESYS V3 Products Containing a CODESYS Communication Server,High,7.5,1,False,0.01696,CWE-390,1,Critical Manufacturing,Germany,False,False,False,False,False
ICSA-19-260-01,2019-09-17,2019,False,ICSA,Advantech,Advantech WebAccess,Critical,9.8,4,False,0.02863,CWE-77;CWE-94;CWE-121;CWE-285,4,Critical Manufacturing; Energy; Water and Wastewater,Taiwan,True,True,False,False,False
ICSA-19-260-02,2019-09-17,2019,False,ICSA,Siemens,Siemens SINEMA Remote Connect Server,High,8.1,4,False,0.01514,CWE-200;CWE-307;CWE-352;CWE-916,4,Food and Agriculture; Chemical; Critical Manufacturing; Energy; Water and Wastewater,Germany,True,True,False,False,False
ICSA-19-260-03,2019-09-17,2019,False,ICSA,Honeywell,Honeywell Performance IP Cameras and Performance NVRs,Medium,5.3,1,False,0.0183,CWE-200,1,Commercial Facilities; Critical Manufacturing; Energy; Healthcare and Public Health,United States,True,True,False,False,False
ICSA-19-262-01,2019-09-19,2019,False,ICSA,Tridium,Tridium Niagara,High,7.8,2,False,0.00354,CWE-200;CWE-285,2,Commercial Facilities; Critical Manufacturing; Government Facilities; Information Technology,United States,False,False,False,False,False
ICSA-19-274-01,2019-10-01,2019,False,ICSA,"ENEA, Green Hills Software, ITRON, IP Infusion, Wind River",Interpeak IPnet TCP/IP Stack (Update E),Critical,9.8,11,False,0.84177,CWE-88;CWE-119;CWE-121;CWE-122;CWE-191;CWE-362;CWE-476,7,Critical Manufacturing; Information Technology; Healthcare and Public Health; Transportation Systems; Water and Wastewater Systems,Sweden,False,False,False,False,False
ICSA-19-274-02,2019-10-01,2019,False,ICSA,Yokogawa,Yokogawa Products,High,8.4,1,False,0.0126,CWE-428,1,Critical Manufacturing; Energy; Food and Agriculture,Japan,True,True,False,False,False
ICSA-19-274-03,2019-10-01,2019,False,ICSA,Moxa,Moxa EDR 810 Series,High,7.2,2,False,0.10622,CWE-20;CWE-284,2,Critical Manufacturing; Energy; Water and Wastewater,Taiwan,True,True,False,False,False
ICSA-19-281-01,2019-10-08,2019,False,ICSA,SMA Solar Technology AG,SMA Solar Technology AG Sunny WebBox,Critical,9.6,1,False,0.03113,CWE-352,1,Energy,Germany,True,True,False,False,False
ICSA-19-281-02,2019-10-08,2019,False,ICSA,GE,GE Mark VIe Controller,Medium,6.8,2,False,0.0096,CWE-285;CWE-798,2,Energy,United States,True,True,False,False,False
ICSA-19-281-03,2019-10-08,2019,False,ICSA,Siemens,Siemens SIMATIC WinAC RTX (F) 2010 (Update A),High,7.5,1,False,0.01367,CWE-410,1,Critical Manufacturing,Germany,True,False,True,False,False
ICSA-19-281-04,2019-10-08,2019,False,ICSA,Siemens,Siemens SIMATIC IT UADM,Medium,6.8,1,False,0.01273,CWE-321,1,Critical Manufacturing,Germany,True,False,True,False,False
ICSA-19-283-01,2019-10-10,2019,False,ICSA,Siemens,Siemens Industrial Real-Time (IRT) Devices (Update F),High,7.5,1,False,0.01401,CWE-20,1,Chemical; Commercial Facilities; Critical Manufacturing; Energy; Food and Agriculture; Healthcare and Public Health,Germany,True,True,True,False,False
ICSA-19-283-02,2019-10-10,2019,False,ICSA,Siemens,Siemens PROFINET Devices (Update L),High,7.5,1,False,0.02065,CWE-400,1,Critical Manufacturing,Germany,True,False,True,False,False
ICSA-19-290-01,2019-10-17,2019,False,ICSA,"AVEVA, Schneider Electric",AVEVA Vijeo Citect and Citect SCADA (Update A),High,7.5,1,False,0.01297,CWE-121,1,Energy,France,True,True,False,False,False
ICSA-19-290-02,2019-10-17,2019,False,ICSA,Horner Automation,Horner Automation Cscape,High,7.5,2,False,0.01939,CWE-20;CWE-787,2,Critical Manufacturing,United States,False,False,False,False,False
ICSA-19-295-01,2019-10-22,2019,False,ICSA,Schneider Electric,Schneider Electric ProClima,Critical,9.8,3,False,0.04953,CWE-94;CWE-119;CWE-427,3,Commercial Facilities; Critical Manufacturing; Energy,France,True,True,False,False,False
ICSA-19-297-01,2019-10-24,2019,False,ICSA,Rittal,Rittal Chiller SK 3232-Series,Critical,9.1,2,False,0.02297,CWE-306;CWE-798,2,Commercial Facilities; Communications; Critical Manufacturing; Energy; Information Technology,Germany,True,True,False,False,False
ICSA-19-297-02,2019-10-24,2019,False,ICSA,Honeywell,Honeywell IP-AK2,Medium,5.3,1,False,0.0125,CWE-306,1,Commercial Facilities; Critical Manufacturing; Energy; Healthcare and Public Health,United States,True,True,False,False,False
ICSA-19-302-01,2019-10-29,2019,False,ICSA,PHOENIX CONTACT,PHOENIX CONTACT Automation Worx Software Suite,High,7.8,1,False,0.03306,CWE-20,1,Communications; Critical Manufacturing; Information Technology,Germany,False,False,False,False,False
ICSA-19-304-01,2019-10-31,2019,False,ICSA,Advantech,Advantech WISE-PaaS/RMM,Critical,9.8,4,False,0.04907,CWE-22;CWE-89;CWE-611;CWE-862,4,Critical Manufacturing; Energy Water,Taiwan,True,True,False,False,False
ICSA-19-304-02,2019-10-31,2019,False,ICSA,Honeywell,Honeywell equIP Series IP Cameras,High,7.5,1,False,0.02066,CWE-20,1,Commercial Facilities; Critical Manufacturing; Energy; Healthcare and Public Health,United States,True,True,False,False,False
ICSA-19-304-03,2019-10-31,2019,False,ICSA,Honeywell,Honeywell equIP and Performance Series IP Cameras,High,7.5,1,False,0.01132,CWE-306,1,Commercial Facilities; Critical Manufacturing; Energy; Healthcare and Public Health,United States,True,True,False,False,False
ICSA-19-304-04,2019-10-31,2019,False,ICSA,Honeywell,Honeywell equIP and Performance Series IP Cameras and Recorders,High,7.5,1,False,0.0137,CWE-294,1,Commercial Facilities; Critical Manufacturing; Energy; Healthcare and Public Health,United States,True,True,False,False,False
ICSA-19-309-01,2019-11-05,2019,False,ICSA,Omron,Omron CX-Supervisor,Critical,9.8,4,False,0.08361,CWE-477,1,Energy,Japan,True,True,False,False,False
ICSA-19-311-01,2019-11-07,2019,False,ICSA,Mitsubishi Electric,Mitsubishi Electric MELSEC-Q Series and MELSEC-L Series CPU Modules,High,7.5,1,False,0.01521,CWE-400,1,Critical Manufacturing,Japan,False,False,False,False,False
ICSA-19-311-02,2019-11-07,2019,False,ICSA,Fuji Electric,Fuji Electric V-Server,High,7.8,1,False,0.14326,CWE-122,1,Critical Manufacturing,Japan,False,False,False,False,False
ICSA-19-318-01,2019-11-14,2019,False,ICSA,Siemens,Siemens Mentor Nucleus Networking Module,High,7.1,1,False,0.00715,CWE-20,1,Critical Manufacturing,Germany,False,False,False,False,False
ICSA-19-318-02,2019-11-14,2019,False,ICSA,Siemens,Siemens S7-1200 and S7-200 SMART CPUs (Update B),Medium,6.8,1,False,0.00532,CWE-749,1,Chemical; Critical Manufacturing; Energy; Food and Agriculture; Water and Wastewater,Germany,True,True,True,False,False
ICSA-19-318-03,2019-11-14,2019,False,ICSA,Siemens,Siemens Desigo PX Devices,Medium,5.3,1,False,0.01675,CWE-472,1,Chemical; Critical Manufacturing; Energy; Food and Agriculture; Water and Wastewater,Germany,True,True,False,False,False
ICSA-19-318-04,2019-11-14,2019,False,ICSA,Omron,Omron CX-Supervisor (Update A),High,8.8,1,False,0.01735,CWE-477,1,Energy,Japan,True,True,False,False,False
ICSA-19-318-05,2019-11-14,2019,False,ICSA,ABB,ABB Power Generation Information Manager (PGIM) and Plant Connect,Critical,9.8,1,False,0.01678,CWE-288,1,Chemical; Critical Manufacturing; Dams; Energy; Food and Agriculture; Water and Wastewater,Switzerland,True,True,False,False,False
ICSA-19-323-01,2019-11-19,2019,False,ICSA,Flexera,Flexera FlexNet Publisher,Critical,9.8,4,False,0.03669,CWE-20;CWE-119,2,Information Technology,United States,False,False,False,False,False
ICSA-19-330-01,2019-11-26,2019,False,ICSA,ABB,ABB Relion 670 Series,Critical,10.0,1,False,0.0198,CWE-22,1,Critical Manufacturing; Energy,Switzerland,True,True,False,False,False
ICSA-19-330-02,2019-11-26,2019,False,ICSA,ABB,ABB Relion 650 and 670 Series,Medium,5.3,1,False,0.01551,CWE-20,1,Critical Manufacturing; Energy,Switzerland,True,True,False,False,False
ICSA-19-337-01,2019-12-03,2019,False,ICSA,Reliable Controls,Reliable Controls LicenseManager,High,7.8,1,False,0.004,CWE-428,1,Commercial Facilities; Critical Manufacturing; Government Facilities,Canada,False,False,False,False,False
ICSA-19-337-02,2019-12-03,2019,False,ICSA,Moxa,Moxa AWK-3121,Critical,9.8,14,False,0.38324,CWE-77;CWE-79;CWE-119;CWE-284;CWE-319;CWE-352;CWE-1004,7,Critical Manufacturing; Energy; Water and Wastewater,Taiwan,True,True,False,False,False
ICSA-19-339-01,2019-12-05,2019,False,ICSA,Thales DIS,Thales DIS SafeNet Sentinel LDK License Manager Runtime,High,7.3,1,False,0.00423,CWE-59,1,Multiple Critical Sectors,France,False,False,False,False,False
ICSA-19-339-02,2019-12-05,2019,False,ICSA,Weidmueller,Weidmueller Industrial Ethernet Switches,Critical,9.8,5,False,0.01981,CWE-256;CWE-307;CWE-311;CWE-341;CWE-400,5,Critical Manufacturing; Information Technology,Germany,False,False,False,False,False
ICSA-19-344-01,2019-12-10,2019,False,ICSA,Siemens,Siemens SCALANCE W700 and W1700,Medium,6.5,1,False,0.01476,CWE-924,1,Chemical; Critical Manufacturing; Energy; Food and Agriculture; Water and Wastewater,Germany,True,True,False,False,False
ICSA-19-344-02,2019-12-10,2019,False,ICSA,Siemens and PKE,"Siemens and PKE SiNVR, SiVMS Video Server (Update A)",Critical,9.8,7,False,0.02652,CWE-261;CWE-306,2,Commercial Facilities,Germany,False,False,False,False,False
ICSA-19-344-03,2019-12-10,2019,False,ICSA,Siemens,Siemens RUGGEDCOM ROS (Update A),High,7.8,2,False,0.00574,CWE-119;CWE-399,2,Energy; Healthcare and Public Health; Transportation Systems;,Germany,True,True,False,False,False
ICSA-19-344-04,2019-12-10,2019,False,ICSA,Siemens,Siemens SIMATIC Products (Update C),Low,3.7,1,False,0.00978,CWE-327,1,Chemical; Critical Manufacturing; Energy; Food and Agriculture; Water and Wastewater,Germany,True,True,True,False,False
ICSA-19-344-05,2019-12-10,2019,False,ICSA,Siemens,Siemens XHQ Operations Intelligence,High,8.8,3,False,0.01042,CWE-20;CWE-80;CWE-352,3,Energy,Germany,True,True,False,False,False
ICSA-19-344-06,2019-12-10,2019,False,ICSA,Siemens,Siemens SIMATIC S7-1200 and S7-1500 CPU Families (Update B),Medium,5.3,2,False,0.00978,CWE-327;CWE-353,2,Chemical; Critical Manufacturing; Energy; Food and Agriculture; Water and Wastewater,Germany,True,True,True,False,False
ICSA-19-344-07,2019-12-10,2019,False,ICSA,Siemens,Siemens EN100 Ethernet Module (Update A),High,7.5,3,False,0.01949,CWE-23;CWE-79;CWE-119,3,Chemical; Critical Manufacturing; Energy; Food and Agriculture; Water and Wastewater,Germany,True,True,False,False,False
ICSA-19-346-01,2019-12-12,2019,False,ICSA,Advantech,Advantech DiagAnywhere Server,Critical,9.8,1,False,0.02768,CWE-121,1,Critical Manufacturing; Energy; Water and Wastewater,Taiwan,True,True,False,False,False
ICSA-19-346-02,2019-12-12,2019,False,ICSA,Omron,Omron PLC CJ and CS Series (Update B),High,8.6,3,False,0.0211,CWE-290;CWE-294;CWE-412,3,Critical Manufacturing,Japan,False,False,False,False,False
ICSA-19-346-03,2019-12-12,2019,False,ICSA,Omron,"Omron PLC CJ, CS and NJ Series",Medium,6.5,1,False,0.01307,CWE-307,1,Critical Manufacturing,Japan,False,False,False,False,False
ICSA-19-351-01,2019-12-17,2019,False,ICSA,GE,GE S2020/S2020G Fast Switch 61850,Medium,4.6,1,False,0.01553,CWE-79,1,Critical Manufacturing; Energy; Transportation,United States,True,True,False,False,False
ICSA-19-351-02,2019-12-17,2019,False,ICSA,Siemens,Siemens SPPA-T3000 (Update A),Critical,9.8,54,False,0.05431,CWE-20;CWE-121;CWE-122;CWE-125;CWE-190;CWE-200;CWE-284;CWE-287;CWE-319;CWE-434;CWE-502;CWE-952,12,Energy,Germany,True,True,False,False,True
ICSA-19-353-01,2019-12-19,2019,False,ICSA,Moxa,Moxa EDS Ethernet Switches,High,7.5,1,False,0.01333,CWE-400,1,Critical Manufacturing; Energy; Water and Wastewater,Taiwan,True,True,False,False,False
ICSA-19-353-02,2019-12-19,2019,False,ICSA,Equinox,Equinox Control Expert,Critical,9.8,1,False,0.01889,CWE-89,1,Multiple Critical Sectors,Argentina,False,False,False,False,False
ICSA-19-353-03,2019-12-19,2019,False,ICSA,WECON,WECON PLC Editor,High,7.8,1,False,0.02791,CWE-121,1,Critical Manufacturing; Energy; Water and Wastewater,China,True,True,False,False,False
ICSA-19-353-04,2019-12-19,2019,False,ICSA,Reliable Controls,Reliable Controls MACH-ProWebCom/Sys,High,8.2,1,False,0.00838,CWE-79,1,Commercial Facilities,Canada,False,False,False,False,False
ICSA-20-014-01,2020-01-14,2020,True,ICSA,GE/Emerson,GE PACSystems RX3i,High,7.5,1,False,0.01549,CWE-20,1,Commercial Facilities; Critical Manufacturing; Dams; Defense Industrial Base; Energy; Food and Agriculture; Government Facilities; Information Technology; Transportation Systems; Water and Wastewater,United States,True,True,False,False,False
ICSA-20-014-02,2020-01-14,2020,True,ICSA,Siemens,Siemens SINEMA Server,Critical,9.9,1,False,0.01208,CWE-266,1,Critical Manufacturing,Germany,False,False,False,False,False
ICSA-20-014-03,2020-01-14,2020,True,ICSA,Siemens,Siemens SCALANCE X Switches (Update B),High,8.8,1,False,0.01389,CWE-306,1,Critical Manufacturing,Germany,False,False,False,False,False
ICSA-20-014-04,2020-01-14,2020,True,ICSA,Siemens,Siemens SINAMICS PERFECT HARMONY GH180,Medium,6.8,1,False,0.00316,CWE-693,1,Critical Manufacturing,Germany,False,False,False,False,False
ICSA-20-014-05,2020-01-14,2020,True,ICSA,Siemens,Siemens TIA Portal (Update F),High,7.8,2,False,0.01742,CWE-22,1,Chemical; Critical Manufacturing; Energy; Food and Agriculture; Water and Wastewater,Germany,True,True,False,False,False
ICSA-20-014-06,2020-01-14,2020,True,ICSA,OSIsoft,OSIsoft PI Vision,High,7.1,4,False,0.01096,CWE-79;CWE-284;CWE-352;CWE-532,4,Multiple Critical Sectors,United States,False,False,False,False,False
ICSA-20-016-01,2020-01-16,2020,True,ICSA,Schneider Electric,Schneider Electric Modicon Controllers (Update A),High,7.5,3,False,0.0163,CWE-754,1,Commercial Facilities; Critical Manufacturing; Energy,France,True,True,True,False,False
ICSA-20-021-01,2020-01-21,2020,True,ICSA,Honeywell,Honeywell Maxpro VMS & NVR,Critical,9.8,2,False,0.0221,CWE-89;CWE-502,2,Commercial Facilities; Critical Manufacturing; Energy,United States,True,True,False,False,False
ICSA-20-035-01,2020-02-04,2020,True,ICSA,AutomationDirect,AutomationDirect C-More Touch Panels,Critical,10.0,1,False,0.02374,CWE-522,1,Commercial Facilities; Critical Manufacturing; Energy; Water and Wastewater,United States,True,True,False,False,False
ICSA-20-042-01,2020-02-11,2020,True,ICSA,Synergy Systems & Solutions (SSS),Synergy Systems & Solutions HUSKY RTU (Update A),Critical,9.8,6,False,0.02218,CWE-20;CWE-200;CWE-276;CWE-287;CWE-306;CWE-754,6,Energy; Transportation Systems,India,False,True,False,False,False
ICSA-20-042-02,2020-02-11,2020,True,ICSA,Siemens,Siemens Industrial Products SNMP Vulnerabilities (Update D),High,7.5,2,False,0.40002,CWE-19;CWE-476,2,Chemical; Energy; Food and Agriculture; Healthcare and Public Health; Transportation Systems; Water and Wastewater Systems,Germany,True,True,True,False,False
ICSA-20-042-03,2020-02-11,2020,True,ICSA,Siemens,Siemens SIMATIC CP 1543-1,Critical,9.8,2,False,0.57606,CWE-284;CWE-835,2,Chemical; Energy; Food and Agriculture; Healthcare and Public Health; Transportation Systems; Water and Wastewater,Germany,True,True,True,False,False
ICSA-20-042-04,2020-02-11,2020,True,ICSA,Siemens,Siemens PROFINET-IO Stack (Update H),High,7.5,1,False,0.0146,CWE-400,1,Critical Manufacturing,Germany,True,False,True,False,False
ICSA-20-042-05,2020-02-11,2020,True,ICSA,Siemens,Siemens SIMATIC S7 (Update B),Medium,5.3,1,False,0.01702,CWE-400,1,Chemical; Critical Manufacturing; Energy; Food and Agriculture; Water and Wastewater,Germany,True,True,True,False,False
ICSA-20-042-06,2020-02-11,2020,True,ICSA,Siemens,"Siemens SIMATIC PCS 7, SIMATIC WinCC, and SIMATIC NET PC (Update G)",High,7.5,2,False,0.01452,CWE-131,1,Chemical; Critical Manufacturing; Energy; Food and Agriculture; Water and Wastewater,Germany,True,True,True,False,False
ICSA-20-042-07,2020-02-11,2020,True,ICSA,Siemens,Siemens SCALANCE X Switches (Update C),Medium,4.2,1,False,0.00825,CWE-693,1,Critical Manufacturing,Germany,False,False,False,False,False
ICSA-20-042-08,2020-02-11,2020,True,ICSA,Siemens,Siemens SIPORT MP,Medium,6.5,1,False,0.0116,CWE-778,1,Commercial Facilities; Government Facilities,Germany,False,False,False,False,False
ICSA-20-042-09,2020-02-11,2020,True,ICSA,Siemens,Siemens OZW Web Server,Medium,5.3,1,False,0.01617,CWE-552,1,Commercial Facilities; Government Facilities,Germany,False,False,False,False,False
ICSA-20-042-10,2020-02-11,2020,True,ICSA,Siemens,Siemens SCALANCE S-600 (Update B),High,7.5,3,False,0.015,CWE-80;CWE-400,2,Information Technology,Germany,False,False,False,False,False
ICSA-20-042-11,2020-02-11,2020,True,ICSA,Siemens,Siemens SIMATIC S7-1500 (Update A),High,7.5,1,False,0.01677,CWE-400,1,Critical Manufacturing,Germany,True,False,True,False,False
ICSA-20-042-12,2020-02-11,2020,True,ICSA,Siemens,Siemens SIPROTEC 4 and SIPROTEC Compact,High,7.5,1,False,0.01591,CWE-20,1,Energy,Germany,True,True,False,False,False
ICSA-20-042-13,2020-02-11,2020,True,ICSA,"Digi International, Inc.",Digi ConnectPort LTS 32 MEI,Low,2.4,2,False,0.00831,CWE-79;CWE-434,2,Commercial Facilities; Critical Manufacturing; Food and Agriculture; Healthcare and Public Health; Transportation Systems,United States,False,False,False,False,False
ICSA-20-044-01,2020-02-13,2020,True,ICSA,Schneider Electric,Schneider Electric Modicon Ethernet Serial RTU,High,8.6,3,False,0.02084,CWE-284;CWE-754,2,Commercial Facilities,France,True,False,True,False,False
ICSA-20-044-02,2020-02-13,2020,True,ICSA,Schneider Electric,Schneider Electric Magelis HMI Panels,High,7.4,1,False,0.01049,CWE-754,1,Critical Manufacturing; Food and Agriculture,France,False,False,False,False,False
ICSA-20-049-01,2020-02-18,2020,True,ICSA,Honeywell,Honeywell INNCOM INNControl 3,Medium,6.6,1,False,0.00264,CWE-269,1,Commercial Facilities; Critical Manufacturing; Energy; Healthcare and Public Health,United States,True,True,False,False,False
ICSA-20-049-02,2020-02-18,2020,True,ICSA,Emerson,Emerson OpenEnterprise,High,8.1,1,False,0.02579,CWE-121,1,Energy; Chemical; Transportation Systems; Water and Wastewater,United States,True,True,False,False,False
ICSA-20-051-01,2020-02-20,2020,True,ICSA,B&R Industrial Automation GmbH,B&R Automation Studio and Automation Runtime,Critical,9.4,1,False,0.01645,CWE-285,1,Chemical; Critical Manufacturing; Energy,Austria,True,True,False,False,False
ICSA-20-051-02,2020-02-20,2020,True,ICSA,Rockwell Automation,Rockwell Automation FactoryTalk Diagnostics Update B,Critical,9.8,1,False,0.05497,CWE-502,1,Food and Agriculture; Transportation Systems; Water and Wastewater Systems,United States,False,False,False,False,False
ICSA-20-051-03,2020-02-20,2020,True,ICSA,Honeywell,Honeywell NOTI-FIRE-NET Web Server (NWS-3),Critical,9.4,2,False,0.01898,CWE-22;CWE-294,2,Information Technology,United States,False,False,False,False,False
ICSA-20-051-04,2020-02-20,2020,True,ICSA,Auto-Maskin,"Auto-Maskin RP210E, DCU210E, and Marine Observer Pro (Android App)",Critical,9.8,6,False,0.02095,CWE-319;CWE-346;CWE-521;CWE-640;CWE-798,5,Transportation Systems,Norway,False,False,False,False,False
ICSA-20-056-01,2020-02-25,2020,True,ICSA,Moxa,Moxa MB3xxx Series Protocol Gateways,Critical,9.8,9,False,0.04047,CWE-121;CWE-200;CWE-312;CWE-319;CWE-327;CWE-352;CWE-521;CWE-680;CWE-941,9,Critical Manufacturing; Energy; Water and Wastewater,Taiwan,True,True,False,False,False
ICSA-20-056-02,2020-02-25,2020,True,ICSA,Moxa,"Moxa ioLogik 2542-HSPA Series Controllers and IOs, and IOxpress Configuration Utility",High,7.5,3,False,0.01614,CWE-312;CWE-319;CWE-941,3,Critical Manufacturing; Energy; Water and Wastewater,Taiwan,True,True,False,False,False
ICSA-20-056-03,2020-02-25,2020,True,ICSA,Moxa,Moxa PT-7528 and PT-7828 Series Ethernet Switches,Critical,10.0,6,False,0.03498,CWE-121;CWE-200;CWE-321;CWE-327;CWE-521;CWE-798,6,Critical Manufacturing; Energy; Water and Wastewater,Taiwan,True,True,False,False,False
ICSA-20-056-04,2020-02-25,2020,True,ICSA,Moxa,Moxa EDS-G516E and EDS-510E Series Ethernet Switches,Critical,9.8,7,False,0.029,CWE-120;CWE-121;CWE-319;CWE-321;CWE-327;CWE-521;CWE-798,7,Critical Manufacturing; Energy; Water and Wastewater,Taiwan,True,True,False,False,False
ICSA-20-056-05,2020-02-25,2020,True,ICSA,Honeywell,Honeywell WIN-PAK,High,8.1,3,False,0.01075,CWE-352;CWE-477;CWE-644,3,Multiple Critical Sectors,United States,False,False,False,False,False
ICSA-20-063-01,2020-03-03,2020,True,ICSA,Emerson,Emerson ValveLink,High,7.8,1,False,0.00278,CWE-284,1,Chemical; Critical Manufacturing; Dams; Energy; Food and Agriculture; Healthcare and Public Health; Nuclear Reactors Materials and Waste; Transportation Systems; Water and Wastewater,United States,True,True,True,False,False
ICSA-20-063-02,2020-03-03,2020,True,ICSA,PHOENIX CONTACT,PHOENIX CONTACT Emalytics Controller ILC,Critical,9.4,1,False,0.01846,CWE-732,1,Commercial Facilities; Energy,Germany,True,True,False,False,False
ICSA-20-063-03,2020-03-03,2020,True,ICSA,Omron,Omron PLC CJ Series,High,7.5,1,False,0.01562,CWE-400,1,Critical Manufacturing,Japan,False,False,False,False,False
ICSA-20-063-04,2020-03-03,2020,True,ICSA,Moxa,Moxa AWK-3131A Series Industrial AP/Bridge/Client,Critical,9.9,12,False,0.06625,CWE-78;CWE-120;CWE-121;CWE-125;CWE-284;CWE-288;CWE-321;CWE-798,8,Critical Manufacturing; Energy; Water and Wastewater,Taiwan,True,True,False,False,False
ICSA-20-065-01,2020-03-05,2020,True,ICSA,WAGO,WAGO I/O-CHECK,Critical,10.0,9,False,0.04521,CWE-120;CWE-201;CWE-306;CWE-805,4,Commercial Facilities; Energy; Critical Manufacturing; Transportation Systems,Germany,True,True,False,False,False
ICSA-20-070-01,2020-03-10,2020,True,ICSA,Siemens and PKE,Siemens and PKE SiNVR/SiVMS Video Server (Update B),High,7.5,10,False,0.02804,CWE-20;CWE-22;CWE-313;CWE-327,4,Information Technology,Germany,False,False,False,False,False
ICSA-20-070-02,2020-03-10,2020,True,ICSA,Siemens,Siemens SIMATIC S7-300 CPUs and SINUMERIK Controller over Profinet (Update A),High,7.5,1,False,0.01716,CWE-400,1,Critical Manufacturing,Germany,True,False,True,False,False
ICSA-20-070-03,2020-03-10,2020,True,ICSA,Siemens,Siemens Spectrum Power 5,Medium,6.1,1,False,0.00785,CWE-80,1,Critical Manufacturing,Germany,False,False,False,False,False
ICSA-20-070-04,2020-03-10,2020,True,ICSA,Kantech (Subsidiary of Johnson Controls),Johnson Controls Kantech EntraPass,Critical,9.8,1,False,0.01602,CWE-20,1,Critical Manufacturing,Ireland,False,False,False,False,False
ICSA-20-070-05,2020-03-10,2020,True,ICSA,Johnson Controls Inc.,Johnson Controls Metasys,High,7.5,1,False,0.01286,CWE-611,1,Critical Manufacturing,Ireland,False,False,False,False,False
ICSA-20-070-06,2020-03-10,2020,True,ICSA,Rockwell Automation,Rockwell Automation MicroLogix Controllers and RSLogix 500 Software,Critical,9.8,4,False,0.04367,CWE-312;CWE-321;CWE-327;CWE-603,4,Multiple Critical Sectors,United States,False,False,False,False,False
ICSA-20-072-01,2020-03-12,2020,True,ICSA,ABB,ABB eSOMS,High,7.6,13,False,0.01571,CWE-79;CWE-89;CWE-200;CWE-312;CWE-326;CWE-521;CWE-525;CWE-614;CWE-642;CWE-644;CWE-693;CWE-1004;CWE-1021,13,Energy,Switzerland,True,True,False,False,False
ICSA-20-072-02,2020-03-12,2020,True,ICSA,ABB,ABB Asset Suite,High,7.1,1,False,0.00779,CWE-639,1,Energy,Switzerland,True,True,False,False,False
ICSA-20-072-03,2020-03-12,2020,True,ICSA,Rockwell Automation,Rockwell Automation Allen-Bradley Stratix 5950,Medium,6.7,1,False,0.00611,CWE-284,1,Critical Manufacturing,United States,False,False,False,False,False
ICSA-20-077-01,2020-03-17,2020,True,ICSA,Delta Electronics,Delta Electronics Industrial Automation CNCSoft ScreenEditor,High,7.8,2,False,0.01144,CWE-121;CWE-125,2,Critical Manufacturing,Taiwan,False,False,False,False,False
ICSA-20-079-01,2020-03-19,2020,True,ICSA,Systech Corporation,Systech NDS-5000 Terminal Server,Medium,6.8,1,False,0.01729,CWE-79,1,Healthcare and Public Health,United States,False,False,False,False,False
ICSA-20-084-01,2020-03-24,2020,True,ICSA,VISAM,VISAM Automation Base (VBASE) (Update B),Critical,9.0,5,False,0.02579,CWE-23;CWE-121;CWE-276;CWE-326;CWE-922,5,Multiple Critical Sectors,Germany,False,False,False,False,False
ICSA-20-084-02,2020-03-24,2020,True,ICSA,Schneider Electric,Schneider Electric IGSS SCADA Software,High,7.8,2,False,0.04066,CWE-22;CWE-306,2,Commercial Facilities; Critical Manufacturing; Energy,France,True,True,False,False,False
ICSA-20-086-01,2020-03-26,2020,True,ICSA,Advantech,Advantech WebAccess,High,8.8,1,False,0.02123,CWE-121,1,Critical Manufacturing; Energy; Water and Wastewater,Taiwan,True,True,False,False,False
ICSA-20-091-01,2020-03-31,2020,True,ICSA,Hirschmann Automation and Control GmbH (Division of Belden Inc),Hirschmann Automation and Control HiOS and HiSecOS Products,Critical,9.8,1,False,0.01646,CWE-120,1,Information Technology,United States,False,False,False,False,False
ICSA-20-091-02,2020-03-31,2020,True,ICSA,Mitsubishi Electric,Mitsubishi Electric MELSEC,Medium,5.3,1,False,0.01365,CWE-400,1,Critical Manufacturing,Japan,False,False,False,False,False
ICSA-20-093-01,2020-04-02,2020,True,ICSA,B&R Industrial Automation GmbH,B&R Automation Studio,High,7.5,3,False,0.01246,CWE-22;CWE-269;CWE-325,3,Chemical; Critical Manufacturing; Energy,Austria,True,True,False,False,False
ICSA-20-098-01,2020-04-07,2020,True,ICSA,Advantech,Advantech WebAccess/NMS,Critical,9.8,8,False,0.14327,CWE-23;CWE-78;CWE-89;CWE-306;CWE-434;CWE-611,6,Critical Manufacturing; Energy; Water and Wastewater,Taiwan,True,True,False,False,False
ICSA-20-098-02,2020-04-07,2020,True,ICSA,GE Digital,GE Digital CIMPLICITY,Medium,6.0,1,False,0.00392,CWE-269,1,Chemical; Critical Manufacturing; Energy; Food and Agriculture Water,United States,True,True,False,False,False
ICSA-20-098-03,2020-04-07,2020,True,ICSA,HMS Industrial Networks,HMS Networks eWON Flexy and Cosy,Medium,6.1,1,False,0.00687,CWE-79,1,Commercial Facilities; Critical Manufacturing; Energy; Water and Wastewater,Sweden,True,True,False,False,False
ICSA-20-098-04,2020-04-07,2020,True,ICSA,Fuji Electric,Fuji Electric V-Server Lite,High,7.8,1,False,0.00805,CWE-122,1,Critical Manufacturing,Japan,False,False,False,False,False
ICSA-20-098-05,2020-04-07,2020,True,ICSA,KUKA,KUKA.Sim Pro,Medium,4.3,1,False,0.00342,CWE-924,1,Critical Manufacturing,Germany,False,False,False,False,False
ICSA-20-100-01,2020-04-09,2020,True,ICSA,Rockwell Automation,Rockwell Automation RSLinx Classic,High,8.8,1,False,0.00445,CWE-732,1,Critical Manufacturing; Energy; Water and Wastewater,United States,True,True,False,False,False
ICSA-20-105-01,2020-04-14,2020,True,ICSA,Eaton,Eaton HMiSoft VU3,High,7.8,2,False,0.00832,CWE-121;CWE-125,2,Energy,Ireland,True,True,False,False,False
ICSA-20-105-02,2020-04-14,2020,True,ICSA,Triangle MicroWorks,Triangle MicroWorks DNP3 Outstation Libraries,High,7.5,1,False,0.01349,CWE-121,1,Energy; Water and Wastewater,United States,True,True,False,False,False
ICSA-20-105-03,2020-04-14,2020,True,ICSA,Triangle MicroWorks,Triangle MicroWorks SCADA Data Gateway,High,7.5,3,False,0.05226,CWE-121;CWE-125;CWE-843,3,Energy; Water and Wastewater,United States,True,True,False,False,False
ICSA-20-105-04,2020-04-14,2020,True,ICSA,Siemens,Siemens Climatix (Update A),Medium,6.1,2,False,0.00662,CWE-79;CWE-80,2,Commercial Facilities,Germany,False,False,False,False,False
ICSA-20-105-05,2020-04-14,2020,True,ICSA,Siemens,"Siemens RUGGEDCOM, SCALANCE, SIMATIC, SINEMA (Update B)",High,7.5,2,False,0.7372,CWE-20;CWE-400,2,Chemical; Energy; Food and Agriculture; Water and Wastewater,Germany,True,True,True,False,False
ICSA-20-105-06,2020-04-14,2020,True,ICSA,Siemens,"Siemens SIMOTICS, Desigo, APOGEE, and TALON (Update D)",High,7.1,2,False,0.01422,CWE-84,1,Chemical; Critical Manufacturing; Energy; Food and Agriculture; Water and Wastewater,Germany,True,True,False,False,False
ICSA-20-105-07,2020-04-14,2020,True,ICSA,Siemens,Siemens SCALANCE & SIMATIC (Update E),High,7.5,2,False,0.01361,CWE-400,1,Critical Manufacturing,Germany,True,False,True,False,False
ICSA-20-105-08,2020-04-14,2020,True,ICSA,Siemens,"Siemens KTK, SIDOOR, SIMATIC, and SINAMICS (Update D)",High,7.5,1,False,0.01722,CWE-400,1,Chemical; Energy; Food and Agriculture; Water and Wastewater,Germany,True,True,True,False,False
ICSA-20-105-09,2020-04-14,2020,True,ICSA,Siemens,Siemens TIM 3V-IE and 4R-IE Family Devices,Critical,9.0,1,False,0.01116,CWE-489,1,Chemical; Critical Manufacturing; Energy; Food and Agriculture; Water and Wastewater,Germany,True,True,True,False,False
ICSA-20-112-01,2020-04-21,2020,True,ICSA,Inductive Automation,Inductive Automation Ignition,Critical,9.1,1,False,0.01278,CWE-284,1,Critical Manufacturing; Energy; Information Technology,United States,True,True,False,False,False
ICSA-20-119-01,2020-04-28,2020,True,ICSA,LCDS - Leao Consultoria e Desenvolvimento de Sistemas Ltda ME,LCDS LAquis SCADA,Medium,6.5,2,False,0.00832,CWE-200,1,Chemical; Commercial Facilities; Energy; Food and Agriculture; Transportation Systems; Water and Wastewater,Brazil,False,True,False,False,False
ICSA-20-126-01,2020-05-05,2020,True,ICSA,Fazecast,Fazecast jSerialComm,High,7.8,1,False,0.005,CWE-427,1,Critical Manufacturing; Information Technology,United States,False,False,False,False,False
ICSA-20-126-02,2020-05-05,2020,True,ICSA,SAE IT-systems GmbH & Co KG,SAE IT-systems FW-50 Remote Telemetry Unit (RTU),Critical,9.1,2,False,0.01406,CWE-22;CWE-79,2,Critical Manufacturing; Energy; Transportation Systems; Water and Wastewater,Germany,True,True,False,False,False
ICSA-20-128-01,2020-05-07,2020,True,ICSA,Advantech,Advantech WebAccess Node,Critical,9.8,8,False,0.09076,CWE-23;CWE-89;CWE-121;CWE-122;CWE-125;CWE-129,6,Critical Manufacturing; Energy; Water and Wastewater,Taiwan,True,True,False,False,False
ICSA-20-133-01,2020-05-12,2020,True,ICSA,Eaton,Eaton Intelligent Power Manager,High,8.8,2,False,0.02147,CWE-20;CWE-266,2,Energy,Ireland,True,True,False,False,False
ICSA-20-133-02,2020-05-12,2020,True,ICSA,OSIsoft,OSIsoft PI System (Update A),High,7.8,11,False,0.87218,CWE-20;CWE-79;CWE-248;CWE-276;CWE-347;CWE-427;CWE-476;CWE-532,8,Multiple Critical Sectors,United States,True,False,True,False,False
ICSA-20-135-01,2020-05-14,2020,True,ICSA,Opto 22,Opto 22 SoftPAC Project,Critical,9.8,5,False,0.01746,CWE-73;CWE-284;CWE-285;CWE-347;CWE-427,5,Commercial Facilities; Critical Manufacturing; Information Technology; Transportation Systems,United States,False,False,False,False,False
ICSA-20-135-02,2020-05-14,2020,True,ICSA,Emerson,Emerson WirelessHART Gateway,Critical,10.0,1,False,0.01131,CWE-284,1,Chemical; Critical Manufacturing; Dams; Energy; Food and Agriculture; Healthcare and Public Health; Transportation Systems; Water and Wastewater,United States,True,True,False,False,False
ICSA-20-140-01,2020-05-19,2020,True,ICSA,Rockwell Automation,Rockwell Automation EDS Subsystem,High,8.2,2,False,0.02499,CWE-89;CWE-119,2,Critical Manufacturing; Energy; Water and Wastewater,United States,True,True,False,False,False
ICSA-20-140-02,2020-05-19,2020,True,ICSA,Emerson,Emerson OpenEnterprise,Critical,10.0,3,False,0.03107,CWE-282;CWE-306;CWE-326,3,Energy; Chemical; Critical Manufacturing; Water and Wastewater,United States,True,True,False,False,False
ICSA-20-142-01,2020-05-21,2020,True,ICSA,Sensormatic Electronics LLC (Subsidiary of Johnson Controls),Johnson Controls Software House C-CURE 9000 and American Dynamics victor VMS,Critical,9.9,1,False,0.0099,CWE-312,1,Commercial Facilities; Critical Manufacturing; Financial Services; Government Facilitates; Healthcare and Public Health; Transportation Systems,Ireland,False,False,False,False,False
ICSA-20-142-02,2020-05-21,2020,True,ICSA,Schneider Electric,Schneider Electric EcoStruxure Operator Terminal Expert,High,8.6,5,False,0.02289,CWE-22;CWE-88;CWE-89,3,Commercial Facilities; Critical Manufacturing; Energy,France,True,True,False,False,False
ICSA-20-147-01,2020-05-26,2020,True,ICSA,Inductive Automation,Inductive Automation Ignition (Update B),Critical,9.8,5,False,0.20208,CWE-306;CWE-502,2,Critical Manufacturing; Energy; Information Technology,United States,True,True,False,False,False
ICSA-20-147-02,2020-05-26,2020,True,ICSA,Kantech (Subsidiary of Johnson Controls),Johnson Controls Kantech EntraPass,High,8.8,1,False,0.00298,CWE-284,1,Critical Manufacturing,Ireland,False,False,False,False,False
ICSA-20-154-01,2020-06-02,2020,True,ICSA,ABB,ABB System 800xA,High,7.3,2,False,0.00291,CWE-276,1,Chemical; Critical Manufacturing; Dams; Energy; Food and Agriculture; Water and Wastewater,Switzerland,True,True,True,False,False
ICSA-20-154-02,2020-06-02,2020,True,ICSA,ABB,ABB System 800xA Base,High,7.8,1,False,0.00297,CWE-732,1,Chemical; Critical Manufacturing; Dams; Energy; Food and Agriculture; Water and Wastewater,Switzerland,True,True,True,False,False
ICSA-20-154-03,2020-06-02,2020,True,ICSA,ABB,ABB Multiple System 800xA Products,High,7.8,7,False,0.00406,CWE-276,1,Chemical; Critical Manufacturing; Dams; Energy; Food and Agriculture; Water and Wastewater,Switzerland,True,True,True,False,False
ICSA-20-154-04,2020-06-02,2020,True,ICSA,ABB,ABB Central Licensing System,Critical,9.8,5,False,0.02203,CWE-200;CWE-264;CWE-284;CWE-400;CWE-611,5,Chemical; Critical Manufacturing; Dams; Energy; Food and Agriculture; Water and Wastewater,Switzerland,True,True,True,False,False
ICSA-20-154-05,2020-06-02,2020,True,ICSA,GE,GE Grid Solutions Reason RT Clocks,Critical,9.6,1,False,0.02331,CWE-306,1,Chemical; Critical Manufacturing; Energy; Food and Agriculture; Water and Wastewater,United States,True,True,False,False,False
ICSA-20-154-06,2020-06-02,2020,True,ICSA,SWARCO,SWARCO CPU LS4000,Critical,10.0,2,False,0.01403,CWE-284,1,Transportation Systems,Germany,False,False,False,False,False
ICSA-20-161-01,2020-06-09,2020,True,ICSA,Advantech,Advantech WebAccess Node,Critical,9.8,1,False,0.02169,CWE-121,1,Critical Manufacturing; Energy; Water and Wastewater,Taiwan,True,True,False,False,False
ICSA-20-161-02,2020-06-09,2020,True,ICSA,Mitsubishi Electric,Mitsubishi Electric MELSEC iQ-R Series (Update C),High,7.5,10,False,0.02804,CWE-400,1,Information Technology,Japan,False,False,False,False,False
ICSA-20-161-03,2020-06-09,2020,True,ICSA,Siemens,Siemens LOGO! (Update A),Critical,9.4,1,False,0.0199,CWE-306,1,Chemical; Energy; Food and Agriculture; Water and Wastewater,Germany,True,True,False,False,False
ICSA-20-161-04,2020-06-09,2020,True,ICSA,Siemens,"Siemens SIMATIC, SINAMICS, SINEC, SINEMA, SINUMERIK (Update K)",High,8.8,1,False,0.0046,CWE-428,1,Chemical; Energy; Food and Agriculture; Water and Wastewater Systems,Germany,True,True,True,False,False
ICSA-20-161-05,2020-06-09,2020,True,ICSA,Siemens,"Siemens SIMATIC, SINAMICS (Update C)",High,7.8,2,False,0.00452,CWE-122;CWE-427,2,Chemical; Energy; Food and Agriculture; Water and Wastewater,Germany,True,True,True,False,False
ICSA-20-161-06,2020-06-09,2020,True,ICSA,Siemens,Siemens SINUMERIK,Critical,9.8,22,False,0.08263,CWE-121;CWE-122;CWE-124;CWE-125;CWE-170;CWE-193;CWE-665;CWE-788,8,Chemical; Energy; Food and Agriculture; Water and Wastewater,Germany,True,True,False,False,False
ICSA-20-163-01,2020-06-11,2020,True,ICSA,OSIsoft,OSIsoft PI Web API 2019,High,7.7,1,False,0.0157,CWE-79,1,Chemical; Critical Manufacturing; Energy; Food and Agriculture; Government Facilities; Healthcare and Public Health; Information Technology; Water and Wastewater,United States,True,True,False,False,False
ICSA-20-163-02,2020-06-11,2020,True,ICSA,Rockwell Automation,Rockwell Automation FactoryTalk Linx Software (Update A),Critical,9.6,4,False,0.11503,CWE-20;CWE-22;CWE-434,3,Critical Manufacturing; Energy; Water and Wastewater,United States,True,True,False,False,False
ICSA-20-168-01,2020-06-16,2020,True,ICSA,Treck Inc,Treck TCP/IP (Update I),Critical,10.0,19,True,0.36852,CWE-20;CWE-125;CWE-130;CWE-170;CWE-190;CWE-284;CWE-415,7,Energy; Critical Manufacturing; Information Technology; Healthcare and Public Health; Transportation Systems,United States,True,True,False,False,False
ICSA-20-170-01,2020-06-18,2020,True,ICSA,Exacq Technologies Inc (Subsidiary of Johnson Controls),Johnson Controls exacqVision (Update A),Medium,6.8,1,False,0.0777,CWE-347,1,Critical Manufacturing,Ireland,False,False,False,False,False
ICSA-20-170-02,2020-06-18,2020,True,ICSA,Mitsubishi Electric,"Mitsubishi Electric MC Works64, MC Works32",Critical,9.4,5,False,0.29194,CWE-94;CWE-502;CWE-787,3,Critical Manufacturing,Japan,False,False,False,False,False
ICSA-20-170-03,2020-06-18,2020,True,ICSA,ICONICS,"ICONICS GENESIS64, GENESIS32",Critical,9.4,5,False,0.29194,CWE-94;CWE-502;CWE-787,3,Critical Manufacturing,United States,False,False,False,False,False
ICSA-20-170-04,2020-06-18,2020,True,ICSA,Rockwell Automation,Rockwell Automation FactoryTalk Services Platform,High,7.5,1,False,0.01099,CWE-20,1,Food and Agriculture; Transportation Systems; Water and Wastewater,United States,False,False,False,False,False
ICSA-20-170-05,2020-06-18,2020,True,ICSA,Rockwell Automation,Rockwell Automation FactoryTalk View SE,Critical,9.0,4,False,0.53033,CWE-20;CWE-119;CWE-200;CWE-264,4,Chemical; Commercial Facilities; Critical Manufacturing; Energy; Government Facilities; Water and Wastewater,United States,True,True,False,False,False
ICSA-20-175-01,2020-06-23,2020,True,ICSA,Mitsubishi Electric,"Mitsubishi Electric MELSEC iQ-R, iQ-F, Q, L and FX Series CPU Modules (Update A)",Critical,10.0,1,False,0.01296,CWE-319,1,Critical Manufacturing,Japan,False,False,False,False,False
ICSA-20-175-02,2020-06-23,2020,True,ICSA,Honeywell,Honeywell ControlEdge PLC and RTU,Medium,5.9,2,False,0.00743,CWE-319,1,Chemical; Critical Manufacturing; Energy; Water and Wastewater,United States,True,True,False,False,False
ICSA-20-175-03,2020-06-23,2020,True,ICSA,ABB,ABB Device Library Wizard,High,7.8,1,False,0.00319,CWE-922,1,Chemical; Critical Manufacturing; Dams; Energy; Food and Agriculture; Water and Wastewater,Switzerland,True,True,False,False,False
ICSA-20-177-01,2020-06-25,2020,True,ICSA,ENTTEC,ENTTEC Lighting Controllers (Update A),High,8.8,4,False,0.02016,CWE-79;CWE-284;CWE-321;CWE-732,4,Commercial Facilities,Australia,False,False,False,False,False
ICSA-20-177-02,2020-06-25,2020,True,ICSA,Rockwell Automation,Rockwell FactoryTalk Services Platform XXE,High,8.4,1,False,0.00336,CWE-611,1,Food and Agriculture; Transportation Systems; Water and Wastewater,United States,False,False,False,False,False
ICSA-20-177-03,2020-06-25,2020,True,ICSA,Rockwell Automation,Rockwell FactoryTalk View SE,High,8.8,2,False,0.00273,CWE-261;CWE-312,2,Chemical; Commercial Facilities; Critical Manufacturing; Energy; Government Facilities; Water and Wastewater,United States,True,True,False,False,False
ICSA-20-182-01,2020-06-30,2020,True,ICSA,Delta Electronics,Delta Industrial Automation DOPSoft (Update A),High,7.8,2,False,0.02591,CWE-122;CWE-125,2,Critical Manufacturing,Taiwan,False,False,False,False,False
ICSA-20-182-02,2020-06-30,2020,True,ICSA,Mitsubishi Electric,Mitsubishi Electric Factory Automation Engineering Software Products,High,7.5,2,False,0.01431,CWE-400;CWE-611,2,Multiple Critical Sectors,Japan,False,False,False,False,False
ICSA-20-184-01,2020-07-02,2020,True,ICSA,Nortek,Nortek Linear eMerge 50P/5000P,Critical,10.0,5,False,0.40005,CWE-35;CWE-77;CWE-287;CWE-352;CWE-434,5,Commercial Facilities,Italy,False,False,False,False,False
ICSA-20-184-02,2020-07-02,2020,True,ICSA,ABB,ABB System 800xA Information Manager,High,8.8,1,False,0.01711,CWE-79,1,Chemical; Critical Manufacturing; Dams; Energy; Food and Agriculture; Water and Wastewater,Switzerland,True,True,True,False,False
ICSA-20-189-01,2020-07-07,2020,True,ICSA,Grundfos Pumps Corporation,Grundfos CIM 500,High,7.5,2,False,0.01519,CWE-256;CWE-306,2,Water,Denmark,False,False,False,False,False
ICSA-20-189-02,2020-07-07,2020,True,ICSA,Mitsubishi Electric,Mitsubishi Electric GOT2000 Series,Critical,9.8,6,False,0.03489,CWE-88;CWE-119;CWE-284;CWE-384;CWE-399;CWE-476,6,Multiple Critical Sectors,Japan,False,False,False,False,False
ICSA-20-191-01,2020-07-09,2020,True,ICSA,PHOENIX CONTACT,Phoenix Contact Automation Worx Software Suite,High,7.8,2,False,0.14668,CWE-121;CWE-125,2,Communications; Critical Manufacturing; Information Technology,Germany,False,False,False,False,False
ICSA-20-191-02,2020-07-09,2020,True,ICSA,Rockwell Automation,Rockwell Automation Logix Designer Studio 5000,Low,3.6,1,False,0.01545,CWE-611,1,Critical Manufacturing; Energy; Water and Wastewater,United States,True,True,False,False,False
ICSA-20-196-01,2020-07-14,2020,True,ICSA,Advantech,Advantech iView,Critical,9.8,6,False,0.07018,CWE-20;CWE-22;CWE-77;CWE-89;CWE-284;CWE-306,6,Critical Manufacturing; Energy; Water and Wastewater,Taiwan,True,True,False,False,False
ICSA-20-196-02,2020-07-14,2020,True,ICSA,Moxa,Moxa EDR-G902 and EDR-G903 Series Routers,Critical,9.8,1,False,0.01395,CWE-121,1,Critical Manufacturing; Energy; Transportation Systems,Taiwan,True,True,False,False,False
ICSA-20-196-03,2020-07-14,2020,True,ICSA,Siemens,"Siemens SICAM MMU, SICAM T, and SICAM SGU",Critical,9.8,9,False,0.01889,CWE-79;CWE-80;CWE-120;CWE-125;CWE-294;CWE-306;CWE-311;CWE-916,8,Chemical; Energy; Food and Agriculture; Water and Wastewater,Germany,True,True,False,False,False
ICSA-20-196-04,2020-07-14,2020,True,ICSA,Siemens,Siemens SIMATIC HMI Panels,Medium,5.7,1,False,0.00332,CWE-319,1,Chemical; Energy; Food and Agriculture; Water and Wastewater,Germany,True,True,True,False,False
ICSA-20-196-05,2020-07-14,2020,True,ICSA,Siemens,Siemens UMC Stack (Update H),Medium,6.7,3,False,0.02484,CWE-20;CWE-400;CWE-428,3,Critical Manufacturing,Germany,True,False,True,False,False
ICSA-20-196-06,2020-07-14,2020,True,ICSA,Siemens,Siemens SIMATIC S7-200 SMART CPU Family,High,7.5,1,False,0.01044,CWE-400,1,Chemical; Critical Manufacturing; Energy; Food and Agriculture; Water and Wastewater,Germany,True,True,True,False,False
ICSA-20-196-07,2020-07-14,2020,True,ICSA,Siemens,Siemens Opcenter Execution Core (Update B),High,8.5,4,False,0.01219,CWE-79;CWE-89;CWE-284;CWE-522,4,Critical Manufacturing,Germany,False,False,False,False,False
ICSA-20-196-08,2020-07-14,2020,True,ICSA,Siemens,Siemens LOGO! Web Server,Critical,9.8,1,False,0.09071,CWE-120,1,Chemical; Energy; Food and Agriculture; Water and Wastewater,Germany,True,True,False,False,False
ICSA-20-203-01,2020-07-21,2020,True,ICSA,Wibu-Systems AG,Wibu-Systems CodeMeter (Update F),Critical,10.0,6,False,0.0207,CWE-20;CWE-326;CWE-346;CWE-347;CWE-404;CWE-805,6,Multiple Critical Sectors,Germany,False,False,False,False,False
ICSA-20-205-01,2020-07-23,2020,True,ICSA,Schneider Electric,Schneider Electric Triconex TriStation and Tricon Communication Module,Critical,10.0,5,False,0.01859,CWE-284;CWE-319;CWE-400;CWE-912,4,Multiple Critical Sectors,France,False,False,False,False,False
ICSA-20-210-01,2020-07-28,2020,True,ICSA,Secomea,Secomea GateManager,Critical,10.0,4,False,0.02487,CWE-158;CWE-193;CWE-798;CWE-916,4,Critical Manufacturing,Denmark,False,False,False,False,False
ICSA-20-210-02,2020-07-28,2020,True,ICSA,Softing Industrial Automation GmbH,Softing Industrial Automation OPC,Critical,9.8,2,False,0.02515,CWE-122;CWE-400,2,Critical Manufacturing,Germany,False,False,False,False,False
ICSA-20-210-03,2020-07-28,2020,True,ICSA,HMS Industrial Networks,HMS Industrial Networks eCatcher,Critical,9.6,1,False,0.03984,CWE-121,1,Critical Manufacturing,Sweden,False,False,False,False,False
ICSA-20-212-01,2020-07-30,2020,True,ICSA,Inductive Automation,Inductive Automation Ignition 8,High,7.5,1,False,0.01152,CWE-862,1,Critical Manufacturing; Energy; Information Technology,United States,True,True,False,False,False
ICSA-20-212-02,2020-07-30,2020,True,ICSA,Mitsubishi Electric,Mitsubishi Electric Factory Automation Engineering Software (Update D),High,8.3,1,False,0.00909,CWE-275,1,Critical Manufacturing,Japan,False,False,False,False,False
ICSA-20-212-03,2020-07-30,2020,True,ICSA,Mitsubishi Electric,Mitsubishi Electric Factory Automation Products Path Traversal (Update C),High,8.3,1,False,0.02254,CWE-22,1,Critical Manufacturing,Japan,False,False,False,False,False
ICSA-20-212-04,2020-07-30,2020,True,ICSA,Mitsubishi Electric,Mitsubishi Electric Factory Automation Engineering Products (Update L),High,8.3,1,False,0.01274,CWE-428,1,Critical Manufacturing,Japan,False,False,False,False,False
ICSA-20-217-01,2020-08-04,2020,True,ICSA,Delta Electronics,Delta Industrial Automation CNCSoft ScreenEditor,High,7.8,3,False,0.09477,CWE-121;CWE-125;CWE-824,3,Critical Manufacturing,Taiwan,False,False,False,False,False
ICSA-20-219-01,2020-08-06,2020,True,ICSA,Multiple Trailer and Brake Manufacturers,Trailer Power Line Communications,Medium,4.3,1,False,0.00465,CWE-201,1,Transportation Systems,Not Applicable,False,False,False,False,False
ICSA-20-219-02,2020-08-06,2020,True,ICSA,Advantech,Advantech WebAccess HMI Designer,Critical,9.8,6,False,0.03976,CWE-121;CWE-122;CWE-125;CWE-415;CWE-787;CWE-843,6,Critical Manufacturing; Energy; Water and Wastewater,Taiwan,True,True,False,False,False
ICSA-20-219-03,2020-08-06,2020,True,ICSA,Geutebruck,Geutebruck G-Cam and G-Code,High,7.2,1,False,0.61092,CWE-78,1,Commercial Facilities; Energy; Financial Services; Government Facilities; Healthcare and Public Health; Transportation Systems,Germany,True,True,False,False,False
ICSA-20-219-04,2020-08-06,2020,True,ICSA,Delta Electronics,Delta Industrial Automation TPEditor,High,7.8,5,False,0.02641,CWE-20;CWE-121;CWE-122;CWE-123;CWE-125,5,Critical Manufacturing,Taiwan,False,False,False,False,False
ICSA-20-224-01,2020-08-11,2020,True,ICSA,Yokogawa,Yokogawa CENTUM (Update A),High,8.1,2,False,0.02065,CWE-22;CWE-287,2,Critical Manufacturing; Energy; Food and Agriculture,Japan,True,True,True,False,False
ICSA-20-224-02,2020-08-11,2020,True,ICSA,Schneider Electric,Schneider Electric APC Easy UPS On-Line,Critical,9.8,2,False,0.01659,CWE-22,1,Multiple Critical Sectors,France,False,False,False,False,False
ICSA-20-224-03,2020-08-11,2020,True,ICSA,Tridium,Tridium Niagara,Medium,4.3,1,False,0.0042,CWE-1088,1,Commercial Facilities; Critical Manufacturing; Government Facilities; Information Technology,United States,False,False,False,False,False
ICSA-20-224-04,2020-08-11,2020,True,ICSA,Siemens,"Siemens SCALANCE, RUGGEDCOM",Critical,9.8,1,False,0.19925,CWE-120,1,Chemical; Energy; Food and Agriculture; Water and Wastewater,Germany,True,True,False,False,False
ICSA-20-224-05,2020-08-11,2020,True,ICSA,Siemens,"Siemens SIMATIC, SIMOTICS (Update A)",Low,3.1,1,False,0.07314,CWE-367,1,Energy,Germany,True,True,True,False,False
ICSA-20-224-06,2020-08-11,2020,True,ICSA,Siemens,Siemens Desigo CC,Critical,9.8,1,False,0.05978,CWE-94,1,Commercial Facilities; Government Facilities,Germany,False,False,False,False,False
ICSA-20-224-07,2020-08-11,2020,True,ICSA,Siemens,Siemens Automation License Manager,High,7.3,1,False,0.00268,CWE-285,1,Chemical; Energy; Food and Agriculture; Water and Wastewater,Germany,True,True,False,False,False
ICSA-20-224-08,2020-08-11,2020,True,ICSA,Siemens,Siemens SICAM A8000 RTUs,High,8.3,1,False,0.01002,CWE-79,1,Energy,Germany,True,True,False,False,False
ICSA-20-238-01,2020-08-25,2020,True,ICSA,Advantech,Advantech iView,Critical,9.8,1,False,0.07717,CWE-22,1,Critical Manufacturing; Energy; Water and Wastewater,Taiwan,True,True,False,False,False
ICSA-20-238-02,2020-08-25,2020,True,ICSA,Emerson,Emerson OpenEnterprise,Low,3.8,1,False,0.00097,CWE-326,1,Chemical; Energy; Healthcare and Public Health; Water and Wastewater,United States,True,True,False,False,False
ICSA-20-238-03,2020-08-25,2020,True,ICSA,WECON,WECON LeviStudioU (Update C),High,7.8,3,False,0.12007,CWE-121;CWE-122;CWE-611,3,Critical Manufacturing; Energy; Water and Wastewater,China,True,True,False,False,False
ICSA-20-240-01,2020-08-27,2020,True,ICSA,Red Lion Controls,"Red Lion N-Tron 702-W, 702M12-W",Critical,9.8,5,False,0.0624,CWE-79;CWE-352;CWE-912;CWE-1104,4,Commercial Facilities; Energy; Transportation Systems; Water and Wastewater,United States,True,True,False,False,False
ICSA-20-245-01,2020-09-01,2020,True,ICSA,Mitsubishi Electric,Mitsubishi Electric Multiple Products (Update G),High,7.3,1,False,0.0227,CWE-342,1,Critical Manufacturing,Japan,False,False,False,False,False
ICSA-20-252-01,2020-09-08,2020,True,ICSA,Siemens,Siemens SIMATIC RTLS Locating Manager,High,8.4,3,False,0.00328,CWE-276;CWE-428,2,Critical Manufacturing; Transportation Systems,Germany,True,False,True,False,False
ICSA-20-252-02,2020-09-08,2020,True,ICSA,Siemens,Siemens SIMATIC S7-300 and S7-400 CPUs (Update C),Medium,5.9,1,False,0.00718,CWE-522,1,Critical Manufacturing,Germany,True,False,True,False,False
ICSA-20-252-03,2020-09-08,2020,True,ICSA,Siemens,Siemens License Management Utility,High,7.8,1,False,0.00367,CWE-250,1,Commercial Facilities; Government Facilities,Germany,False,False,False,False,False
ICSA-20-252-04,2020-09-08,2020,True,ICSA,Siemens,Siemens Spectrum Power,Low,3.7,2,False,0.00901,CWE-312;CWE-548,2,Energy,Germany,True,True,False,False,False
ICSA-20-252-05,2020-09-08,2020,True,ICSA,Siemens,Siemens Siveillance Video Client,Medium,5.3,1,False,0.00623,CWE-319,1,Commercial facilities,Germany,False,False,False,False,False
ICSA-20-252-06,2020-09-08,2020,True,ICSA,Siemens,Siemens SIMATIC HMI Products (Update A),Medium,6.5,2,False,0.01489,CWE-305;CWE-307,2,Energy,Germany,True,True,True,False,False
ICSA-20-252-07,2020-09-08,2020,True,ICSA,Siemens,Siemens Industrial Products (Update F),Medium,5.5,1,False,0.0054,CWE-200,1,Critical manufacturing,Germany,True,False,True,False,False
ICSA-20-252-08,2020-09-08,2020,True,ICSA,Siemens,Siemens Polarion Subversion Webclient,High,8.1,2,False,0.00671,CWE-80;CWE-352,2,Energy,Germany,True,True,False,False,False
ICSA-20-254-01,2020-09-10,2020,True,ICSA,AVEVA,AVEVA Enterprise Data Management Web,Critical,9.6,3,False,0.02912,CWE-89,1,Critical Manufacturing; Information Technology,United Kingdom,False,False,False,False,False
ICSA-20-254-02,2020-09-10,2020,True,ICSA,FATEK Automation,FATEK Automation PLC WinProladder,High,7.8,1,False,0.01299,CWE-121,1,Critical Manufacturing; Commercial Facilities,Taiwan,False,False,False,False,False
ICSA-20-254-03,2020-09-10,2020,True,ICSA,HMS Industrial Networks,HMS Networks Ewon Flexy and Cosy,Low,2.3,1,False,0.0034,CWE-942,1,Commercial Facilities; Critical Manufacturing; Energy; Water and Wastewater,Sweden,True,True,False,False,False
ICSA-20-261-01,2020-09-17,2020,False,ICSA,Advantech,Advantech WebAccess Node,High,7.8,1,False,0.0038,CWE-732,1,Critical Manufacturing; Energy; Water and Wastewater,Taiwan,True,True,False,False,False
ICSA-20-266-01,2020-09-22,2020,False,ICSA,GE Digital,GE Digital APM Classic,High,7.5,2,False,0.00898,CWE-639;CWE-759,2,Chemical; Critical Manufacturing; Energy; Food and Agriculture; Water and Wastewater,United States,True,True,False,False,False
ICSA-20-266-02,2020-09-22,2020,False,ICSA,GE,GE Reason S20 Ethernet Switch,Medium,6.1,2,False,0.00706,CWE-79,1,Energy,United States,True,True,False,False,False
ICSA-20-273-01,2020-09-29,2020,False,ICSA,MB Connect line,"MB Connect line mbCONNECT24, mymbCONNECT24",Critical,9.8,3,False,0.00845,CWE-77;CWE-89;CWE-352,3,Critical Manufacturing,Germany,False,False,False,False,False
ICSA-20-273-02,2020-09-29,2020,False,ICSA,Yokogawa,Yokogawa WideField3,Low,2.8,1,False,0.00737,CWE-120,1,Critical Manufacturing; Energy; Food and Agriculture,Japan,True,True,False,False,False
ICSA-20-273-03,2020-09-29,2020,False,ICSA,B&R Industrial Automation GmbH,B&R Automation SiteManager and GateManager,High,7.7,6,False,0.01346,CWE-22;CWE-200;CWE-287;CWE-400,4,Chemical; Critical Manufacturing; Energy,Austria,True,True,False,False,False
ICSA-20-280-01,2020-10-06,2020,False,ICSA,Rockwell Automation,Rockwell Automation ISaGRAF5 Runtime (Update A),Critical,9.1,5,False,0.06421,CWE-23;CWE-256;CWE-319;CWE-321;CWE-427,5,Critical Manufacturing; Energy; Water and Wastewater,United States,True,True,False,False,False
ICSA-20-282-01,2020-10-08,2020,False,ICSA,Sensormatic Electronics LLC (Subsidiary of Johnson Controls),Johnson Controls Sensormatic Electronics American Dynamics victor Web Client and Software House C¢CURE Web Client (Update A),High,7.1,1,False,0.01131,CWE-285,1,Critical Manufacturing,Ireland,False,False,False,False,False
ICSA-20-282-02,2020-11-19,2020,False,ICSA,Mitsubishi Electric,Mitsubishi Electric MELSEC iQ-R Series (Update D),High,8.6,1,False,0.02143,CWE-400,1,Critical Manufacturing,Japan,False,False,False,False,False
ICSA-20-287-01,2020-10-13,2020,False,ICSA,Moxa,MOXA NPort IAW5000A-I/O Series,Critical,9.8,6,False,0.01792,CWE-200;CWE-269;CWE-307;CWE-319;CWE-384;CWE-521,6,Energy,Taiwan,True,True,False,False,False
ICSA-20-287-02,2020-10-13,2020,False,ICSA,LCDS - Leao Consultoria e Desenvolvimento de Sistemas Ltda ME,LCDS LAquis SCADA,High,7.8,1,False,0.01939,CWE-125,1,Chemical; Commercial Facilities; Energy; Food and Agriculture; Transportation Systems; Water and Wastewater,Brazil,False,True,False,False,False
ICSA-20-287-03,2020-10-13,2020,False,ICSA,Flexera,Flexera InstallShield,High,7.3,1,False,0.00503,CWE-426,1,Multiple Critical Sectors,United States,False,False,False,False,False
ICSA-20-287-04,2020-10-13,2020,False,ICSA,Fieldcomm Group,Fieldcomm Group HART-IP and hipserver,Critical,9.8,1,False,0.01488,CWE-121,1,Commercial Facilities; Critical Manufacturing,United States,False,False,False,False,False
ICSA-20-287-05,2020-10-13,2020,False,ICSA,Siemens,Siemens Desigo Insight,Medium,5.4,3,False,0.00995,CWE-89;CWE-200;CWE-1021,3,Multiple Critical Sectors,Germany,False,False,False,False,False
ICSA-20-287-06,2020-10-13,2020,False,ICSA,Siemens,Siemens SIPORT MP,High,8.8,1,False,0.01479,CWE-603,1,Commercial Facilities,Germany,False,False,False,False,False
ICSA-20-289-01,2020-10-15,2020,False,ICSA,Advantech,Advantech WebAccess/SCADA,High,8.8,1,False,0.01509,CWE-73,1,Critical Manufacturing; Energy; Water and Wastewater,Taiwan,True,True,False,False,False
ICSA-20-289-02,2020-10-15,2020,False,ICSA,Advantech,Advantech R-SeeNet,High,7.5,1,False,0.01413,CWE-89,1,Critical Manufacturing; Energy; Water and Wastewater,Taiwan,True,True,False,False,False
ICSA-20-294-01,2020-10-20,2020,False,ICSA,Rockwell Automation,Rockwell Automation 1794-AENT Flex I/O Series B,High,7.5,5,False,0.04263,CWE-120,1,Critical Manufacturing,United States,False,False,False,False,False
ICSA-20-294-02,2020-10-20,2020,False,ICSA,Hitachi and ABB,Hitachi ABB Power Grids XMC20 Multiservice-Multiplexer,Critical,9.1,1,False,0.91789,CWE-287,1,Energy,Switzerland,True,True,False,False,False
ICSA-20-301-01,2020-10-27,2020,False,ICSA,SHUN HU Technology Co Ltd,SHUN HU Technology JUUKO Industrial Radio Remote Control,High,8.3,2,False,0.01507,CWE-77;CWE-294,2,Communications,Taiwan,False,False,False,False,False
ICSA-20-303-01,2020-10-29,2020,False,ICSA,Mitsubishi Electric,"Mitsubishi Electric MELSEC iQ-R, Q, and L Series (Update E)",High,7.5,1,False,0.03572,CWE-400,1,Critical Manufacturing,Japan,False,False,False,False,False
ICSA-20-303-02,2020-10-29,2020,False,ICSA,Mitsubishi Electric,Mitsubishi Electric MELSEC iQ-R,Critical,9.8,6,False,0.03209,CWE-88;CWE-119;CWE-284;CWE-384;CWE-399;CWE-476,6,Critical Manufacturing,Japan,False,False,False,False,False
ICSA-20-308-01,2020-11-03,2020,False,ICSA,WAGO,WAGO Series 750-88x and 750-352 (Update A),High,7.5,1,False,0.01887,CWE-400,1,Commercial Facilities; Critical Manufacturing; Energy; Transportation Systems,Germany,True,True,False,False,False
ICSA-20-308-02,2020-11-03,2020,False,ICSA,NEXCOM,NEXCOM NIO50,Medium,5.3,2,False,0.01164,CWE-20;CWE-319,2,Multiple Critical Sectors,Taiwan,False,False,False,False,False
ICSA-20-308-03,2020-11-03,2020,False,ICSA,ARC Informatique,ARC Informatique PcVue (Update A),Critical,9.8,3,False,0.03751,CWE-200;CWE-502;CWE-767,3,Multiple Critical Sectors,France,False,False,False,False,False
ICSA-20-310-01,2020-11-05,2020,False,ICSA,WECON,WECON PLC Editor,High,7.8,2,False,0.02058,CWE-121;CWE-122,2,Critical Manufacturing; Energy; Water and Wastewater,China,True,True,False,False,False
ICSA-20-310-02,2020-11-05,2020,False,ICSA,Mitsubishi Electric,Mitsubishi Electric GT14 Model of GOT1000 Series,Critical,9.8,6,False,0.04544,CWE-88;CWE-119;CWE-284;CWE-384;CWE-399;CWE-476,6,Critical Manufacturing,Japan,False,False,False,False,False
ICSA-20-315-01,2020-11-10,2020,False,ICSA,OSIsoft,OSIsoft PI Interface for OPC XML-DA,High,8.1,1,False,0.28084,CWE-189,1,Multiple Critical Sectors,United States,False,False,False,False,False
ICSA-20-315-02,2020-11-10,2020,False,ICSA,OSIsoft,OSIsoft PI Vision,High,7.7,2,False,0.00947,CWE-79;CWE-863,2,Multiple Critical Sectors,United States,False,False,False,False,False
ICSA-20-315-03,2020-11-10,2020,False,ICSA,Schneider Electric,Schneider Electric PLC Simulator for EcoStruxure Control Expert,High,7.5,1,False,0.01288,CWE-754,1,Commercial Facilities; Energy; Food and Agriculture; Government Facilities; Transportation Systems; Water and Wastewater,France,True,True,False,False,False
ICSA-20-315-04,2020-11-10,2020,False,ICSA,Siemens,Siemens SIMATIC S7-300 CPUs and SINUMERIK Controller (Update A),Medium,5.9,2,False,0.01666,CWE-400,1,Chemical; Critical Manufacturing; Food and Agriculture,Germany,True,False,True,False,False
ICSA-20-315-05,2020-11-10,2020,False,ICSA,Siemens,Siemens SCALANCE W 1750D,Critical,9.8,1,False,0.05123,CWE-20,1,Chemical; Critical Manufacturing; Energy; Food and Agriculture; Water and Wastewater,Germany,True,True,False,False,False
ICSA-20-317-01,2020-11-12,2020,False,ICSA,Mitsubishi Electric,Mitsubishi Electric MELSEC iQ-R Series,Medium,6.8,1,False,0.08754,CWE-400,1,Critical Manufacturing,Japan,False,False,False,False,False
ICSA-20-324-01,2020-11-19,2020,False,ICSA,Sensormatic Electronics LLC (Subsidiary of Johnson Controls),Johnson Controls Sensormatic Electronics American Dynamics victor Web Client,High,7.1,1,False,0.00533,CWE-285,1,Critical Manufacturing,Ireland,False,False,False,False,False
ICSA-20-324-02,2020-11-19,2020,False,ICSA,Paradox,Paradox IP150 (Update A),Critical,9.8,2,False,0.0265,CWE-120;CWE-121,2,Multiple Critical Sectors,United States,False,False,False,False,False
ICSA-20-324-03,2020-11-19,2020,False,ICSA,Real Time Automation (RTA),Real Time Automation EtherNet/IP,Critical,9.8,1,False,0.03026,CWE-121,1,Critical Manufacturing,United States,False,False,False,False,False
ICSA-20-324-04,2020-11-19,2020,False,ICSA,Schneider Electric,Schneider Electric Interactive Graphical SCADA System (IGSS),High,7.8,9,False,0.02499,CWE-119;CWE-125;CWE-787,3,Commercial Facilities; Critical Manufacturing; Energy,France,True,True,False,False,False
ICSA-20-324-05,2020-11-19,2020,False,ICSA,Mitsubishi Electric,Mitsubishi Electric MELSEC iQ-R Series (Update B),High,7.5,1,False,0.04935,CWE-400,1,Critical Manufacturing,Japan,False,False,False,False,False
ICSA-20-329-01,2020-11-24,2020,False,ICSA,Rockwell Automation,Rockwell Automation FactoryTalk Linx,Critical,9.8,3,False,0.06815,CWE-20;CWE-122,2,Critical Manufacturing; Energy; Water and Wastewater,United States,True,True,False,False,False
ICSA-20-329-02,2020-11-24,2020,False,ICSA,Fuji Electric,Fuji Electric V-Server Lite,High,7.8,1,False,0.01151,CWE-787,1,Critical Manufacturing,Japan,False,False,False,False,False
ICSA-20-336-01,2020-12-01,2020,False,ICSA,Schneider Electric,Schneider Electric EcoStruxure Operator Terminal Expert runtime (Vijeo XD),High,7.4,1,False,0.00313,CWE-269,1,Commercial Facilities; Energy; Food and Agriculture; Government Facilities; Transportation Systems; Water and Wastewater,France,True,True,False,False,False
ICSA-20-338-01,2020-12-03,2020,False,ICSA,National Instruments Corp (NI),National Instruments CompactRIO,High,7.5,1,False,0.01123,CWE-732,1,Critical Manufacturing,United States,False,False,False,False,False
ICSA-20-343-01,2020-12-08,2020,False,ICSA,Multiple (Open-source),Multiple Embedded TCP/IP Stacks,Critical,9.8,33,False,0.59089,CWE-20;CWE-125;CWE-170;CWE-190;CWE-787;CWE-835,6,Multiple Critical Sectors,Open-source,False,False,False,False,False
ICSA-20-343-02,2020-12-08,2020,False,ICSA,Mitsubishi Electric,Mitsubishi Electric GOT and Tension Controller (Update B),High,7.5,1,False,0.0282,CWE-125,1,Critical Manufacturing,Japan,False,False,False,False,False
ICSA-20-343-03,2020-12-08,2020,False,ICSA,Schneider Electric,Schneider Electric Easergy T300,Critical,10.0,5,False,0.03163,CWE-306;CWE-311;CWE-862;CWE-1021,4,Commercial Facilities; Energy; Food and Agriculture; Government Facilities; Transportation Systems; Water and Wastewater,France,True,True,False,False,False
ICSA-20-343-04,2020-12-08,2020,False,ICSA,Schneider Electric,Schneider Electric Modicon M221 Programmable Logic Controller,High,7.1,5,False,0.00734,CWE-200;CWE-311;CWE-326;CWE-334;CWE-760,5,Commercial Facilities; Energy; Food and Agriculture; Government Facilities; Transportation Systems; Water and Wastewater,France,True,True,True,False,False
ICSA-20-343-05,2020-12-08,2020,False,ICSA,Siemens,Siemens Embedded TCP/IP Stack Vulnerabilities-AMNESIA:33 (Update C),Medium,6.5,1,False,0.03959,CWE-190,1,Energy,Germany,True,True,False,False,False
ICSA-20-343-06,2020-12-08,2020,False,ICSA,Siemens,Siemens XHQ Operations Intelligence,High,8.1,7,False,0.01256,CWE-23;CWE-79;CWE-80;CWE-89;CWE-200;CWE-352,6,Energy,Germany,True,True,False,False,False
ICSA-20-343-07,2020-12-08,2020,False,ICSA,Siemens,Siemens SICAM A8000 RTUs,High,8.1,1,False,0.00571,CWE-693,1,Energy,Germany,True,True,False,False,False
ICSA-20-343-08,2020-12-08,2020,False,ICSA,Siemens,Siemens Products using TightVNC (Update A),Critical,9.8,4,False,0.19461,CWE-120;CWE-122;CWE-476,3,Chemical; Critical Manufacturing; Energy; Food and Agriculture; Water and Wastewater,Germany,True,True,True,False,False
ICSA-20-343-09,2020-12-08,2020,False,ICSA,Siemens,Siemens SIMATIC Controller Web Servers,Medium,5.3,1,False,0.0161,CWE-248,1,Critical Manufacturing,Germany,True,False,True,False,False
ICSA-20-343-10,2020-12-08,2020,False,ICSA,Siemens,Siemens LOGO! 8 BM,Critical,9.8,8,False,0.01389,CWE-306;CWE-321;CWE-327;CWE-522,4,Commercial Facilities; Transportation Systems,Germany,False,False,False,False,False
ICSA-20-345-01,2020-12-10,2020,False,ICSA,Mitsubishi Electric,Mitsubishi Electric MELSEC iQ-F Series,High,7.4,1,False,0.01028,CWE-703,1,Critical Manufacturing,Japan,False,False,False,False,False
ICSA-20-345-02,2020-12-10,2020,False,ICSA,Host Engineering,Host Engineering H2-ECOM100 Module,High,7.5,1,False,0.01472,CWE-20,1,Critical Manufacturing,United States,False,False,False,False,False
ICSA-20-352-01,2020-12-17,2020,False,ICSA,Emerson,Emerson Rosemount X-STREAM,High,7.5,1,False,0.01271,CWE-287,1,Energy; Chemical,United States,True,True,False,False,False
ICSA-20-352-02,2020-12-17,2020,False,ICSA,PTC,PTC Kepware KEPServerEX (Update A),Critical,9.8,3,False,0.10062,CWE-121;CWE-122;CWE-416,3,Critical Manufacturing,United States,False,False,False,False,False
ICSA-20-352-03,2020-12-17,2020,False,ICSA,PTC,PTC Kepware LinkMaster,Critical,9.3,1,False,0.00688,CWE-276,1,Critical Manufacturing,United States,False,False,False,False,False
ICSA-20-353-01,2020-12-18,2020,False,ICSA,Treck Inc,Treck TCP/IP Stack (Update A),Critical,9.8,4,False,0.03348,CWE-122;CWE-125;CWE-787,3,Critical Manufacturing; Information Technology; Healthcare and Public Health; Transportation Systems,United States,False,False,False,False,False
ICSA-21-005-01,2021-01-05,2021,True,ICSA,Schneider Electric,Schneider Electric Web Server on Modicon M340,Medium,6.3,3,False,0.01144,CWE-120;CWE-125;CWE-787,3,Commercial Facilities; Energy; Food and Agriculture; Government Facilities; Transportation Systems; Water and Wastewater Systems,France,True,True,True,False,False
ICSA-21-005-02,2021-01-05,2021,True,ICSA,Panasonic,Panasonic FPWIN Pro,High,7.3,1,False,0.01191,CWE-125,1,Commercial Facilities; Critical Manufacturing; Food and Agriculture,Japan,False,False,False,False,False
ICSA-21-005-03,2021-01-05,2021,True,ICSA,GE,GE Reason RT43X Clocks,Critical,9.8,2,False,0.03172,CWE-94;CWE-321,2,Communications; Critical Manufacturing; Energy; Healthcare and Public Health; Transportation Systems; Water and Wastewater Systems,United States,True,True,False,False,False
ICSA-21-005-04,2021-01-05,2021,True,ICSA,Red Lion Controls,Red Lion Crimson 3.1,High,7.5,3,False,0.01729,CWE-306;CWE-404;CWE-476,3,Critical Manufacturing,United States,False,False,False,False,False
ICSA-21-005-05,2021-01-05,2021,True,ICSA,Delta Electronics,Delta Electronics DOPSoft,High,7.8,2,False,0.0325,CWE-787;CWE-822,2,Critical Manufacturing,Taiwan,False,False,False,False,False
ICSA-21-005-06,2021-01-05,2021,True,ICSA,Delta Electronics,Delta Electronics CNCSoft ScreenEditor,High,7.8,1,False,0.02017,CWE-121,1,Critical Manufacturing,Taiwan,False,False,False,False,False
ICSA-21-007-01,2021-01-07,2021,True,ICSA,Hitachi and ABB,Hitachi ABB Power Grids FOX615 Multiservice-Multiplexer,Critical,9.1,1,False,0.91789,CWE-287,1,Energy,Switzerland,True,True,False,False,False
ICSA-21-007-02,2021-01-07,2021,True,ICSA,Omron,Omron CX-One,High,7.8,3,False,0.07612,CWE-121;CWE-822;CWE-843,3,Critical Manufacturing,Japan,False,False,False,False,False
ICSA-21-007-03,2021-01-07,2021,True,ICSA,Eaton,Eaton EASYsoft (Update A),Medium,5.8,2,False,0.02706,CWE-125;CWE-843,2,Critical Manufacturing; Energy; Water and Wastewater Systems,Ireland,True,True,False,False,False
ICSA-21-007-04,2021-01-07,2021,True,ICSA,Delta Electronics,Delta Electronics CNCSoft-B,High,7.8,4,False,0.02534,CWE-125;CWE-787;CWE-822;CWE-843,4,Critical Manufacturing,Taiwan,False,False,False,False,False
ICSA-21-012-01,2021-01-12,2021,True,ICSA,Schneider Electric,Schneider Electric EcoStruxure Power Build-Rapsody (Update A),High,7.8,2,False,0.03873,CWE-434,1,Commercial Facilities; Energy; Food and Agriculture; Government Facilities; Transportation Systems; Water and Wastewater Systems,France,True,True,False,False,False
ICSA-21-012-02,2021-01-12,2021,True,ICSA,Siemens,Siemens SCALANCE X Switches (Update C),Critical,9.1,2,False,0.01176,CWE-321,1,Multiple Critical Sectors,Germany,False,False,False,False,False
ICSA-21-012-03,2021-01-12,2021,True,ICSA,Siemens,Siemens JT2Go and Teamcenter Visualization (Update B),High,7.8,18,False,0.04297,CWE-121;CWE-122;CWE-125;CWE-611;CWE-787;CWE-843,6,Critical Manufacturing,Germany,False,False,False,False,False
ICSA-21-012-04,2021-01-12,2021,True,ICSA,Siemens,Siemens Solid Edge,High,7.8,6,False,0.03439,CWE-121;CWE-787,2,Critical Manufacturing,Germany,False,False,False,False,False
ICSA-21-012-05,2021-01-12,2021,True,ICSA,Siemens,Siemens SCALANCE X Products (Update B),Critical,9.8,3,False,0.01907,CWE-122;CWE-306,2,Critical Manufacturing,Germany,False,False,False,False,False
ICSA-21-019-01,2021-01-19,2021,True,ICSA,dnsmasq by Simon Kelley,dnsmasq by Simon Kelley (Update A),High,8.1,7,False,0.86692,CWE-122;CWE-327;CWE-345,3,Multiple Critical Sectors,United Kingdom,False,False,False,False,False
ICSA-21-019-02,2021-01-19,2021,True,ICSA,Reolink,Reolink P2P Cameras,Critical,9.1,2,False,0.00986,CWE-319;CWE-321,2,Communications,Hong Kong,False,False,False,False,False
ICSA-21-021-01,2021-01-21,2021,True,ICSA,Delta Electronics,Delta Electronics ISPSoft,High,7.8,1,False,0.01252,CWE-416,1,Critical Manufacturing,Taiwan,False,False,False,False,False
ICSA-21-021-02,2021-01-21,2021,True,ICSA,Delta Electronics,Delta Electronics TPEditor,High,7.8,2,False,0.01278,CWE-787;CWE-822,2,Critical Manufacturing,Taiwan,False,False,False,False,False
ICSA-21-021-03,2021-01-21,2021,True,ICSA,Matrikon (Subsidiary of Honeywell),Honeywell OPC UA Tunneller,Critical,9.8,4,False,0.02411,CWE-122;CWE-125;CWE-400;CWE-754,4,Multiple Critical Sectors,Canada,False,False,False,False,False
ICSA-21-021-04,2021-01-21,2021,True,ICSA,Mitsubishi Electric,Mitsubishi Electric MELFA (Update A),High,7.5,1,False,0.02744,CWE-400,1,Critical Manufacturing,Japan,False,False,False,False,False
ICSA-21-021-05,2021-01-21,2021,True,ICSA,M&M Software GmbH (Subsidiary of WAGO Kontakttechnik),WAGO M&M Software fdtCONTAINER (Update C),High,7.3,1,False,0.0134,CWE-502,1,Commercial Facilities; Critical Manufacturing; Energy; Transportation Systems,Germany,True,True,False,False,False
ICSA-21-026-01,2021-01-26,2021,True,ICSA,Fuji Electric,Fuji Electric Tellus Lite V-Simulator and V-Server Lite,High,7.8,5,False,0.02142,CWE-121;CWE-122;CWE-125;CWE-787;CWE-824,5,Critical Manufacturing,Japan,False,False,False,False,False
ICSA-21-026-02,2021-01-26,2021,True,ICSA,Bachmann Electronic GmbH,All Bachmann M1 System Processor Modules,High,7.2,1,False,0.00848,CWE-916,1,Energy; Transportation Systems,Austria,True,True,False,False,False
ICSA-21-028-01,2021-01-28,2021,True,ICSA,Rockwell Automation,Rockwell Automation FactoryTalk Linx and FactoryTalk Services Platform,High,7.5,4,False,0.38828,CWE-120;CWE-703,2,Critical Manufacturing,United States,False,False,False,False,False
ICSA-21-033-01,2021-02-02,2021,True,ICSA,Rockwell Automation,Rockwell Automation MicroLogix 1400 (Update A),High,8.1,1,False,0.01719,CWE-120,1,Critical Manufacturing,United States,False,False,False,False,False
ICSA-21-033-02,2021-02-02,2021,True,ICSA,Siemens,Siemens SIMATIC HMI Comfort Panels & SIMATIC HMI KTP Mobile Panels,High,8.1,1,False,0.05218,CWE-306,1,Critical Manufacturing,Germany,True,False,True,False,False
ICSA-21-035-01,2021-02-04,2021,True,ICSA,Luxion,Luxion KeyShot (Update A),High,7.8,5,False,0.02646,CWE-22;CWE-125;CWE-357;CWE-787;CWE-822,5,Critical Manufacturing,United States,False,False,False,False,False
ICSA-21-035-02,2021-02-04,2021,True,ICSA,Horner Automation,Horner Automation Cscape,High,7.8,1,False,0.01345,CWE-125,1,Critical Manufacturing,United States,False,False,False,False,False
ICSA-21-040-01,2021-02-09,2021,True,ICSA,GE Digital,GE Digital HMI/SCADA iFIX,Medium,6.1,2,False,0.00211,CWE-732,1,Multiple Critical Sectors,United States,False,False,False,False,False
ICSA-21-040-02,2021-02-09,2021,True,ICSA,Advantech,Advantech iView,Critical,9.8,4,False,0.36845,CWE-22;CWE-89;CWE-306,3,Critical Manufacturing; Energy; Water and Wastewater Systems,Taiwan,True,True,False,False,False
ICSA-21-040-03,2021-02-09,2021,True,ICSA,Siemens,Siemens SINEMA Server & SINEC NMS,High,8.8,1,False,0.20616,CWE-22,1,Chemical; Energy; Food and Agriculture; Water and Wastewater Systems,Germany,True,True,False,False,False
ICSA-21-040-04,2021-02-09,2021,True,ICSA,Siemens,Siemens RUGGEDCOM ROX II,Critical,9.8,6,False,0.44398,CWE-20;CWE-125;CWE-295;CWE-345;CWE-476;CWE-787,6,Critical Manufacturing,Germany,False,False,False,False,False
ICSA-21-040-05,2021-02-09,2021,True,ICSA,Siemens,Siemens TIA Administrator (Update A),High,7.8,1,False,0.00862,CWE-284,1,Critical Manufacturing,Germany,False,False,False,False,False
ICSA-21-040-06,2021-02-09,2021,True,ICSA,Siemens,Siemens JT2Go and Teamcenter Visualization (Update A),High,7.8,23,False,0.03991,CWE-119;CWE-121;CWE-125;CWE-704;CWE-787;CWE-789;CWE-822;CWE-843,8,Critical Manufacturing,Germany,False,False,False,False,False
ICSA-21-040-07,2021-02-09,2021,True,ICSA,Siemens,Siemens SCALANCE W780 and W740,Medium,4.3,1,False,0.00694,CWE-770,1,Critical Manufacturing,Germany,False,False,False,False,False
ICSA-21-040-08,2021-02-09,2021,True,ICSA,Siemens,Siemens SIMARIS Configuration (Update A),Medium,4.4,1,False,0.00293,CWE-276,1,Energy,Germany,True,True,False,False,False
ICSA-21-040-09,2021-02-09,2021,True,ICSA,Siemens,SIMATIC WinCC Graphics Designer,Medium,6.2,1,False,0.00336,CWE-288,1,Chemical; Critical Manufacturing; Energy; Food and Agriculture; Water and Wastewater Systems,Germany,True,True,True,False,False
ICSA-21-040-10,2021-02-09,2021,True,ICSA,Siemens,Siemens DIGSI 4,High,7.8,1,False,0.00342,CWE-276,1,Critical Manufacturing,Germany,False,False,False,False,False
ICSA-21-042-01,2021-02-11,2021,True,ICSA,Multiple Vendors,Multiple Embedded TCP/IP Stacks (Update B),High,7.5,9,False,0.01716,CWE-330,1,Multiple Critical Sectors,Multiple,False,False,False,False,False
ICSA-21-042-02,2021-02-11,2021,True,ICSA,Rockwell Automation,Rockwell Automation DriveTools SP and Drives AOP,High,7.5,1,False,0.00434,CWE-427,1,Food and Agriculture; Transportation Systems; Water and Wastewater Systems,United States,False,False,False,False,False
ICSA-21-047-01,2021-02-16,2021,True,ICSA,Open Design Alliance,Open Design Alliance Drawings SDK (Update A),High,7.8,7,False,0.0323,CWE-121;CWE-704;CWE-787;CWE-789;CWE-822;CWE-843,6,Multiple Critical Sectors,United States,False,False,False,False,False
ICSA-21-047-02,2021-02-16,2021,True,ICSA,Rockwell Automation,Rockwell Automation Allen-Bradley Micrologix 1100,High,7.5,1,False,0.04639,CWE-130,1,Critical Manufacturing,United States,False,False,False,False,False
ICSA-21-049-01,2021-02-18,2021,True,ICSA,Johnson Controls Inc.,Johnson Controls Metasys Reporting Engine (MRE) Web Services,High,7.5,1,False,0.03787,CWE-22,1,Critical Manufacturing,Ireland,False,False,False,False,False
ICSA-21-049-02,2021-02-18,2021,True,ICSA,Mitsubishi Electric,Mitsubishi Electric FA Engineering Software Products (Update H),High,8.7,2,False,0.06881,CWE-122;CWE-130,2,Critical Manufacturing,Japan,False,False,False,False,False
ICSA-21-054-01,2021-02-23,2021,True,ICSA,Rockwell Automation,Rockwell Automation FactoryTalk Services Platform,Critical,10.0,1,False,0.04095,CWE-916,1,Chemical; Commercial Facilities; Critical Manufacturing; Energy; Government Facilities; Water and Wastewater Systems,United States,True,True,False,False,False
ICSA-21-054-02,2021-02-23,2021,True,ICSA,Advantech,Advantech BB-ESWGP506-2SFP-T,Critical,9.8,1,False,0.03612,CWE-798,1,Multiple Critical Sectors,Taiwan,False,False,False,False,False
ICSA-21-054-03,2021-02-23,2021,True,ICSA,Advantech,Advantech Spectre RT Industrial Routers,Critical,10.0,9,False,0.63029,CWE-79;CWE-307;CWE-319;CWE-327;CWE-1103,5,Critical Manufacturing; Energy; Water and Wastewater Systems,Taiwan,True,True,False,False,False
ICSA-21-054-04,2021-02-23,2021,True,ICSA,Ovarro,Ovarro TBox (Update A),High,8.8,5,False,0.01328,CWE-94;CWE-321;CWE-400;CWE-522;CWE-732,5,Critical Manufacturing,United Kingdom,False,False,False,False,False
ICSA-21-056-01,2021-02-25,2021,True,ICSA,PerFact,PerFact OpenVPN-Client,High,8.8,1,False,0.00995,CWE-15,1,Critical Manufacturing,Germany,False,False,False,False,False
ICSA-21-056-02,2021-02-25,2021,True,ICSA,FATEK Automation,FATEK Automation FvDesigner,High,7.8,5,False,0.01113,CWE-121;CWE-125;CWE-416;CWE-787;CWE-824,5,Critical Manufacturing,Taiwan,False,False,False,False,False
ICSA-21-056-03,2021-02-25,2021,True,ICSA,Rockwell Automation,Rockwell Automation Logix Controllers (Update A),Critical,10.0,1,True,0.6363,CWE-522,1,Multiple Critical Sectors,United States,True,False,True,False,False
ICSA-21-056-04,2021-02-25,2021,True,ICSA,ProSoft Technology,ProSoft Technology ICX35,High,8.2,1,False,0.01019,CWE-264,1,Multiple Critical Sectors,United States,False,False,False,False,False
ICSA-21-061-01,2021-03-02,2021,True,ICSA,Hitachi and ABB,Hitachi ABB Power Grids Ellipse EAM,Medium,5.5,2,False,0.00622,CWE-79;CWE-451,2,Energy Sector,Switzerland,True,True,False,False,False
ICSA-21-061-02,2021-03-02,2021,True,ICSA,Rockwell Automation,Rockwell Automation CompactLogix 5370 and ControlLogix 5570 Controllers (Update A),Medium,5.8,1,False,0.02161,CWE-22,1,Critical Manufacturing,United States,True,False,True,False,False
ICSA-21-061-03,2021-03-02,2021,True,ICSA,MB Connect line,"MB connect line mbCONNECT24, mymbCONNECT24",High,7.8,18,False,0.01479,CWE-79;CWE-98;CWE-200;CWE-269;CWE-400;CWE-522;CWE-601;CWE-798;CWE-918;CWE-1188,10,Critical Manufacturing,Germany,False,False,False,False,False
ICSA-21-063-01,2021-03-04,2021,True,ICSA,Rockwell Automation,Rockwell Automation 1734-AENTR Series B and Series C,High,7.5,2,False,0.01266,CWE-79;CWE-284,2,Critical Manufacturing,United States,False,False,False,False,False
ICSA-21-063-02,2021-03-04,2021,True,ICSA,Schneider Electric,Schneider Electric EcoStruxure Building Operation (EBO),Medium,6.7,7,False,0.02392,CWE-79;CWE-284;CWE-428;CWE-434;CWE-611,5,Commercial Facilities; Energy; Food and Agriculture; Government Facilities; Transportation Systems; Water and Wastewater Systems,France,True,True,False,False,False
ICSA-21-068-01,2021-03-09,2021,True,ICSA,Siemens,Siemens SIMATIC S7-PLCSIM,Medium,5.5,3,False,0.00223,CWE-369;CWE-476;CWE-835,3,Multiple Critical Sectors,Germany,True,False,True,False,False
ICSA-21-068-02,2021-03-09,2021,True,ICSA,Siemens,Siemens SCALANCE and RUGGEDCOM Devices SSH (Update A),High,8.6,1,False,0.0129,CWE-307,1,Multiple Critical Sectors,Germany,False,False,False,False,False
ICSA-21-068-03,2021-03-09,2021,True,ICSA,Siemens,Siemens SCALANCE and RUGGEDCOM Devices (Update A),High,8.8,1,False,0.00859,CWE-121,1,Multiple Critical Sectors,Germany,False,False,False,False,False
ICSA-21-068-04,2021-03-09,2021,True,ICSA,Siemens,Siemens SINEMA Remote Connect Server,High,8.8,2,False,0.0094,CWE-863,1,Critical Manufacturing,Germany,False,False,False,False,False
ICSA-21-068-05,2021-03-09,2021,True,ICSA,Siemens,Siemens LOGO! 8 BM,Medium,5.5,1,False,0.00266,CWE-755,1,Commercial Facilities; Transportation Systems,Germany,False,False,False,False,False
ICSA-21-068-06,2021-03-09,2021,True,ICSA,Siemens,Siemens TCP/IP Stack Vulnerabilities-AMNESIA:33 in SENTRON PAC / 3VA Devices (Update B),Medium,6.5,2,False,0.03259,CWE-125;CWE-787,2,Energy,Germany,True,True,False,False,False
ICSA-21-068-07,2021-03-09,2021,True,ICSA,Siemens,Siemens TCP Stack of SIMATIC MV400,High,7.5,2,False,0.01212,CWE-330;CWE-1285,2,Critical Manufacturing,Germany,True,False,True,False,False
ICSA-21-068-08,2021-03-09,2021,True,ICSA,Siemens,Siemens Energy PLUSCONTROL 1st Gen,Medium,6.5,1,False,0.0135,CWE-342,1,Energy,Germany,True,True,False,False,False
ICSA-21-068-09,2021-03-09,2021,True,ICSA,Siemens,Siemens Solid Edge File Parsing,High,7.8,4,False,0.01478,CWE-125;CWE-611;CWE-787,3,Critical Manufacturing,Germany,False,False,False,False,False
ICSA-21-068-10,2021-03-09,2021,True,ICSA,Siemens,Siemens SCALANCE and SIMATIC libcurl (Update B),High,7.5,1,False,0.04286,CWE-125,1,Multiple Critical Sectors,Germany,True,False,True,False,False
ICSA-21-070-01,2021-03-11,2021,True,ICSA,Schneider Electric,Schneider Electric IGSS SCADA Software,High,7.8,4,False,0.02,CWE-119,1,Commercial Facilities; Critical Manufacturing; Energy,France,True,True,False,False,False
ICSA-21-075-01,2021-03-16,2021,True,ICSA,Advantech,Advantech WebAccess/SCADA,Medium,5.4,1,False,0.0069,CWE-79,1,Critical Manufacturing; Energy; Water and Wastewater Systems,Taiwan,True,True,False,False,False
ICSA-21-075-02,2021-03-16,2021,True,ICSA,GE,GE UR family,Critical,9.8,9,False,0.95707,CWE-20;CWE-200;CWE-326;CWE-384;CWE-434;CWE-453;CWE-798,7,Communications; Critical Manufacturing; Energy; Healthcare and Public Health; Transportation Systems; Water and Wastewater Systems,United States,True,True,False,False,False
ICSA-21-075-03,2021-03-16,2021,True,ICSA,Hitachi and ABB,Hitachi ABB Power Grids AFS Series,Medium,6.5,1,False,0.00586,CWE-835,1,Energy,Switzerland,True,True,False,False,False
ICSA-21-077-01,2021-03-18,2021,True,ICSA,Exacq Technologies Inc (Subsidiary of Johnson Controls),Johnson Controls Exacq Technologies exacqVision,Medium,5.3,1,False,0.01204,CWE-200,1,Critical Manufacturing,Ireland,False,False,False,False,False
ICSA-21-077-02,2021-03-18,2021,True,ICSA,Hitachi and ABB,Hitachi ABB Power Grids eSOMS,High,7.5,1,False,0.00934,CWE-200,1,Energy,Switzerland,True,True,False,False,False
ICSA-21-077-03,2021-03-18,2021,True,ICSA,Hitachi and ABB,Hitachi ABB Power Grids eSOMS Telerik,Critical,9.8,4,True,0.99737,CWE-20;CWE-22;CWE-326;CWE-502;CWE-522,5,Energy,Switzerland,True,True,False,False,False
ICSA-21-082-01,2021-03-23,2021,True,ICSA,Weintek,Weintek EasyWeb cMT,Critical,10.0,3,False,0.02859,CWE-79;CWE-94;CWE-284,3,Commercial Facilities; Water and Wastewater Systems,Taiwan,False,False,False,False,False
ICSA-21-082-02,2021-03-23,2021,True,ICSA,GE,GE MU320E,Critical,9.8,3,False,0.00263,CWE-250;CWE-259;CWE-326,3,Multiple Critical Sectors,United States,False,False,False,False,False
ICSA-21-082-03,2021-03-23,2021,True,ICSA,GE,GE Reason DR60,Critical,9.8,3,False,0.01351,CWE-94;CWE-250;CWE-259,3,Communications; Critical Manufacturing; Energy; Healthcare and Public Health; Transportation Systems; Water and Wastewater Systems,United States,True,True,False,False,False
ICSA-21-091-01,2021-04-01,2021,True,ICSA,Rockwell Automation,Rockwell Automation FactoryTalk AssetCentre,Critical,10.0,9,False,0.05657,CWE-78;CWE-89;CWE-502;CWE-676,4,Critical Manufacturing,United States,False,False,False,False,False
ICSA-21-096-01,2021-04-06,2021,True,ICSA,Hitachi Energy,Hitachi Energy Relion 670 650 SAM600IO (Update B),High,7.5,1,False,0.01575,CWE-20,1,Energy,Switzerland,True,True,False,False,False
ICSA-21-098-01,2021-04-08,2021,True,ICSA,FATEK Automation,FATEK Automation WinProladder,High,7.8,1,False,0.00982,CWE-191,1,Critical Manufacturing,Taiwan,False,False,False,False,False
ICSA-21-103-01,2021-04-13,2021,True,ICSA,Schneider Electric,Schneider Electric SoMachine Basic,High,8.6,1,False,0.0156,CWE-611,1,Critical Manufacturing; Dams; Defense Industrial Base; Energy; Food and Agriculture; Government Facilities; Nuclear Reactors; Materials; and Waste; Transportation Systems; Water and Wastewater Systems,France,True,True,False,False,False
ICSA-21-103-02,2021-04-13,2021,True,ICSA,Advantech,Advantech WebAccessSCADA,High,8.8,1,False,0.01174,CWE-732,1,Critical Manufacturing; Energy; Water and Wastewater Systems,Taiwan,True,True,False,False,False
ICSA-21-103-03,2021-04-13,2021,True,ICSA,JTEKT ELECTRONICS CORPORATION,JTEKT TOYOPUC products,High,7.5,1,False,0.01105,CWE-404,1,Critical Manufacturing,Japan,False,False,False,False,False
ICSA-21-103-04,2021-04-13,2021,True,ICSA,Siemens,Siemens Nucleus Products DNS Module (Update A),High,8.1,2,False,0.07194,CWE-787;CWE-823,2,Multiple Critical Sectors,Germany,False,False,False,False,False
ICSA-21-103-05,2021-04-13,2021,True,ICSA,Siemens,Siemens Nucleus Products IPv6 Stack (Update A),High,7.5,2,False,0.01885,CWE-835,1,Multiple Critical Sectors,Germany,False,False,False,False,False
ICSA-21-103-06,2021-04-13,2021,True,ICSA,Siemens,Siemens Solid Edge File Parsing (Update A),High,7.8,5,False,0.02303,CWE-121;CWE-787;CWE-822,3,Critical Manufacturing,Germany,False,False,False,False,False
ICSA-21-103-07,2021-04-13,2021,True,ICSA,Siemens,Siemens Web Server of SCALANCE X200 (Update A),Critical,9.8,2,False,0.02129,CWE-121;CWE-122,2,Critical Manufacturing,Germany,False,False,False,False,False
ICSA-21-103-08,2021-04-13,2021,True,ICSA,Siemens,Siemens SINEMA Remote Connect Server,High,7.5,2,False,0.07836,CWE-772;CWE-835,2,Critical Manufacturing,Germany,False,False,False,False,False
ICSA-21-103-09,2021-04-13,2021,True,ICSA,Siemens,Siemens LOGO! Soft Comfort,High,8.4,2,False,0.00311,CWE-22;CWE-427,2,Commercial Facilities; Transportation Systems,Germany,False,False,False,False,False
ICSA-21-103-10,2021-04-13,2021,True,ICSA,Siemens and PKE,Siemens and PKE Control Center Server,Critical,9.9,12,False,0.02647,CWE-22;CWE-23;CWE-79;CWE-89;CWE-287;CWE-313;CWE-317;CWE-327;CWE-749;CWE-778,10,Commercial Facilities,Germany,False,False,False,False,False
ICSA-21-103-11,2021-04-13,2021,True,ICSA,Siemens,Siemens TIM 4R-IE Devices,Critical,9.8,14,False,0.81762,CWE-19;CWE-20;CWE-200;CWE-254;CWE-287;CWE-362;CWE-476;CWE-704,8,Critical Manufacturing,Germany,False,False,False,False,False
ICSA-21-103-12,2021-04-13,2021,True,ICSA,Siemens,Siemens Tecnomatix RobotExpert,High,7.8,1,False,0.00892,CWE-787,1,Critical Manufacturing,Germany,False,False,False,False,False
ICSA-21-103-13,2021-04-13,2021,True,ICSA,Siemens,Siemens SIMOTICS CONNECT 400 (Update A,Medium,6.5,4,False,0.03659,CWE-125;CWE-170;CWE-788,3,Energy,Germany,True,True,False,False,False
ICSA-21-103-14,2021-04-13,2021,True,ICSA,Siemens,Siemens Nucleus DNS (Update A),Medium,5.3,1,False,0.00751,CWE-330,1,Critical Manufacturing,Germany,False,False,False,False,False
ICSA-21-103-15,2021-04-13,2021,True,ICSA,Siemens and Milestone,Siemens and Milestone Siveillance Video Open Network Bridge,Critical,9.9,1,False,0.01183,CWE-321,1,Commercial Facilities,Germany,False,False,False,False,False
ICSA-21-105-01,2021-04-15,2021,True,ICSA,Schneider Electric,Schneider Electric C-Bus Toolkit,High,8.8,5,False,0.40582,CWE-22;CWE-269,2,Commercial Facilities,France,False,False,False,False,False
ICSA-21-105-02,2021-04-15,2021,True,ICSA,EIPStackGroup,EIPStackGroup OpENer Ethernet/IP,High,8.2,4,False,0.01333,CWE-125;CWE-617;CWE-681,3,Multiple Critical Sectors,Austria,False,False,False,False,False
ICSA-21-110-01,2021-04-20,2021,True,ICSA,Hitachi and ABB,Hitachi ABB Power Grids Ellipse APM,Medium,6.3,1,False,0.00505,CWE-79,1,Energy,Switzerland,True,True,False,False,False
ICSA-21-110-02,2021-04-20,2021,True,ICSA,Rockwell Automation,Rockwell Automation Stratix Switches,High,7.8,8,False,0.02262,CWE-20;CWE-77;CWE-78;CWE-345;CWE-522;CWE-532;CWE-823,7,Critical Manufacturing,United States,False,False,False,False,False
ICSA-21-110-03,2021-04-20,2021,True,ICSA,Delta Electronics,Delta Industrial Automation COMMGR,Critical,9.8,1,False,0.01269,CWE-121,1,Commercial Facilities; Communications; Critical Manufacturing; Energy; Healthcare and Public Health,Taiwan,True,True,False,False,False
ICSA-21-110-04,2021-04-20,2021,True,ICSA,Delta Electronics,Delta Electronics CNCSoft ScreenEditor,High,7.8,1,False,0.01752,CWE-125,1,Critical Manufacturing,Taiwan,False,False,False,False,False
ICSA-21-110-05,2021-04-20,2021,True,ICSA,Delta Electronics,Delta Electronics CNCSoft-B,High,7.8,2,False,0.02025,CWE-125;CWE-787,2,Critical Manufacturing,Taiwan,False,False,False,False,False
ICSA-21-110-06,2021-04-20,2021,True,ICSA,Eaton,Eaton Intelligent Power Manager,High,8.7,6,False,0.2709,CWE-20;CWE-89;CWE-94;CWE-95;CWE-434,5,Energy,Ireland,True,True,False,False,False
ICSA-21-110-07,2021-04-20,2021,True,ICSA,Siemens,Siemens Mendix,High,8.1,1,False,0.00804,CWE-269,1,Multiple Critical Sectors,Germany,False,False,False,False,False
ICSA-21-112-01,2021-04-22,2021,True,ICSA,Horner Automation,Horner Automation Cscape,High,8.4,2,False,0.0103,CWE-20;CWE-284,2,Critical Manufacturing,United States,False,False,False,False,False
ICSA-21-112-02,2021-04-22,2021,True,ICSA,Mitsubishi Electric,Mitsubishi Electric GOT (Update A),Medium,5.9,1,False,0.01275,CWE-287,1,Critical Manufacturing,Japan,False,False,False,False,False
ICSA-21-119-01,2021-04-29,2021,True,ICSA,Texas Instruments,Texas Instruments SimpleLink,Critical,9.8,5,False,0.01752,CWE-121;CWE-190,2,Multiple Critical Sectors,United States,False,False,False,False,False
ICSA-21-119-02,2021-04-29,2021,True,ICSA,Cassia Networks,Cassia Networks Access Controller,Medium,6.2,1,False,0.00627,CWE-22,1,Critical Manufacturing,United States,False,False,False,False,False
ICSA-21-119-03,2021-04-29,2021,True,ICSA,Exacq Technologies Inc (Subsidiary of Johnson Controls),Johnson Controls Exacq Technologies exacqVision,High,7.0,1,True,0.99969,CWE-193,1,Critical Manufacturing,Ireland,False,False,False,False,False
ICSA-21-119-04,2021-04-29,2021,True,ICSA,Multiple Vendors,Multiple RTOS (Update E),Critical,9.8,25,False,0.05038,CWE-190,1,Multiple Critical Sectors,Multiple,False,False,False,False,False
ICSA-21-124-01,2021-05-04,2021,True,ICSA,Advantech,Advantech WISE-PaaS RMM,Critical,9.1,1,False,0.01242,CWE-798,1,Critical Manufacturing; Energy; Water and Wastewater Systems,Taiwan,True,True,False,False,False
ICSA-21-124-02,2021-05-04,2021,True,ICSA,Delta Electronics,Delta Electronics CNCSoft ScreenEditor,High,7.8,1,False,0.09006,CWE-787,1,Critical Manufacturing,Taiwan,False,False,False,False,False
ICSA-21-131-01,2021-05-11,2021,True,ICSA,Omron,Omron CX-One,High,7.8,1,False,0.09987,CWE-121,1,Critical Manufacturing,Japan,False,False,False,False,False
ICSA-21-131-02,2021-05-11,2021,True,ICSA,Mitsubishi Electric,Mitsubishi Electric GOT and Tension Controller (Update A),Medium,5.9,1,False,0.01476,CWE-805,1,Critical Manufacturing,Japan,False,False,False,False,False
ICSA-21-131-03,2021-05-11,2021,True,ICSA,Siemens,Siemens Linux-based Products (Update J),High,7.4,1,False,0.06692,CWE-330,1,Multiple Critical Sectors,Germany,True,False,True,False,False
ICSA-21-131-04,2021-05-11,2021,True,ICSA,Siemens,Siemens SINAMICS Medium Voltage Products Remote Access (Update B),High,7.7,1,False,0.01678,CWE-119;CWE-121;CWE-122;CWE-125;CWE-170;CWE-400;CWE-665;CWE-788,8,Chemical; Commercial Facilities; Critical Manufacturing; Energy; Food and Agriculture; Healthcare and Public Health; Transportation Systems; Water and Wastewater,Germany,True,True,True,False,False
ICSA-21-131-05,2021-05-11,2021,True,ICSA,Siemens,Siemens Mendix Database Replication Module,Medium,4.3,1,False,0.00721,CWE-209,1,Multiple Critical Sectors,Germany,False,False,False,False,False
ICSA-21-131-06,2021-05-11,2021,True,ICSA,Siemens,Siemens SNMP Implementation of WinCC Runtime,Medium,5.3,1,False,0.0102,CWE-787,1,Chemical; Energy; Food and Agriculture; Water and Wastewater,Germany,True,True,True,False,False
ICSA-21-131-07,2021-05-11,2021,True,ICSA,Siemens,Siemens SIMATIC NET CP343-1,High,7.5,1,False,0.01269,CWE-400,1,Critical Manufacturing,Germany,True,False,True,False,False
ICSA-21-131-08,2021-05-11,2021,True,ICSA,Siemens,Siemens Tecnomatix Plant Simulation,High,7.8,3,False,0.0145,CWE-119;CWE-121,2,Critical Manufacturing,Germany,False,False,False,False,False
ICSA-21-131-09,2021-05-11,2021,True,ICSA,Mendix (Subsidiary of Siemens),Siemens Mendix Excel Importer Module,Medium,4.3,1,False,0.00761,CWE-209,1,Multiple Critical Sectors,Germany,False,False,False,False,False
ICSA-21-131-10,2021-05-11,2021,True,ICSA,Siemens,Siemens SCALANCE XM-400 and XR-500 Devices,High,7.5,1,False,0.01629,CWE-682,1,Multiple Critical Sectors,Germany,False,False,False,False,False
ICSA-21-131-11,2021-05-11,2021,True,ICSA,Siemens,Siemens SIMATIC UltraVNC HMI WinCC Products,Critical,9.8,10,False,0.04843,CWE-121;CWE-122;CWE-125;CWE-170;CWE-665;CWE-788,6,Multiple Critical Sectors,Germany,True,False,True,False,False
ICSA-21-131-12,2021-05-11,2021,True,ICSA,Siemens,Siemens SIMATIC SmartVNC HMI WinCC Products (Update B),Critical,9.8,7,False,0.02559,CWE-119;CWE-400;CWE-755;CWE-788,4,Multiple Critical Sectors,Germany,True,False,True,False,False
ICSA-21-131-13,2021-05-11,2021,True,ICSA,Siemens,Siemens SINAMICS Medium Voltage Products Telnet (Update A),High,7.7,1,False,0.05218,CWE-306,1,Chemical; Commercial Facilities; Critical Manufacturing; Energy; Food and Agriculture; Healthcare and Public Health; Transportation Systems; Water and Wastewater,Germany,True,True,True,False,False
ICSA-21-131-14,2021-05-11,2021,True,ICSA,Siemens,Siemens SCALANCE W1750D (Update B),Critical,9.8,19,False,0.3965,CWE-20;CWE-77;CWE-79;CWE-120;CWE-287;CWE-362,6,Chemical; Energy; Food and Agriculture; Healthcare and Public Health; Transportation Systems; Water and Wastewater,Germany,True,True,False,False,False
ICSA-21-131-15,2021-05-11,2021,True,ICSA,Siemens,Siemens SIMATIC S7-1500,High,7.8,2,False,0.00362,CWE-119;CWE-665,2,Multiple Critical Sectors,Germany,True,False,True,False,False
ICSA-21-133-01,2021-05-13,2021,True,ICSA,Rockwell Automation,Rockwell Automation Connected Components Workbench,High,8.6,3,False,0.02989,CWE-20;CWE-22;CWE-502,3,Commercial Facilities; Defense Industrial Base; Energy; Government Facilities,United States,True,True,False,False,False
ICSA-21-133-02,2021-05-13,2021,True,ICSA,Sensormatic Electronics LLC (Subsidiary of Johnson Controls),Johnson Controls Sensormatic Tyco AI,High,7.0,1,True,0.99969,CWE-193,1,Critical Manufacturing,Ireland,False,False,False,False,False
ICSA-21-133-03,2021-05-13,2021,True,ICSA,OPC Foundation,OPC Foundation UA Products Built with .NET Framework,High,7.5,1,False,0.0195,CWE-674,1,Multiple Critical Sectors,United States,False,False,False,False,False
ICSA-21-133-04,2021-05-13,2021,True,ICSA,Unified Automation GmbH,"OPC UA Products Built with the .NET Framework 4.5, 4.0, and 3.5",High,7.2,2,False,0.61024,CWE-200,1,Multiple Critical Sectors,United States,False,False,False,False,False
ICSA-21-138-01,2021-05-18,2021,True,ICSA,Emerson,Emerson Rosemount X-STREAM,High,7.5,6,False,0.01752,CWE-22;CWE-79;CWE-326;CWE-434;CWE-539;CWE-1021,6,Energy; Chemical,United States,True,True,False,False,False
ICSA-21-145-01,2021-05-25,2021,True,ICSA,Datakit,Datakit Libraries bundled in Luxion KeyShot,High,7.8,5,False,0.02203,CWE-121;CWE-125;CWE-611;CWE-787;CWE-822,5,Multiple Critical Sectors,France,False,False,False,False,False
ICSA-21-145-02,2021-05-25,2021,True,ICSA,Rockwell Automation,Rockwell Automation Micro800 and MicroLogix 1400,Medium,6.1,1,False,0.02982,CWE-300,1,Critical Manufacturing,United States,False,False,False,False,False
ICSA-21-147-01,2021-05-27,2021,True,ICSA,GENIVI Alliance,GENIVI Alliance DLT,Critical,9.8,1,False,0.04227,CWE-122,1,Critical Manufacturing,United States,False,False,False,False,False
ICSA-21-147-02,2021-05-27,2021,True,ICSA,Sensormatic Electronics LLC (Subsidiary of Johnson Controls),Johnson Controls Sensormatic Electronics VideoEdge,High,7.8,1,True,0.99969,CWE-193,1,Critical Manufacturing,Ireland,False,False,False,False,False
ICSA-21-147-03,2021-05-27,2021,True,ICSA,Mesa Labs,MesaLabs AmegaView,Critical,10.0,5,False,0.03081,CWE-77;CWE-269;CWE-287;CWE-288,4,Healthcare and Public Health; Food and Agriculture,United States,False,False,False,False,False
ICSA-21-147-04,2021-05-27,2021,True,ICSA,Siemens,Siemens JT2Go and Teamcenter Visualization,High,7.8,5,False,0.03991,CWE-121;CWE-125;CWE-822,3,Critical Manufacturing,Germany,False,False,False,False,False
ICSA-21-147-05,2021-05-27,2021,True,ICSA,Mitsubishi Electric,Mitsubishi Electric MELSEC iQ-R Series,Medium,5.3,1,False,0.01497,CWE-400,1,Critical Manufacturing,Japan,False,False,False,False,False
ICSA-21-152-01,2021-06-01,2021,True,ICSA,Siemens,Siemens SIMATIC S7-1200 and S7-1500 CPU Families (Update A),High,8.1,1,False,0.05184,CWE-119,1,Chemical; Critical Manufacturing; Energy; Food and Agriculture; Water and Wastewater,Germany,True,True,True,False,False
ICSA-21-154-01,2021-06-03,2021,True,ICSA,Advantech,Advantech iView,Critical,9.1,2,False,0.08055,CWE-89;CWE-306,2,Multiple Critical Sectors,Taiwan,False,False,False,False,False
ICSA-21-159-01,2021-06-08,2021,True,ICSA,Johnson Controls Inc.,Johnson Controls Metasys,High,8.8,1,False,0.01245,CWE-269,1,Critical Manufacturing,Ireland,False,False,False,False,False
ICSA-21-159-02,2021-06-08,2021,True,ICSA,Open Design Alliance,Open Design Alliance Drawings SDK,High,7.8,8,False,0.02801,CWE-125;CWE-416;CWE-754;CWE-787,4,Multiple Critical Sectors,United States,False,False,False,False,False
ICSA-21-159-03,2021-06-08,2021,True,ICSA,AVEVA,AVEVA InTouch,Medium,6.6,1,False,0.0018,CWE-316,1,Chemical; Critical Manufacturing; Energy; Food and Agriculture; Water and Wastewater,United Kingdom,True,True,False,False,False
ICSA-21-159-04,2021-06-08,2021,True,ICSA,Schneider Electric,Schneider Electric IGSS,High,7.8,13,False,0.01395,CWE-22;CWE-119;CWE-125;CWE-416;CWE-763;CWE-787;CWE-824,7,Commercial Facilities; Critical Manufacturing; Energy,France,True,True,False,False,False
ICSA-21-159-05,2021-06-08,2021,True,ICSA,Schneider Electric,Schneider Electric Modicon X80,Medium,5.3,1,False,0.00925,CWE-200,1,Commercial Facilities; Critical Manufacturing; Energy,France,True,True,True,False,False
ICSA-21-159-06,2021-06-08,2021,True,ICSA,Thales,Thales Sentinel LDK Run-Time Environment,Critical,9.6,1,False,0.0125,CWE-459,1,Multiple Critical Sectors,France,False,False,False,False,False
ICSA-21-159-07,2021-06-08,2021,True,ICSA,Siemens,Siemens Mendix SAML Module,High,8.1,1,False,0.00604,CWE-345,1,Multiple Critical Sectors,Germany,False,False,False,False,False
ICSA-21-159-08,2021-06-08,2021,True,ICSA,Siemens,Siemens TIM 1531 IRC,High,7.5,1,False,0.48831,CWE-400,1,Multiple Critical Sectors,Germany,False,False,False,False,False
ICSA-21-159-09,2021-06-08,2021,True,ICSA,Siemens,Siemens Solid Edge,High,7.8,2,False,0.02505,CWE-787,1,Critical Manufacturing,Germany,False,False,False,False,False
ICSA-21-159-10,2021-06-08,2021,True,ICSA,Siemens,Siemens SIMATIC TIM libcurl,High,7.5,2,False,0.04631,CWE-200;CWE-295,2,Multiple Critical Sectors,Germany,True,False,True,False,False
ICSA-21-159-11,2021-06-08,2021,True,ICSA,Siemens,Siemens SIMATIC NET CP 443-1 OPC UA,Critical,9.8,15,False,0.17245,CWE-19;CWE-20;CWE-119;CWE-120;CWE-125;CWE-200;CWE-287;CWE-362;CWE-682,9,Multiple Critical Sectors,Germany,True,False,True,False,False
ICSA-21-159-12,2021-06-08,2021,True,ICSA,Siemens,Siemens Simcenter Femap,High,7.8,2,False,0.01336,CWE-787,1,Critical Manufacturing,Germany,False,False,False,False,False
ICSA-21-159-13,2021-06-08,2021,True,ICSA,Siemens,Siemens SIMATIC RFID (Update B),High,7.5,1,False,0.00988,CWE-400,1,Multiple Critical Sectors,Germany,True,False,True,False,False
ICSA-21-159-14,2021-06-08,2021,True,ICSA,Siemens,Siemens JT2Go and Teamcenter Visualization,High,7.8,1,False,0.0191,CWE-787,1,Critical Manufacturing,Germany,False,False,False,False,False
ICSA-21-161-01,2021-06-10,2021,True,ICSA,Rockwell Automation,Rockwell Automation FactoryTalk Services Platform,High,8.5,1,False,0.02433,CWE-693,1,Chemical; Commercial Facilities; Critical Manufacturing; Energy; Government Facilities; Water and Wastewater,United States,True,True,False,False,False
ICSA-21-161-02,2021-06-10,2021,True,ICSA,AGG Software,AGG Software Web Server Plugin,High,8.2,2,False,0.00816,CWE-23;CWE-79,2,Multiple Critical Sectors,Canada,False,False,False,False,False
ICSA-21-166-01,2021-06-15,2021,True,ICSA,ThroughTek,ThroughTek P2P SDK,Critical,9.1,1,False,0.00625,CWE-319,1,Communications,Taiwan,False,False,False,False,False
ICSA-21-166-02,2021-06-15,2021,True,ICSA,AutomationDirect,Automation Direct CLICK PLC CPU Modules,Critical,9.8,5,False,0.01113,CWE-256;CWE-288;CWE-319,3,Commercial Facilities; Critical Manufacturing; Information Technology,United States,False,False,False,False,False
ICSA-21-168-01,2021-06-17,2021,True,ICSA,Schneider Electric,Schneider Electric Enerlin'X Com'X 510,High,8.5,1,False,0.00652,CWE-269,1,Energy,France,True,True,False,False,False
ICSA-21-168-02,2021-06-17,2021,True,ICSA,Softing Industrial Automation GmbH,Softing OPC-UA C++ SDK,High,7.5,1,False,0.01694,CWE-119,1,Multiple Critical Sectors,Germany,False,False,False,False,False
ICSA-21-168-03,2021-06-17,2021,True,ICSA,Advantech,Advantech WebAccess/SCADA (Update A),High,7.3,2,False,0.02077,CWE-23;CWE-601,2,Critical Manufacturing; Energy; Water and Wastewater,Taiwan,True,True,False,False,False
ICSA-21-173-01,2021-06-22,2021,True,ICSA,Advantech,Advantech WebAccess HMI Designer (Update A),High,7.8,3,False,0.01041,CWE-119;CWE-122;CWE-787,3,Critical Manufacturing; Energy; Water and Wastewater,Taiwan,True,True,False,False,False
ICSA-21-173-02,2021-06-22,2021,True,ICSA,CODESYS GmbH,CODESYS V2 web server,Critical,9.8,6,False,0.01391,CWE-120;CWE-121;CWE-125;CWE-284;CWE-358;CWE-787,6,Critical Manufacturing,Germany,False,False,False,False,False
ICSA-21-173-03,2021-06-22,2021,True,ICSA,CODESYS GmbH,CODESYS Control V2 communication,Critical,9.8,3,False,0.07356,CWE-20;CWE-121;CWE-122,3,Critical Manufacturing,Germany,False,False,False,False,False
ICSA-21-173-04,2021-06-22,2021,True,ICSA,CODESYS GmbH,CODESYS Control V2 Linux SysFile library,Medium,5.3,1,False,0.00268,CWE-78,1,Critical Manufacturing,Germany,False,False,False,False,False
ICSA-21-175-01,2021-06-24,2021,True,ICSA,FATEK Automation,FATEK Automation WinProladder,High,7.8,3,False,0.01767,CWE-119;CWE-125;CWE-787,3,Critical Manufacturing,Taiwan,False,False,False,False,False
ICSA-21-180-01,2021-06-29,2021,True,ICSA,Exacq Technologies Inc (Subsidiary of Johnson Controls),Exacq Technologies exacqVision Web Service,Medium,5.3,1,False,0.01222,CWE-79,1,Critical Manufacturing,Ireland,False,False,False,False,False
ICSA-21-180-02,2021-06-29,2021,True,ICSA,Exacq Technologies Inc (Subsidiary of Johnson Controls),Exacq Technologies exacqVision Enterprise Manager,Medium,4.3,1,False,0.0089,CWE-79,1,Critical Manufacturing,Ireland,False,False,False,False,False
ICSA-21-180-03,2021-06-29,2021,True,ICSA,Panasonic,Panasonic FPWIN Pro,Medium,5.9,1,False,0.00695,CWE-611,1,Commercial Facilities; Critical Manufacturing; Food and Agriculture,Japan,False,False,False,False,False
ICSA-21-180-04,2021-06-29,2021,True,ICSA,JTEKT ELECTRONICS CORPORATION,JTEKT TOYOPUC PLC,Medium,6.5,1,False,0.01125,CWE-119,1,Critical Manufacturing,Japan,False,False,False,False,False
ICSA-21-180-05,2021-06-29,2021,True,ICSA,AVEVA,AVEVA System Platform (Update A),High,8.8,2,False,0.01154,CWE-248;CWE-306,2,Chemical; Critical Manufacturing; Energy; Food and Agriculture; Water and Wastewater,United Kingdom,True,True,False,False,False
ICSA-21-180-06,2021-06-29,2021,True,ICSA,Claroty,Claroty Secure Remote Access Site,Medium,5.5,1,False,0.00216,CWE-288,1,Critical Manufacturing; Energy; Healthcare and Public Health; Water and Wastewater,United States,True,True,False,False,False
ICSA-21-182-01,2021-07-01,2021,True,ICSA,Johnson Controls Inc.,Johnson Controls Facility Explorer,High,8.8,1,False,0.00816,CWE-269,1,Critical Manufacturing,Ireland,False,False,False,False,False
ICSA-21-182-02,2021-07-01,2021,True,ICSA,Sensormatic Electronics LLC (Subsidiary of Johnson Controls),Sensormatic Electronics C-CURE 9000 (Update A),High,8.8,1,False,0.02096,CWE-20,1,Critical Manufacturing,Ireland,False,False,False,False,False
ICSA-21-182-03,2021-07-01,2021,True,ICSA,Delta Electronics,Delta Electronics DOPSoft (Update B),High,7.8,2,False,0.0097,CWE-125,1,Critical Manufacturing,Taiwan,False,False,False,False,False
ICSA-21-182-04,2021-07-01,2021,True,ICSA,Mitsubishi Electric,Mitsubishi Electric Air Conditioning System,High,7.1,1,False,0.00853,CWE-303,1,Commercial Facilities,Japan,False,False,False,False,False
ICSA-21-182-05,2021-07-01,2021,True,ICSA,Mitsubishi Electric,Mitsubishi Electric Air Conditioning Systems,Critical,9.3,1,False,0.01781,CWE-611,1,Commercial Facilities,Japan,False,False,False,False,False
ICSA-21-187-01,2021-07-06,2021,True,ICSA,Moxa,Moxa NPort IAW5000A-I/O Series Serial Device Server,Critical,9.8,4,False,0.02785,CWE-20;CWE-78;CWE-120;CWE-121,4,Energy Sector,Taiwan,True,True,False,False,False
ICSA-21-189-01,2021-07-08,2021,True,ICSA,Rockwell Automation,Rockwell Automation MicroLogix 1100,High,8.6,1,False,0.02637,CWE-20,1,Chemical; Critical Manufacturing; Food and Agriculture; Water and Wastewater Systems,United States,False,False,False,False,False
ICSA-21-189-02,2021-07-08,2021,True,ICSA,MDT Software,MDT AutoSave,Critical,10.0,7,False,0.01259,CWE-23;CWE-77;CWE-89;CWE-209;CWE-326;CWE-427;CWE-434,7,Chemical; Critical Manufacturing; Energy; Food and Agriculture; Healthcare and Public Health; Water and Wastewater Systems,United States,True,True,False,False,False
ICSA-21-194-01,2021-07-13,2021,True,ICSA,Schneider Electric,Schneider Electric C-Bus Toolkit,High,6.5,1,False,0.12083,CWE-306,1,Commercial Facilities,France,False,False,False,False,False
ICSA-21-194-02,2021-07-13,2021,True,ICSA,Schneider Electric,Schneider Electric Modicon Controllers and Software (Update A),Critical,9.8,6,False,0.0134,CWE-290;CWE-311;CWE-502;CWE-522,4,Commercial Facilities; Energy; Food and Agriculture; Government Facilities; Transportation Systems; Water and Wastewater Systems,France,True,True,True,False,False
ICSA-21-194-03,2021-07-13,2021,True,ICSA,Siemens,Siemens PROFINET Devices (Update D),High,7.5,1,False,0.01856,CWE-770,1,Multiple Critical Sectors,Germany,True,False,True,False,False
ICSA-21-194-04,2021-07-13,2021,True,ICSA,Siemens,Siemens SINUMERIK Integrate Operate Client,High,7.4,1,False,0.00486,CWE-295,1,Multiple Critical Sectors,Germany,False,False,False,False,False
ICSA-21-194-05,2021-07-13,2021,True,ICSA,Siemens,Siemens SIMATIC Software Products,High,7.8,1,False,0.00563,CWE-120,1,Chemical; Critical Manufacturing; Energy; Food and Agriculture; Water and Wastewater Systems,Germany,True,True,True,False,False
ICSA-21-194-06,2021-07-13,2021,True,ICSA,Siemens,Siemens SIMATIC Software Products (Update B),High,7.3,1,False,0.00228,CWE-732,1,Chemical; Critical Manufacturing; Energy; Food and Agriculture; Water and Wastewater Systems,Germany,True,True,True,False,False
ICSA-21-194-07,2021-07-13,2021,True,ICSA,Siemens,Siemens Industrial Products LLDP (Update D),Critical,9.8,2,False,0.05493,CWE-120;CWE-400,2,Chemical; Critical Manufacturing; Energy; Food and Agriculture; Water and Wastewater Systems,Germany,True,True,True,False,False
ICSA-21-194-08,2021-07-13,2021,True,ICSA,Siemens,Siemens Solid Edge,High,7.8,4,False,0.02132,CWE-122,1,Critical Manufacturing,Germany,False,False,False,False,False
ICSA-21-194-09,2021-07-13,2021,True,ICSA,Siemens,Siemens JT Utilities,High,5.5,3,False,0.00236,CWE-476;CWE-688,2,Critical Manufacturing,Germany,False,False,False,False,False
ICSA-21-194-10,2021-07-13,2021,True,ICSA,Siemens,Siemens RUGGEDCOM ROS,High,8.1,1,False,0.02285,CWE-120,1,Multiple Critical Sectors,Germany,False,False,False,False,False
ICSA-21-194-11,2021-07-13,2021,True,ICSA,Siemens,Siemens Teamcenter Active Workspace,High,6.1,3,False,0.00897,CWE-79;CWE-200;CWE-209,3,Multiple Critical Sectors,Germany,False,False,False,False,False
ICSA-21-194-12,2021-07-13,2021,True,ICSA,Siemens,Siemens VxWorks-based Industrial Products (Update C),Critical,9.8,1,False,0.02393,CWE-122,1,Multiple Critical Sectors,Germany,True,False,True,False,False
ICSA-21-194-13,2021-07-13,2021,True,ICSA,Siemens,Siemens SINAMICS PERFECT HARMONY GH180 (Update A),High,8.1,1,False,0.05184,CWE-119,1,Critical Manufacturing; Energy,Germany,True,True,False,False,False
ICSA-21-194-14,2021-07-13,2021,True,ICSA,Siemens,Siemens RWG Universal Controllers,High,6.5,1,False,0.00375,CWE-770,1,Chemical; Critical Manufacturing; Energy; Food and Agriculture; Water and Wastewater Systems,Germany,True,True,False,False,False
ICSA-21-194-15,2021-07-13,2021,True,ICSA,Siemens,Siemens JT2Go and Teamcenter Visualization,High,7.8,43,False,0.02132,CWE-119;CWE-122;CWE-125;CWE-126;CWE-415;CWE-416;CWE-787;CWE-835,8,Multiple Critical Sectors,Germany,False,False,False,False,False
ICSA-21-194-16,2021-07-13,2021,True,ICSA,Siemens,Siemens Mendix,High,5.3,1,False,0.00581,CWE-863,1,Critical Manufacturing,Germany,False,False,False,False,False
ICSA-21-194-17,2021-07-13,2021,True,ICSA,Siemens,Siemens SINUMERIK ONE and SINUMERIK MC (Update A),High,8.1,1,False,0.05184,CWE-119,1,Critical Manufacturing,Germany,False,False,False,False,False
ICSA-21-201-01,2021-07-20,2021,True,ICSA,Mitsubishi Electric,Mitsubishi Electric MELSEC-F Series,High,7.5,1,False,0.02172,CWE-476,1,Critical Manufacturing,Japan,False,False,False,False,False
ICSA-21-208-01,2021-07-27,2021,True,ICSA,KUKA,KUKA KR C4,Critical,9.8,2,False,0.00986,CWE-798,1,Critical Manufacturing,Germany,False,False,False,False,False
ICSA-21-208-02,2021-07-27,2021,True,ICSA,Mitsubishi Electric,Mitsubishi Electric GOT2000 series and GT SoftGOT2000,High,5.9,1,False,0.01497,CWE-820,1,Critical Manufacturing,Japan,False,False,False,False,False
ICSA-21-208-03,2021-07-27,2021,True,ICSA,Geutebruck,Geutebruck G-Cam E2 and G-Code,Critical,9.8,12,False,0.953,CWE-77;CWE-121;CWE-306,3,Commercial Facilities; Energy; Financial Services; Government Facilities; Healthcare and Public Health; Transportation Systems,Germany,True,True,False,False,False
ICSA-21-208-04,2021-07-27,2021,True,ICSA,LCDS - Leao Consultoria e Desenvolvimento de Sistemas Ltda ME,LCDS LAquis SCADA,Critical,9.3,1,False,0.0243,CWE-79,1,Chemical; Commercial Facilities; Energy; Food and Agriculture; Transportation Systems; Water and Wastewater Systems,Brazil,False,True,False,False,False
ICSA-21-208-05,2021-07-27,2021,True,ICSA,Delta Electronics,Delta Electronics DIAScreen,High,7.8,2,False,0.01146,CWE-787;CWE-843,2,Critical Manufacturing,Taiwan,False,False,False,False,False
ICSA-21-210-01,2021-07-29,2021,True,ICSA,Hitachi and ABB,Hitachi ABB Power Grids eSOMS,High,7.5,1,False,0.01016,CWE-522,1,Energy,Switzerland,True,True,False,False,False
ICSA-21-210-02,2021-07-29,2021,True,ICSA,Wibu-Systems AG,Wibu-Systems CodeMeter Runtime,Critical,9.1,2,False,0.33304,CWE-126,1,Multiple Critical Sectors,Germany,False,False,False,False,False
ICSA-21-217-01,2021-08-05,2021,True,ICSA,HCC Embedded,"HCC Embedded InterNiche TCP/IP stack, NicheLite (Update A)",Critical,9.8,14,False,0.03627,CWE-20;CWE-130;CWE-170;CWE-248;CWE-330;CWE-340;CWE-466;CWE-703;CWE-839,9,Multiple Critical Sectors,Hungary,False,False,False,False,False
ICSA-21-217-02,2021-08-05,2021,True,ICSA,FATEK Automation,FATEK Automation FvDesigner,High,7.8,3,False,0.0201,CWE-121;CWE-787;CWE-824,3,Critical Manufacturing,Taiwan,False,False,False,False,False
ICSA-21-217-03,2021-08-05,2021,True,ICSA,mySCADA Technologies,mySCADA myPRO,High,8.2,4,False,0.01567,CWE-22;CWE-284;CWE-434;CWE-548,4,Energy; Food and Agriculture; Transportation Systems; Water and Wastewater Systems,Czech Republic,True,True,False,False,False
ICSA-21-217-04,2021-08-05,2021,True,ICSA,Advantech,Advantech WebAccess SCADA,Critical,9.8,3,False,0.0187,CWE-23;CWE-79;CWE-121,3,Critical Manufacturing; Energy; Water and Wastewater Systems,Taiwan,True,True,False,False,False
ICSA-21-222-01,2021-08-10,2021,True,ICSA,Siemens,Siemens JT2Go and Teamcenter Visualization products,High,7.8,7,False,0.02775,CWE-125;CWE-416;CWE-476;CWE-787,4,Multiple Critical Sectors,Germany,False,False,False,False,False
ICSA-21-222-02,2021-08-10,2021,True,ICSA,Siemens,Siemens Automation License Manager,High,5.9,1,False,0.01037,CWE-400,1,Multiple Critical Sectors,Germany,False,False,False,False,False
ICSA-21-222-03,2021-08-10,2021,True,ICSA,Siemens,Siemens JT2Go and Teamcenter Visualization (Update A),High,7.8,3,False,0.02801,CWE-125;CWE-754;CWE-787,3,Multiple Critical Sectors,Germany,False,False,False,False,False
ICSA-21-222-04,2021-08-10,2021,True,ICSA,Siemens,Siemens SINEC NMS,High,7.2,1,False,0.02672,CWE-78,1,Chemical; Energy; Food and Agriculture; Water and Wastewater Systems,Germany,True,True,False,False,False
ICSA-21-222-05,2021-08-10,2021,True,ICSA,Siemens,Siemens Industrial Products Intel CPUs (Update G),High,7.5,12,False,0.00472,CWE-311,1,Multiple Critical Sectors,Germany,True,False,True,False,False
ICSA-21-222-06,2021-08-10,2021,True,ICSA,Siemens,Siemens Energy AGT and SGT Solutions,Critical,9.8,1,False,0.01857,CWE-787,1,Multiple Critical Sectors,Germany,False,False,False,False,False
ICSA-21-222-07,2021-08-10,2021,True,ICSA,Siemens,Siemens SIMATIC CP (Update A),High,8.8,2,False,0.12045,CWE-125;CWE-416,2,Multiple Critical Sectors,Germany,True,False,True,False,False
ICSA-21-222-08,2021-08-10,2021,True,ICSA,Siemens,Siemens Solid Edge,High,7.8,3,False,0.01383,CWE-416;CWE-611;CWE-824,3,Critical Manufacturing,Germany,False,False,False,False,False
ICSA-21-222-09,2021-08-10,2021,True,ICSA,Siemens,Siemens SIMATIC S7-1200 (Update A),High,8.1,1,False,0.00922,CWE-287,1,Multiple Critical Sectors,Germany,True,False,True,False,False
ICSA-21-224-01,2021-08-12,2021,True,ICSA,Cognex,Cognex In-Sight OPC Server,High,8.8,1,False,0.0182,CWE-502,1,Critical Manufacturing,United States,False,False,False,False,False
ICSA-21-224-02,2021-08-12,2021,True,ICSA,Horner Automation,Horner Automation Cscape,High,7.8,3,False,0.00995,CWE-125;CWE-787;CWE-824,3,Critical Manufacturing,United States,False,False,False,False,False
ICSA-21-229-01,2021-08-17,2021,True,ICSA,ThroughTek,ThroughTek Kalay P2P SDK,Critical,9.6,1,False,0.02554,CWE-284,1,Communications,Taiwan,False,False,False,False,False
ICSA-21-229-02,2021-08-17,2021,True,ICSA,Advantech,Advantech WebAccess/NMS,High,5.3,1,False,0.00948,CWE-287,1,Critical Manufacturing; Energy; Water and Wastewater Systems,Taiwan,True,True,False,False,False
ICSA-21-229-03,2021-08-17,2021,True,ICSA,xArrow,xArrow SCADA,High,6.1,3,False,0.00774,CWE-22;CWE-79,2,Critical Manufacturing; Energy; Water and Wastewater Systems,China,True,True,False,False,False
ICSA-21-231-01,2021-08-19,2021,True,ICSA,AVEVA,AVEVA SuiteLink Server,High,8.1,6,False,0.00961,CWE-122;CWE-476;CWE-755,3,Chemical; Critical Manufacturing; Energy; Food and Agriculture; Water and Wastewater Systems,United Kingdom,True,True,False,False,False
ICSA-21-231-02,2021-08-19,2021,True,ICSA,Bently Nevada (Subsidiary of Baker Hughes),Baker Hughes Bently Nevada 3500,High,8.2,1,False,0.00331,CWE-916,1,Critical Manufacturing; Energy,United States,True,True,False,False,False
ICSA-21-236-01,2021-08-24,2021,True,ICSA,Hitachi and ABB,Hitachi ABB Power Grids TropOS,High,7.5,12,False,0.07604,CWE-20;CWE-74;CWE-287;CWE-306;CWE-326;CWE-354,6,Critical Manufacturing; Energy,Switzerland,True,True,False,False,False
ICSA-21-236-02,2021-08-24,2021,True,ICSA,Hitachi and ABB,Hitachi ABB Power Grids Retail Operations and CSB Products,High,7.7,1,False,0.01258,CWE-522,1,Critical Manufacturing; Energy,Switzerland,True,True,False,False,False
ICSA-21-236-03,2021-08-24,2021,True,ICSA,Delta Electronics,Delta Electronics TPEditor,High,7.8,1,False,0.01068,CWE-122,1,Critical Manufacturing,Taiwan,False,False,False,False,False
ICSA-21-238-01,2021-08-26,2021,True,ICSA,Controlled Electronic Management Systems Ltd (CEM) (Subsidiary of Johnson Controls),Johnson Controls Controlled Electronic Management Systems CEM Systems AC2000,High,8.2,1,False,0.01669,CWE-285,1,Commercial Facilities; Critical Manufacturing,Ireland,False,False,False,False,False
ICSA-21-238-02,2021-08-26,2021,True,ICSA,Annke,Annke Network Video Recorder,Critical,9.4,1,False,0.1459,CWE-121,1,Commercial Facilities,China,False,False,False,False,False
ICSA-21-238-03,2021-08-26,2021,True,ICSA,Delta Electronics,Delta Electronics DIAEnergie (Update C),Critical,9.8,13,False,0.37319,CWE-79;CWE-89;CWE-288;CWE-319;CWE-352;CWE-434;CWE-916,7,Critical Manufacturing,Taiwan,False,False,False,False,False
ICSA-21-238-04,2021-08-26,2021,True,ICSA,Delta Electronics,Delta Electronics DOPSoft (Update A),High,7.8,1,False,0.02376,CWE-121,1,Critical Manufacturing,Taiwan,False,False,False,False,False
ICSA-21-243-01,2021-08-31,2021,True,ICSA,Sensormatic Electronics LLC (Subsidiary of Johnson Controls),Sensormatic Electronics KT-1,Not Applicable,Not Applicable,0,False,,CWE-1104,1,Critical Manufacturing,Ireland,False,False,False,False,False
ICSA-21-243-02,2021-08-31,2021,True,ICSA,FANUC,FANUC Robot Controllers,High,7.4,2,False,0.01183,CWE-192;CWE-787,2,Critical Manufacturing,Japan,False,False,False,False,False
ICSA-21-245-01,2021-09-02,2021,True,ICSA,Sensormatic Electronics LLC (Subsidiary of Johnson Controls),Johnson Controls Sensormatic Electronics Illustra,High,7.8,1,True,0.99969,CWE-193,1,Critical Manufacturing,Ireland,False,False,False,False,False
ICSA-21-245-02,2021-09-02,2021,True,ICSA,JTEKT ELECTRONICS CORPORATION,JTEKT TOYOPUC Products,Medium,4.3,1,False,0.00413,CWE-770,1,Critical Manufacturing,Japan,False,False,False,False,False
ICSA-21-245-03,2021-09-02,2021,True,ICSA,Advantech,Advantech WebAccess,Critical,9.8,1,False,0.11569,CWE-121,1,Critical Manufacturing; Energy; Water and Wastewater Systems,Taiwan,True,True,False,False,False
ICSA-21-250-01,2021-09-07,2021,True,ICSA,Mitsubishi Electric,Mitsubishi Electric MELSEC iQ-R Series (Update B),High,7.4,3,False,0.0237,CWE-200;CWE-522;CWE-645,3,Critical Manufacturing,Japan,False,False,False,False,False
ICSA-21-250-02,2021-09-07,2021,True,ICSA,Hitachi and ABB,Hitachi ABB Power Grids System Data Manager,Medium,6.3,1,False,0.00127,CWE-312,1,Energy,Switzerland,True,True,False,False,False
ICSA-21-252-01,2021-09-09,2021,True,ICSA,AVEVA,AVEVA PCS Portal,High,7.3,1,False,0.00222,CWE-427,1,Chemical; Critical Manufacturing; Energy; Food and Agriculture; Water and Wastewater Systems,United Kingdom,True,True,False,False,False
ICSA-21-252-02,2021-09-09,2021,True,ICSA,Delta Electronics,Delta Electronics DOPSoft 2 (Update A),High,7.8,3,True,0.76428,CWE-121;CWE-122;CWE-787,3,Critical Manufacturing,Taiwan,False,False,False,False,False
ICSA-21-252-03,2021-09-09,2021,True,ICSA,Mitsubishi Electric Europe B.V.,Mitsubishi Electric Europe B.V. smartRTU and INEA ME-RTU,Critical,9.8,7,False,0.5809,CWE-78;CWE-79;CWE-256;CWE-276;CWE-284;CWE-798,6,Critical Manufacturing,Japan,False,False,False,False,False
ICSA-21-257-01,2021-09-14,2021,False,ICSA,"Digi International, Inc.",Digi PortServer TS 16,Critical,9.6,1,False,0.01342,CWE-287,1,Critical Manufacturing; Communications; Information Technology; Transportation Systems,United States,False,False,False,False,False
ICSA-21-257-02,2021-09-14,2021,False,ICSA,Sensormatic Electronics LLC (Subsidiary of Johnson Controls),Johnson Controls Sensormatic Electronics KT-1,High,8.6,1,False,0.00841,CWE-294,1,Critical Manufacturing,Ireland,False,False,False,False,False
ICSA-21-257-03,2021-09-14,2021,False,ICSA,Schneider Electric,Schneider Electric Struxureware Data Center Expert,Critical,9.1,2,False,0.03122,CWE-22;CWE-78,2,Commercial Facilities; Energy; Food and Agriculture; Government Facilities; Transportation Systems; Water and Wastewater Systems,France,True,True,False,False,False
ICSA-21-257-04,2021-09-14,2021,False,ICSA,Siemens,Siemens Simcenter Femap,Low,3.3,1,False,0.00795,CWE-125,1,Critical Manufacturing,Germany,False,False,False,False,False
ICSA-21-257-05,2021-09-14,2021,False,ICSA,Siemens,Siemens Simcenter STAR-CCM+ Viewer,High,7.8,1,False,0.01336,CWE-787,1,Critical Manufacturing,Germany,False,False,False,False,False
ICSA-21-257-06,2021-09-14,2021,False,ICSA,Siemens,Siemens SIMATIC CP (Update A),Medium,6.5,1,False,0.00253,CWE-312,1,Critical Manufacturing,Germany,True,False,True,False,False
ICSA-21-257-07,2021-09-14,2021,False,ICSA,Siemens,Siemens APOGEE and TALON,Critical,9.8,1,False,0.03369,CWE-120,1,Critical Manufacturing,Germany,False,False,False,False,False
ICSA-21-257-08,2021-09-14,2021,False,ICSA,Siemens,Siemens Teamcenter,High,7.2,3,False,0.01045,CWE-267;CWE-611;CWE-639,3,Multiple Critical Sectors,Germany,False,False,False,False,False
ICSA-21-257-09,2021-09-14,2021,False,ICSA,Siemens,Siemens NX,High,7.8,2,False,0.00852,CWE-125;CWE-416,2,Critical Manufacturing,Germany,False,False,False,False,False
ICSA-21-257-10,2021-09-14,2021,False,ICSA,Siemens,Siemens SIPROTEC 5 relays (Update A),Critical,9.8,2,False,0.02156,CWE-120,1,Energy,Germany,True,True,False,False,False
ICSA-21-257-11,2021-09-14,2021,False,ICSA,Siemens,Siemens SIMATIC RFID,High,7.3,1,False,0.04126,CWE-787,1,Multiple Critical Sectors,Germany,True,False,True,False,False
ICSA-21-257-12,2021-09-14,2021,False,ICSA,Siemens,Siemens SINEMA Server,Medium,4.7,1,False,0.00831,CWE-306,1,Critical Manufacturing,Germany,False,False,False,False,False
ICSA-21-257-13,2021-09-14,2021,False,ICSA,Siemens,Siemens LOGO! CMR and SIMATIC RTU 3000,Medium,5.4,1,False,0.00356,CWE-330,1,Energy,Germany,True,True,True,False,False
ICSA-21-257-14,2021-09-14,2021,False,ICSA,Siemens,Siemens SINEC NMS,High,8.8,2,False,0.3738,CWE-22;CWE-352,2,Communications,Germany,False,False,False,False,False
ICSA-21-257-15,2021-09-14,2021,False,ICSA,Siemens,Siemens SIMATIC NET CP Modules,High,7.5,1,False,0.01056,CWE-119,1,Critical Manufacturing,Germany,True,False,True,False,False
ICSA-21-257-16,2021-09-14,2021,False,ICSA,Siemens,Siemens SIPROTEC 5 (Update A),High,7.5,1,False,0.01433,CWE-20,1,Multiple Critical Sectors,Germany,False,False,False,False,False
ICSA-21-257-17,2021-09-14,2021,False,ICSA,Siemens,Siemens Desigo CC Family,Critical,10.0,1,False,0.0189,CWE-502,1,Commercial Facilities; Government Facilities,Germany,False,False,False,False,False
ICSA-21-257-18,2021-09-14,2021,False,ICSA,Siemens,Siemens Siveillance OIS,Critical,10.0,1,False,0.03842,CWE-78,1,Commercial Facilities; Government Facilities,Germany,False,False,False,False,False
ICSA-21-257-19,2021-09-14,2021,False,ICSA,Siemens,Siemens SINEMA Remote Connect Server,High,7.4,6,False,0.00387,CWE-200;CWE-284;CWE-471;CWE-799,4,Critical Manufacturing,Germany,False,False,False,False,False
ICSA-21-257-20,2021-09-14,2021,False,ICSA,Siemens,Siemens LOGO! CMR and SIMATIC RTU 3000,High,7.5,1,False,0.00189,CWE-131;CWE-295,2,Critical Manufacturing,Germany,True,False,True,False,False
ICSA-21-257-21,2021-09-14,2021,False,ICSA,Siemens,Siemens Industrial Edge,Critical,9.8,1,False,0.01033,CWE-639,1,Critical Manufacturing,Germany,False,False,False,False,False
ICSA-21-257-22,2021-09-14,2021,False,ICSA,Siemens,Siemens Teamcenter Active Workspace,Medium,4.5,1,False,0.01167,CWE-22,1,Critical Manufacturing,Germany,False,False,False,False,False
ICSA-21-257-23,2021-09-14,2021,False,ICSA,Siemens,Siemens SIMATIC and TIM,Medium,5.3,1,False,0.00752,CWE-863,1,Multiple Critical Sectors,Germany,True,False,True,False,False
ICSA-21-259-01,2021-09-16,2021,False,ICSA,Siemens,Siemens RUGGEDCOM ROX (Update A),High,8.8,3,False,0.01606,CWE-250;CWE-269;CWE-280,3,Multiple Critical Sectors,Germany,False,False,False,False,False
ICSA-21-259-02,2021-09-16,2021,False,ICSA,Schneider Electric,Schneider Electric EcoStruxure and SCADAPack,High,7.8,1,False,0.261,CWE-22,1,Commercial Facilities; Energy; Food and Agriculture; Government Facilities; Transportation Systems; Water and Wastewater Systems,France,True,True,True,False,False
ICSA-21-266-01,2021-09-23,2021,False,ICSA,Trane U.S. Inc.,Trane Symbio (Update B),High,7.5,1,False,0.00272,CWE-94,1,Critical Manufacturing,Ireland,False,False,False,False,False
ICSA-21-266-02,2021-09-23,2021,False,ICSA,Trane,Trane Tracer,Critical,9.9,1,False,0.0104,CWE-94,1,Critical Manufacturing,Ireland,False,False,False,False,False
ICSA-21-278-01,2021-10-05,2021,False,ICSA,Mitsubishi Electric,Mitsubishi Electric GOT and Tension Controller (Update A),High,7.5,4,False,,CWE-20;CWE-755,2,Critical Manufacturing,Japan,False,False,False,False,False
ICSA-21-278-02,2021-10-05,2021,False,ICSA,Emerson,Emerson WirelessHART Gateway,High,8.0,6,False,0.0148,CWE-20;CWE-22;CWE-78;CWE-123;CWE-200;CWE-306,6,Chemical; Critical Manufacturing; Dams; Energy; Food and Agriculture; Healthcare and Public Health; Transportation Systems; Water and Wastewater Systems,United States,True,True,False,False,False
ICSA-21-278-03,2021-10-05,2021,False,ICSA,Moxa,Moxa MXview Network Management Software,Critical,10.0,5,False,0.15789,CWE-22;CWE-74;CWE-259;CWE-284;CWE-523,5,Critical Manufacturing; Energy; Transportation Systems,Taiwan,True,True,False,False,False
ICSA-21-278-04,2021-10-05,2021,False,ICSA,Honeywell,Honeywell Experion PKS and ACE Controllers,Critical,10.0,3,False,0.00946,CWE-23;CWE-74;CWE-434,3,Critical Manufacturing,United States,True,False,True,False,False
ICSA-21-280-01,2021-10-07,2021,False,ICSA,Exacq Technologies Inc (Subsidiary of Johnson Controls),Johnson Controls exacqVision Server Bundle,Critical,9.8,1,False,0.01601,CWE-269,1,Critical Manufacturing,Ireland,False,False,False,False,False
ICSA-21-280-02,2021-10-07,2021,False,ICSA,Mobile Industrial Robots (MiR),Mobile Industrial Robots Vehicles and MiR Fleet Software,Critical,9.8,10,False,0.02459,CWE-190;CWE-239;CWE-276;CWE-284;CWE-306;CWE-311;CWE-668,7,Critical Manufacturing; Healthcare and Public Health; Transportation Systems,Denmark,False,False,False,False,False
ICSA-21-280-03,2021-10-07,2021,False,ICSA,Exacq Technologies Inc (Subsidiary of Johnson Controls),Johnson Controls exacqVision,High,7.5,1,False,0.01573,CWE-190,1,Critical Manufacturing,Ireland,False,False,False,False,False
ICSA-21-280-04,2021-10-07,2021,False,ICSA,Mitsubishi Electric,Mitsubishi Electric MELSEC iQ-R Series C Controller Module (Update B),Medium,6.8,1,False,0.02385,CWE-400,1,Critical Manufacturing,Japan,False,False,False,False,False
ICSA-21-280-05,2021-10-07,2021,False,ICSA,InHand Networks,InHand Networks IR615 Router (Update A),Critical,9.8,13,False,0.02762,CWE-78;CWE-79;CWE-204;CWE-285;CWE-307;CWE-326;CWE-352;CWE-434;CWE-521;CWE-1021,10,Multiple Critical Sectors,United States,False,False,False,False,False
ICSA-21-280-06,2021-10-07,2021,False,ICSA,FATEK Automation,FATEK Automation WinProladder,High,7.8,7,False,0.01036,CWE-119;CWE-121;CWE-125;CWE-194;CWE-416;CWE-787,6,Critical Manufacturing,Taiwan,False,False,False,False,False
ICSA-21-280-07,2021-10-07,2021,False,ICSA,FATEK Automation,FATEK Automation Communication Server,Critical,9.8,1,False,0.0187,CWE-121,1,Critical Manufacturing,Taiwan,False,False,False,False,False
ICSA-21-285-01,2021-10-12,2021,False,ICSA,Advantech,Advantech WebAccess SCADA,Medium,4.3,1,False,0.00698,CWE-862,1,Critical Manufacturing; Energy; Water and Wastewater Systems,Taiwan,True,True,False,False,False
ICSA-21-285-02,2021-10-12,2021,False,ICSA,Advantech,Advantech WebAccess,Critical,9.8,2,False,0.10367,CWE-121;CWE-122,2,Critical Manufacturing; Energy; Water and Wastewater Systems,Taiwan,True,True,False,False,False
ICSA-21-285-03,2021-10-12,2021,False,ICSA,Schneider Electric,Schneider Electric IGSS,Critical,9.8,4,False,0.20165,CWE-22;CWE-120;CWE-306;CWE-434,4,Commercial Facilities; Critical Manufacturing; Energy,France,True,True,False,False,False
ICSA-21-287-01,2021-10-14,2021,False,ICSA,Schneider Electric,Schneider Electric CNM,High,7.8,1,False,0.01557,CWE-269,1,Critical Manufacturing; Energy,France,True,True,False,False,False
ICSA-21-287-02,2021-10-14,2021,False,ICSA,Uffizio,Uffizio GPS Tracker,Critical,9.8,5,False,0.01837,CWE-79;CWE-284;CWE-352;CWE-434;CWE-601,5,Transportation Systems,India,False,False,False,False,False
ICSA-21-287-03,2021-08-06,2021,True,ICSA,Mitsubishi Electric,Mitsubishi Electric MELSEC iQ-R Series (Update B),Critical,9.1,1,False,0.01402,CWE-319,1,Critical Manufacturing,Japan,False,False,False,False,False
ICSA-21-287-04,2021-10-14,2021,False,ICSA,Siemens,Siemens SINUMERIK,High,7.5,1,False,0.01056,CWE-122,1,Critical Manufacturing,Germany,False,False,False,False,False
ICSA-21-287-05,2021-10-14,2021,False,ICSA,Siemens,Siemens SINEC NMS,High,8.8,15,False,0.46587,CWE-22;CWE-89;CWE-200;CWE-285;CWE-502,5,Energy,Germany,True,True,False,False,False
ICSA-21-287-06,2021-10-14,2021,False,ICSA,Siemens,Siemens Solid Edge,High,7.8,10,False,0.01567,CWE-125;CWE-416;CWE-824,3,Multiple Critical Sectors,Germany,False,False,False,False,False
ICSA-21-287-07,2021-10-14,2021,False,ICSA,Siemens,Siemens SCALANCE (Update A),Critical,9.8,15,False,0.03055,CWE-22;CWE-77;CWE-78;CWE-120;CWE-311;CWE-352,6,Chemical; Energy; Food and Agriculture; Healthcare and Public Health; Transportation Systems; Water and Wastewater Systems,Germany,True,True,False,False,False
ICSA-21-287-08,2021-10-14,2021,False,ICSA,Siemens,Siemens RUGGEDCOM ROX Devices,High,7.5,1,False,0.00978,CWE-400,1,Critical Manufacturing,Germany,False,False,False,False,False
ICSA-21-287-09,2021-10-14,2021,False,ICSA,Siemens,Siemens SIMATIC Process Historian,Critical,9.8,1,False,0.00801,CWE-306,1,Multiple Critical Sectors,Germany,True,False,True,False,False
ICSA-21-292-01,2021-10-19,2021,False,ICSA,AUVESY,AUVESY Versiondog,Critical,9.8,17,False,0.01335,CWE-15;CWE-20;CWE-73;CWE-89;CWE-119;CWE-123;CWE-125;CWE-284;CWE-294;CWE-321;CWE-400;CWE-416;CWE-427;CWE-434;CWE-732;CWE-787,16,Multiple Critical Sectors,Germany,False,False,False,False,False
ICSA-21-292-02,2021-10-19,2021,False,ICSA,Trane,Trane HVAC Systems Controls,Medium,6.3,1,False,0.00607,CWE-79,1,Critical Manufacturing,Ireland,False,False,False,False,False
ICSA-21-294-01,2021-10-21,2021,False,ICSA,"ICONICS, Mitsubishi Electric",ICONICS GENESIS64 and Mitsubishi Electric MC Works64,High,7.8,2,False,0.02743,CWE-125;CWE-787,2,Multiple Critical Sectors; Critical Manufacturing,United States,False,False,False,False,False
ICSA-21-294-02,2021-10-21,2021,False,ICSA,Delta Electronics,Delta Electronics DIALink,High,8.8,10,False,0.12337,CWE-79;CWE-276;CWE-312;CWE-319;CWE-427;CWE-1236,6,Critical Manufacturing,Taiwan,False,False,False,False,False
ICSA-21-294-03,2021-10-21,2021,False,ICSA,"ICONICS, Mitsubishi Electric",ICONICS GENESIS64 and Mitsubishi Electric MC Works64 OPC UA,High,7.5,1,False,0.0195,CWE-674,1,Multiple Critical Sectors,United States,False,False,False,False,False
ICSA-21-299-01,2021-10-26,2021,False,ICSA,Fuji Electric,Fuji Electric Tellus Lite V-Simulator and V-Server Lite,High,7.8,6,False,0.00978,CWE-121;CWE-122;CWE-125;CWE-787;CWE-822;CWE-824,6,Critical Manufacturing,Japan,False,False,False,False,False
ICSA-21-301-01,2021-10-28,2021,False,ICSA,Sensormatic Electronics LLC (Subsidiary of Johnson Controls),Sensormatic Electronics victor,High,7.8,1,False,0.29448,CWE-798,1,Critical Manufacturing,Ireland,False,False,False,False,False
ICSA-21-306-01,2021-11-02,2021,False,ICSA,Sensormatic Electronics LLC (Subsidiary of Johnson Controls),Sensormatic Electronics VideoEdge,Medium,6.1,1,True,0.8383,CWE-79,1,Critical Manufacturing,Ireland,False,False,False,False,False
ICSA-21-308-01,2021-11-04,2021,False,ICSA,VISAM,VISAM VBASE Editor,High,7.4,9,True,0.25789,CWE-79;CWE-284;CWE-611;CWE-1035,4,Multiple Critical Sectors,Germany,False,False,False,False,False
ICSA-21-308-02,2021-11-04,2021,False,ICSA,AzeoTech,AzeoTech DAQFactory,High,7.8,4,False,0.00815,CWE-242;CWE-319;CWE-471;CWE-502,4,Critical Manufacturing; Energy; Water and Wastewater Systems,United States,True,True,False,False,False
ICSA-21-313-01,2021-11-09,2021,False,ICSA,Schneider Electric,Schneider Electric NMC cards and Embedded Devices,Medium,6.8,6,False,0.00768,CWE-79;CWE-200,2,Energy,France,True,True,False,False,False
ICSA-21-313-02,2021-11-09,2021,False,ICSA,Schneider Electric,Schneider Electric GUIcon,High,7.8,3,False,0.00855,CWE-125;CWE-416;CWE-787,3,Critical Manufacturing,France,False,False,False,False,False
ICSA-21-313-03,2021-11-09,2021,False,ICSA,Siemens,Siemens Nucleus RTOS TCP/IP Stack,Critical,9.8,13,False,0.03049,CWE-119;CWE-125;CWE-170;CWE-191;CWE-240;CWE-805;CWE-843;CWE-1284,8,Multiple Critical Sectors,Germany,False,False,False,False,False
ICSA-21-313-04,2021-11-09,2021,False,ICSA,mySCADA Technologies,mySCADA myDESIGNER,High,7.3,1,False,0.38241,CWE-23,1,Energy; Food and Agriculture; Transportation Systems; Water and Wastewater Systems,Czech Republic,True,True,False,False,False
ICSA-21-313-05,2021-11-09,2021,False,ICSA,OSIsoft,OSIsoft PI Vision,Medium,6.5,2,False,0.00628,CWE-79;CWE-863,2,Multiple Critical Sectors,United States,False,False,False,False,False
ICSA-21-313-06,2021-11-09,2021,False,ICSA,OSIsoft,OSIsoft PI Web API,Medium,6.9,1,False,0.00711,CWE-79,1,Multiple Critical Sectors,United States,False,False,False,False,False
ICSA-21-315-01,2021-11-11,2021,False,ICSA,WECON,WECON PLC Editor,High,7.8,2,False,0.00973,CWE-121;CWE-787,2,Critical Manufacturing; Energy; Water and Wastewater Systems,China,True,True,False,False,False
ICSA-21-315-02,2021-11-11,2021,False,ICSA,"Eclipse, eProsima, GurumNetworks, Object Computing, Inc. (OCI), Real-Time Innovations (RTI), TwinOaks Computing",Multiple Data Distribution Service (DDS) Implementations (Update A),High,8.6,13,False,0.05082,CWE-121;CWE-122;CWE-123;CWE-130;CWE-131;CWE-228;CWE-405;CWE-406,8,Multiple Critical Sectors,Multiple,False,False,False,False,False
ICSA-21-315-03,2021-11-11,2021,False,ICSA,Siemens,Siemens SIMATIC WinCC (Update E),Critical,9.9,3,False,0.01274,CWE-22;CWE-532,2,Critical Manufacturing,Germany,True,False,True,False,False
ICSA-21-315-04,2021-11-11,2021,False,ICSA,Siemens,Siemens Mendix,Medium,4.0,1,False,0.00227,CWE-525,1,Multiple Critical Sectors,Germany,False,False,False,False,False
ICSA-21-315-05,2021-11-11,2021,False,ICSA,Siemens,Siemens Mendix Studio Pro,Medium,5.3,2,False,0.00583,CWE-863,1,Critical Manufacturing,Germany,False,False,False,False,False
ICSA-21-315-06,2021-11-11,2021,False,ICSA,Siemens,Siemens SCALANCE W1750D (Update A),Critical,9.8,6,False,0.03055,CWE-22;CWE-77;CWE-119,3,Multiple Critical Sectors,Germany,False,False,False,False,False
ICSA-21-315-07,2021-11-11,2021,False,ICSA,Siemens,Siemens Nucleus RTOS-based APOGEE and TALON Products (Update C),Critical,9.8,13,False,0.03049,CWE-119;CWE-125;CWE-170;CWE-191;CWE-240;CWE-805;CWE-843;CWE-1284,8,Critical Manufacturing,Germany,False,False,False,False,False
ICSA-21-315-08,2021-11-11,2021,False,ICSA,Siemens,Siemens NX OBJ Translator,High,7.8,2,False,0.01567,CWE-416;CWE-824,2,Critical Manufacturing,Germany,False,False,False,False,False
ICSA-21-315-09,2021-11-11,2021,False,ICSA,Siemens,Siemens Climatix POL909 (Update A),Medium,6.4,1,False,0.00421,CWE-311,1,Critical Manufacturing,Germany,False,False,False,False,False
ICSA-21-315-10,2021-11-11,2021,False,ICSA,Siemens,Siemens SENTRON powermanager,High,7.8,1,False,0.00216,CWE-732,1,Critical Manufacturing,Germany,False,False,False,False,False
ICSA-21-315-11,2021-11-11,2021,False,ICSA,Siemens,Siemens SIMATIC RTLS Locating Manager,Medium,5.5,3,False,0.00232,CWE-20;CWE-312;CWE-532,3,Critical Manufacturing,Germany,True,False,True,False,False
ICSA-21-315-12,2021-11-11,2021,False,ICSA,Siemens,Siemens NX JT Translator,Low,3.3,2,False,0.00966,CWE-125;CWE-824,2,Critical Manufacturing,Germany,False,False,False,False,False
ICSA-21-315-13,2021-11-11,2021,False,ICSA,Siemens,Siemens Siveillance Video DLNA Server,High,8.6,1,False,0.01743,CWE-26,1,Communications,Germany,False,False,False,False,False
ICSA-21-320-01,2021-11-16,2021,False,ICSA,FATEK Automation,FATEK Automation WinProladder,High,7.8,2,False,0.02091,CWE-121;CWE-787,2,Critical Manufacturing,Taiwan,False,False,False,False,False
ICSA-21-320-02,2021-11-16,2021,False,ICSA,Mitsubishi Electric,Mitsubishi Electric GOT products,High,7.5,1,False,0.02282,CWE-20,1,Critical Manufacturing,Japan,False,False,False,False,False
ICSA-21-334-01,2021-11-30,2021,False,ICSA,Xylem Inc,Xylem Aanderaa GeoView,High,8.2,1,False,0.01984,CWE-89,1,Water and Wastewater Systems,United States,False,False,False,False,False
ICSA-21-334-02,2021-11-30,2021,False,ICSA,Mitsubishi Electric,Mitsubishi Electric MELSEC and MELIPC Series (Update G),High,7.5,3,False,0.03077,CWE-20;CWE-130;CWE-400,3,Critical Manufacturing,Japan,False,False,False,False,False
ICSA-21-334-03,2021-11-30,2021,False,ICSA,Delta Electronics,Delta Electronics CNCSoft,High,7.8,1,False,0.09594,CWE-121,1,Critical Manufacturing,Taiwan,False,False,False,False,False
ICSA-21-334-04,2021-11-30,2021,False,ICSA,Controlled Electronic Management Systems Ltd (CEM) (Subsidiary of Johnson Controls),Johnson Controls CEM Systems AC2000,High,7.8,1,True,0.99969,CWE-193,1,Critical Manufacturing,Ireland,False,False,False,False,False
ICSA-21-334-05,2021-11-30,2021,False,ICSA,Hitachi Energy,Hitachi Energy Retail Operations and CSB Software,High,7.2,1,False,0.00259,CWE-284,1,Energy,Switzerland,True,True,False,False,False
ICSA-21-336-01,2021-12-02,2021,False,ICSA,Schneider Electric,Schneider Electric SESU,Low,3.8,1,False,0.00237,CWE-331,1,Commercial Facilities; Critical Manufacturing; Energy,France,True,True,False,False,False
ICSA-21-336-02,2021-12-02,2021,False,ICSA,Sensormatic Electronics LLC (Subsidiary of Johnson Controls),Johnson Controls Entrapass,High,8.3,1,False,0.01076,CWE-200,1,Critical Manufacturing,Ireland,False,False,False,False,False
ICSA-21-336-03,2021-12-02,2021,False,ICSA,Distributed Data Systems,Distributed Data Systems WebHMI,Critical,10.0,2,False,0.35804,CWE-305;CWE-434,2,Critical Manufacturing,Ukraine,False,False,False,False,False
ICSA-21-336-04,2021-12-02,2021,False,ICSA,Hitachi Energy,Hitachi Energy RTU500 series BCI,High,7.5,1,False,0.0092,CWE-20,1,Energy,Switzerland,True,True,False,False,False
ICSA-21-336-05,2021-12-02,2021,False,ICSA,Hitachi Energy,Hitachi Energy Relion 670/650/SAM600-IO (Update A),High,8.9,1,False,0.00667,CWE-1188,1,Energy,Switzerland,True,True,False,False,False
ICSA-21-336-06,2021-12-02,2021,False,ICSA,Hitachi Energy,Hitachi Energy APM Edge (Update A),High,8.2,29,False,0.62906,CWE-120;CWE-121;CWE-122;CWE-125;CWE-184;CWE-190;CWE-203;CWE-285;CWE-327;CWE-330;CWE-347;CWE-362;CWE-401;CWE-416;CWE-476;CWE-776;CWE-787;CWE-1357,18,Energy,Switzerland,True,True,False,False,False
ICSA-21-336-07,2021-12-02,2021,False,ICSA,Hitachi Energy,Hitachi Energy PCM600 Update Manager,Medium,6.7,1,False,0.00128,CWE-295,1,Energy,Switzerland,True,True,False,False,False
ICSA-21-336-08,2021-12-02,2021,False,ICSA,Hitachi Energy,Hitachi Energy RTU500 series,High,8.6,3,False,0.0828,CWE-125;CWE-126;CWE-203,3,Energy,Switzerland,True,True,False,False,False
ICSA-21-341-01,2021-12-07,2021,False,ICSA,Hitachi Energy,Hitachi Energy RTU500 OpenLDAP,High,7.5,2,False,0.1229,CWE-617;CWE-843,2,Energy,Switzerland,True,True,False,False,False
ICSA-21-341-02,2021-12-07,2021,False,ICSA,Hitachi Energy,Hitachi Energy XMC20 and FOX61x,Critical,9.0,2,False,0.00958,CWE-431;CWE-521,2,Multiple Critical Sectors,Switzerland,False,False,False,False,False
ICSA-21-343-01,2021-12-09,2021,False,ICSA,Hitachi Energy,"Hitachi Energy GMS600, PWC600, and Relion (Update A)",High,7.2,1,False,0.01792,CWE-284,1,Multiple Critical Sectors,Switzerland,False,False,False,False,False
ICSA-21-343-02,2021-12-09,2021,False,ICSA,WECON,WECON LeviStudioU,High,7.8,1,False,0.02743,CWE-121,1,Critical Manufacturing; Energy; Water and Wastewater Systems,China,True,True,False,False,False
ICSA-21-348-01,2021-12-14,2021,False,ICSA,Advantech,Advantech R-SeeNet,High,8.8,26,False,0.20155,CWE-89;CWE-269,2,Critical Manufacturing; Energy; Water and Wastewater Systems,Taiwan,True,True,False,False,False
ICSA-21-348-02,2021-12-14,2021,False,ICSA,Schneider Electric,Schneider Electric Rack PDU,Medium,6.5,1,False,0.00774,CWE-200,1,Energy,France,True,True,False,False,False
ICSA-21-350-01,2021-12-16,2021,False,ICSA,Xylem Inc,Xylem AquaView,Critical,9.3,1,False,0.00211,CWE-798,1,Water and Wastewater Systems,United States,False,False,False,False,False
ICSA-21-350-02,2021-12-16,2021,False,ICSA,Delta Electronics,Delta Electronics CNCSoft,Medium,6.1,1,False,0.00689,CWE-125,1,Critical Manufacturing,Taiwan,False,False,False,False,False
ICSA-21-350-03,2021-12-16,2021,False,ICSA,Wibu-Systems AG,Wibu-Systems CodeMeter Runtime,High,7.1,1,False,0.00298,CWE-269,1,Multiple Critical Sectors,Germany,False,False,False,False,False
ICSA-21-350-04,2021-12-16,2021,False,ICSA,Mitsubishi Electric,Mitsubishi Electric GX Works2,Medium,5.3,1,False,0.02711,CWE-130,1,Critical Manufacturing,Japan,False,False,False,False,False
ICSA-21-350-05,2021-12-16,2021,False,ICSA,Mitsubishi Electric,Mitsubishi Electric FA Engineering Software (Update B),Medium,5.5,2,False,0.00932,CWE-125;CWE-191,2,Critical Manufacturing,Japan,False,False,False,False,False
ICSA-21-350-06,2021-12-16,2021,False,ICSA,Siemens,Siemens Capital VSTAR (Update A),High,8.8,8,False,0.02221,CWE-119;CWE-125;CWE-191;CWE-240;CWE-843;CWE-1248,6,Critical Manufacturing,Germany,False,False,False,False,False
ICSA-21-350-07,2021-12-16,2021,False,ICSA,Siemens,Siemens POWER METER SICAM Q100,Critical,9.1,1,False,0.02587,CWE-121,1,Multiple Critical Sectors,Germany,False,False,False,False,False
ICSA-21-350-08,2021-12-16,2021,False,ICSA,Siemens,Siemens JTTK and JT Utilities,High,7.8,3,False,0.00855,CWE-125;CWE-416;CWE-787,3,Critical Manufacturing,Germany,False,False,False,False,False
ICSA-21-350-09,2021-12-16,2021,False,ICSA,Siemens,Siemens SINUMERIK Edge,High,7.4,1,False,0.00479,CWE-295,1,Critical Manufacturing,Germany,False,False,False,False,False
ICSA-21-350-10,2021-12-16,2021,False,ICSA,Siemens,Siemens JT2Go and Teamcenter Visualization,High,7.8,16,False,0.02031,CWE-125;CWE-193;CWE-416;CWE-457;CWE-787,5,Critical Manufacturing,Germany,False,False,False,False,False
ICSA-21-350-11,2021-12-16,2021,False,ICSA,Siemens,Siemens SIMATIC eaSie PCS 7 Skill Package,Medium,6.5,1,False,0.0091,CWE-22,1,Critical Manufacturing,Germany,True,False,True,False,False
ICSA-21-350-12,2021-12-16,2021,False,ICSA,Siemens,Siemens SIMATIC ITC,Critical,9.8,19,False,0.09468,CWE-1035,1,Chemical; Critical Manufacturing; Energy; Food and Agriculture; Water and Wastewater Systems,Germany,True,True,True,False,False
ICSA-21-350-13,2021-12-16,2021,False,ICSA,Siemens,Siemens Questa and ModelSim (Update A),Critical,9.0,1,False,0.00563,CWE-522,1,Multiple Critical Sectors,Germany,False,False,False,False,False
ICSA-21-350-14,2021-12-16,2021,False,ICSA,Siemens,Siemens Siveillance Identity,High,7.5,3,False,0.01579,CWE-668,1,Multiple Critical Sectors,Germany,False,False,False,False,False
ICSA-21-350-15,2021-12-16,2021,False,ICSA,Siemens,Siemens Simcenter STAR-CCM+ Viewer,High,7.8,1,False,0.00814,CWE-787,1,Critical Manufacturing,Germany,False,False,False,False,False
ICSA-21-350-16,2021-12-16,2021,False,ICSA,Siemens Healthineers (Subsidiary of Siemens),Siemens Healthineers syngo fastView (Update A),High,7.8,3,False,0.00323,CWE-123;CWE-787,2,Healthcare and Public Health,Germany,False,False,False,False,False
ICSA-21-350-17,2021-12-16,2021,False,ICSA,Siemens,Siemens JT Utilities and JT Open Toolkit,High,7.8,16,False,0.011,CWE-119;CWE-121;CWE-122;CWE-125;CWE-416;CWE-787,6,Multiple Critical Sectors,Germany,False,False,False,False,False
ICSA-21-350-18,2021-12-16,2021,False,ICSA,Siemens,Siemens Teamcenter Active Workspace,Medium,6.8,1,False,0.01052,CWE-22,1,Multiple Critical Sectors,Germany,False,False,False,False,False
ICSA-21-350-19,2021-12-16,2021,False,ICSA,Siemens,Siemens SiPass Integrated,High,7.5,3,False,0.01579,CWE-668,1,Multiple Critical Sectors,Germany,False,False,False,False,False
ICSA-21-350-20,2021-12-16,2021,False,ICSA,Siemens,Siemens JTTK and JT Utilities,High,7.8,2,False,0.00814,CWE-125;CWE-787,2,Critical Manufacturing,Germany,False,False,False,False,False
ICSA-21-355-01,2021-12-21,2021,False,ICSA,mySCADA Technologies,mySCADA myPRO,Critical,10.0,8,False,0.01549,CWE-78;CWE-288;CWE-912;CWE-916,4,Energy; Food and Agriculture; Transportation Systems; Water and Wastewater Systems,Czech Republic,True,True,False,False,False
ICSA-21-355-02,2021-12-21,2021,False,ICSA,Horner Automation,Horner Automation Cscape EnvisionRV,High,7.8,1,False,0.00713,CWE-20,1,Critical Manufacturing,United States,False,False,False,False,False
ICSA-21-355-03,2021-12-21,2021,False,ICSA,WECON,WECON LeviStudioU,High,7.8,2,False,0.08595,CWE-121;CWE-122,2,Critical Manufacturing; Energy; Water and Wastewater Systems,China,True,True,False,False,False
ICSA-21-355-04,2021-12-21,2021,False,ICSA,Emerson,Emerson DeltaV,High,8.1,2,False,0.00263,CWE-306;CWE-427,2,Chemical; Critical Manufacturing; Energy,United States,True,True,True,False,False
ICSA-21-357-01,2021-12-23,2021,False,ICSA,Moxa,Moxa MGate Protocol Gateways,Critical,9.8,1,False,0.00661,CWE-319,1,Multiple Critical Sectors,Taiwan,False,False,False,False,False
ICSA-21-357-02,2021-12-23,2021,False,ICSA,Exacq Technologies Inc (Subsidiary of Johnson Controls),Johnson Controls exacq Enterprise Manager,Critical,10.0,1,True,0.99999,CWE-20,1,Critical Manufacturing,Ireland,False,False,False,False,False
ICSA-22-006-01,2022-01-06,2022,True,ICSA,Omron,Omron CX-One,High,7.8,1,False,0.09271,CWE-121,1,Critical Manufacturing,Japan,False,False,False,False,False
ICSA-22-006-02,2022-01-06,2022,True,ICSA,Fernhill Software Ltd.,Fernhill SCADA,High,7.5,1,False,0.01121,CWE-400,1,Energy; Water and Wastewater; Food and Agriculture; Critical Manufacturing,United Kingdom,True,True,False,False,False
ICSA-22-006-03,2022-01-06,2022,True,ICSA,IDEC,IDEC PLCs,High,7.6,4,False,0.0134,CWE-256;CWE-523,2,Multiple Critical Sectors,Japan,False,False,False,False,False
ICSA-22-011-01,2022-01-11,2022,True,ICSA,Sensormatic Electronics LLC (Subsidiary of Johnson Controls),Johnson Controls VideoEdge,Medium,5.3,1,False,0.01045,CWE-228,1,Critical Manufacturing,Ireland,False,False,False,False,False
ICSA-22-013-01,2022-01-13,2022,True,ICSA,Mitsubishi Electric,Mitsubishi Electric MELSEC-F Series,High,7.5,1,False,0.03595,CWE-671,1,Critical Manufacturing,Japan,False,False,False,False,False
ICSA-22-013-02,2022-01-13,2022,True,ICSA,Siemens,Siemens SICAM A8000,Critical,9.9,2,False,0.02307,CWE-284;CWE-798,2,Energy,Germany,True,True,False,False,False
ICSA-22-013-03,2022-01-13,2022,True,ICSA,Siemens,Siemens Energy PLUSCONTROL,High,8.2,6,False,0.02221,CWE-191;CWE-240;CWE-805;CWE-843;CWE-1284,5,Multiple Sectors,Germany,False,False,False,False,False
ICSA-22-013-04,2022-01-13,2022,True,ICSA,Siemens,Siemens SIPROTEC 5 Devices,Medium,6.5,1,False,0.00968,CWE-20,1,Energy,Germany,True,True,False,False,False
ICSA-22-013-05,2022-01-13,2022,True,ICSA,Siemens,Siemens COMOS Web (Update B),High,8.8,5,False,0.00847,CWE-23;CWE-80;CWE-89;CWE-352;CWE-434,5,Multiple Critical Sectors,Germany,False,False,False,False,False
ICSA-22-013-06,2022-01-13,2022,True,ICSA,Siemens,Siemens SICAM PQ Analyzer,Low,3.4,1,False,0.00828,CWE-428,1,Chemical; Energy; Food and Agriculture; Water and Wastewater Systems,Germany,True,True,False,False,False
ICSA-22-013-07,2022-01-13,2022,True,ICSA,Mitsubishi Electric,Mitsubishi Electric MELSEC-F Series,High,7.5,1,False,0.03595,CWE-665,1,Critical Manufacturing,Japan,False,False,False,False,False
ICSA-22-020-01,2022-01-20,2022,True,ICSA,Mitsubishi Electric Iconics Digital Solutions and Mitsubishi Electric,Mitsubishi Electric Iconics Digital Solutions and Mitsubishi Electric HMI SCADA (Update B),Critical,9.8,4,False,0.02884,CWE-79;CWE-126;CWE-184;CWE-256,4,Critical Manufacturing,"United States, Japan",False,False,False,False,False
ICSA-22-025-01,2022-01-25,2022,True,ICSA,GE,GE Gas Power ToolBoxST,High,7.5,2,False,0.03305,CWE-22;CWE-611,2,Communications; Critical Manufacturing; Energy; Healthcare and Public Health; Transportation Systems; Water and Wastewater Systems,United States,True,True,False,False,False
ICSA-22-032-01,2022-02-01,2022,True,ICSA,"Ricon Mobile, Inc.",Ricon Mobile Industrial Cellular Router,Critical,9.1,1,False,0.02182,CWE-78,1,Communications,Canada,False,False,False,False,False
ICSA-22-032-02,2022-02-01,2022,True,ICSA,Advantech,Advantech ADAM-3600,Critical,9.8,1,False,0.01211,CWE-321,1,Energy; Water and Wastewater Systems,Taiwan,True,True,False,False,False
ICSA-22-034-01,2022-02-03,2022,True,ICSA,Sensormatic Electronics LLC (Subsidiary of Johnson Controls),Sensormatic PowerManage (Update A),Critical,10.0,1,True,0.99999,CWE-20,1,Critical Manufacturing,Ireland,False,False,False,False,False
ICSA-22-034-02,2022-02-03,2022,True,ICSA,Airspan Networks,Airspan Networks Mimosa,Critical,10.0,7,False,0.03663,CWE-78;CWE-89;CWE-285;CWE-327;CWE-502;CWE-863;CWE-918,7,Communications,United States,False,False,False,False,False
ICSA-22-041-01,2022-02-10,2022,True,ICSA,Siemens,Siemens SIMATIC Industrial Products (Update B),High,7.5,1,False,0.0206,CWE-601,1,Multiple Critical Sectors,Germany,True,False,True,False,False
ICSA-22-041-02,2022-02-10,2022,True,ICSA,Siemens,Siemens SIMATIC WinCC and PCS (Update C),Medium,6.3,2,False,0.00682,CWE-200;CWE-538,2,Critical Manufacturing,Germany,True,False,True,False,False
ICSA-22-041-03,2022-02-10,2022,True,ICSA,Siemens,Siemens Simcenter Femap,High,7.8,11,False,0.01774,CWE-119;CWE-121;CWE-787;CWE-843,4,Critical Manufacturing,Germany,False,False,False,False,False
ICSA-22-041-04,2022-02-10,2022,True,ICSA,Siemens,SINEMA Remote Connect Server,Medium,5.4,1,False,0.05265,CWE-601,1,Multiple Sectors,Germany,False,False,False,False,False
ICSA-22-041-05,2022-02-10,2022,True,ICSA,Siemens,Siemens SICAM TOOLBOX II (Update A),Critical,9.9,1,False,0.00675,CWE-798,1,Multiple Critical Sectors,Germany,False,False,False,False,False
ICSA-22-041-06,2022-02-10,2022,True,ICSA,Siemens,Siemens Spectrum Power 4,Medium,5.4,1,False,0.00562,CWE-79,1,Multiple Critical Sectors,Germany,False,False,False,False,False
ICSA-22-041-07,2022-02-10,2022,True,ICSA,Siemens,"Siemens Solid Edge, JT2Go, and Teamcenter Visualization (Update C)",High,7.8,5,False,0.01798,CWE-119;CWE-122;CWE-125;CWE-787,4,Critical Manufacturing,Germany,False,False,False,False,False
ICSA-22-046-01,2022-02-15,2022,True,ICSA,Schneider Electric,Schneider Electric IGSS,Critical,9.8,8,False,0.44559,CWE-22;CWE-120;CWE-125;CWE-190;CWE-665;CWE-862,6,Commercial Facilities; Critical Manufacturing; Energy,France,True,True,False,False,False
ICSA-22-053-01,2022-02-22,2022,True,ICSA,GE,GE Proficy CIMPLICITY-IPM,High,7.5,1,False,0.00209,CWE-269,1,Multiple Critical Sectors,United States,False,False,False,False,False
ICSA-22-053-02,2022-02-22,2022,True,ICSA,GE,GE Proficy CIMPLICITY-Cleartext,High,7.5,1,False,0.00612,CWE-319,1,Multiple Critical Sectors,United States,False,False,False,False,False
ICSA-22-053-03,2022-02-22,2022,True,ICSA,WIN-911,WIN-911 2021,Medium,5.6,2,False,0.00211,CWE-276,1,Multiple Critical Sectors,United States,False,False,False,False,False
ICSA-22-055-01,2022-02-24,2022,True,ICSA,FATEK Automation,FATEK Automation FvDesigner,High,7.8,3,False,0.01952,CWE-121;CWE-125;CWE-787,3,Critical Manufacturing,Taiwan,False,False,False,False,False
ICSA-22-055-02,2022-02-24,2022,True,ICSA,Mitsubishi Electric,Mitsubishi Electric EcoWebServerIII,High,7.5,9,True,0.99019,CWE-79;CWE-400;CWE-915,3,Critical Manufacturing,Japan,False,False,False,False,False
ICSA-22-055-03,2022-02-24,2022,True,ICSA,Schneider Electric,Schneider Electric Easergy P5 and P3 (Update A),High,8.8,4,False,0.02822,CWE-20;CWE-120;CWE-798,3,Commercial Facilities; Energy,France,True,True,False,False,False
ICSA-22-062-01,2022-03-03,2022,True,ICSA,IPCOMM,IPCOMM ipDIO,High,8.8,4,False,0.01042,CWE-79;CWE-94,2,Multiple Critical Sectors,Germany,False,False,False,False,False
ICSA-22-063-01,2022-03-04,2022,True,ICSA,Not Applicable,Trailer Power Line Communications (PLC) J2497,Critical,9.3,2,False,0.01321,CWE-306;CWE-1319,2,Transportation Systems,Not Applicable,False,False,False,False,False
ICSA-22-067-01,2022-03-08,2022,True,ICSA,PTC,PTC Axeda agent and Axeda Desktop Server (Update C),Critical,9.8,7,False,0.04144,CWE-22;CWE-200;CWE-306;CWE-703;CWE-798,5,Multiple Critical Sectors,United States,False,False,False,False,False
ICSA-22-067-02,2022-03-08,2022,True,ICSA,AVEVA,AVEVA System Platform,High,8.1,1,False,0.00172,CWE-316,1,Critical Manufacturing,United States,False,False,False,False,False
ICSA-22-069-01,2022-03-10,2022,True,ICSA,Siemens,Siemens RUGGEDCOM Devices (Update D),Medium,6.7,1,False,0.00378,CWE-326,1,Multiple Critical Sectors,Germany,False,False,False,False,False
ICSA-22-069-02,2022-03-10,2022,True,ICSA,Siemens,Siemens SIMOTICS CONNECT 400,High,8.2,4,False,0.02221,CWE-191;CWE-240;CWE-843;CWE-1284,4,Energy,Germany,True,True,False,False,False
ICSA-22-069-03,2022-03-10,2022,True,ICSA,Siemens,Siemens SINEC NMS,High,7.3,3,False,0.03489,CWE-89;CWE-269;CWE-502,3,Energy,Germany,True,True,False,False,False
ICSA-22-069-04,2022-03-10,2022,True,ICSA,Siemens,Siemens SINEMA Mendix Forgot Password Appstore,Critical,9.1,2,False,0.01488,CWE-284;CWE-307,2,Multiple Critical Sectors,Germany,False,False,False,False,False
ICSA-22-069-05,2022-03-10,2022,True,ICSA,Siemens,Siemens Simcenter STAR-CCM+ Viewer,High,7.8,1,False,0.00814,CWE-119,1,Critical Manufacturing,Germany,False,False,False,False,False
ICSA-22-069-06,2022-03-10,2022,True,ICSA,Siemens,Siemens COMOS,High,7.8,15,False,0.0323,CWE-121;CWE-125;CWE-416;CWE-754;CWE-787;CWE-789;CWE-822;CWE-843,8,Multiple Critical Sectors,Germany,False,False,False,False,False
ICSA-22-069-07,2022-03-10,2022,True,ICSA,Siemens,Siemens Climatix POL909,Medium,6.5,3,False,0.00747,CWE-79;CWE-284,2,Critical Manufacturing,Germany,False,False,False,False,False
ICSA-22-069-08,2022-03-10,2022,True,ICSA,Siemens,Siemens Polarion ALM,Medium,6.5,1,False,0.00761,CWE-79,1,Energy,Germany,True,True,False,False,False
ICSA-22-069-09,2022-03-10,2022,True,ICSA,Siemens,Siemens SINEC INS,Critical,9.8,71,False,0.87816,CWE-1035,1,Energy,Germany,True,True,False,False,True
ICSA-22-069-10,2022-03-10,2022,True,ICSA,Siemens,Siemens Simcenter Femap,High,7.8,2,False,0.01454,CWE-121;CWE-787,2,Critical Manufacturing,Germany,False,False,False,False,False
ICSA-22-069-11,2022-03-10,2022,True,ICSA,Siemens,Siemens SINUMERIK MC,High,7.8,1,False,0.0021,CWE-269,1,Critical Manufacturing,Germany,False,False,False,False,False
ICSA-22-069-12,2022-03-10,2022,True,ICSA,Siemens,Siemens RUGGEDCOM ROS,High,7.5,6,False,0.01021,CWE-1035,1,Critical Manufacturing,Germany,False,False,False,False,False
ICSA-22-069-13,2022-03-10,2022,True,ICSA,Siemens,Siemens Mendix,Medium,5.9,1,False,0.006,CWE-284,1,Multiple Critical Sectors,Germany,False,False,False,False,False
ICSA-22-074-01,2022-03-15,2022,True,ICSA,ABB,ABB OPC Server for AC 800M,High,8.4,1,False,0.00831,CWE-250,1,Multiple Critical Sectors,Switzerland,True,False,True,False,False
ICSA-22-081-01,2022-03-22,2022,True,ICSA,Delta Electronics,Delta Electronics DIAEnergie (Update C),Critical,9.8,26,False,0.19345,CWE-37;CWE-89;CWE-276,3,Critical Manufacturing,Taiwan,False,False,False,False,False
ICSA-22-083-01,2022-03-24,2022,True,ICSA,Yokogawa,Yokogawa CENTUM and Exaopc,High,8.6,10,False,0.01059,CWE-23;CWE-78;CWE-117;CWE-264;CWE-427;CWE-798,6,Critical Manufacturing; Energy; Food and Agriculture,Japan,True,True,True,False,False
ICSA-22-083-02,2022-03-24,2022,True,ICSA,mySCADA Technologies,mySCADA myPRO,High,8.8,1,False,0.01397,CWE-77,1,"Energy, Food and Agriculture, Transportation Systems, Water and Wastewater Systems",Czech Republic,True,True,False,False,False
ICSA-22-088-01,2022-03-29,2022,True,ICSA,Rockwell Automation,Rockwell Automation ISaGRAF Update A,Medium,5.5,1,False,0.02155,CWE-611,1,Multiple Critical Sectors,United States,False,False,False,False,False
ICSA-22-088-02,2022-03-29,2022,True,ICSA,Omron,Omron CX-Position,High,7.8,4,False,0.0212,CWE-119;CWE-121;CWE-416;CWE-787,4,Critical Manufacturing,Japan,False,False,False,False,False
ICSA-22-088-03,2022-03-29,2022,True,ICSA,Hitachi Energy,Hitachi Energy LinkOne WebView,Medium,4.2,4,False,0.00725,CWE-16;CWE-79;CWE-200;CWE-309,4,Multiple Critical Sectors,Switzerland,False,False,False,False,False
ICSA-22-088-04,2022-03-29,2022,True,ICSA,Modbus Tools,Modbus Tools Modbus Slave,Medium,5.5,1,False,0.00964,CWE-121,1,Multiple Critical Sectors,Denmark,False,False,False,False,False
ICSA-22-090-01,2022-03-31,2022,True,ICSA,Schneider Electric,Schneider Electric SCADAPack Workbench,Medium,5.5,1,False,0.00956,CWE-611,1,Multiple Critical Sectors,France,True,False,True,False,False
ICSA-22-090-02,2022-03-31,2022,True,ICSA,Hitachi Energy,Hitachi Energy e-mesh EMS,High,7.5,4,False,0.74352,CWE-119;CWE-400;CWE-416,3,Energy,Switzerland,True,True,False,False,False
ICSA-22-090-03,2022-03-31,2022,True,ICSA,Fuji Electric,Fuji Electric Alpha5,High,7.8,5,False,0.0118,CWE-121;CWE-122;CWE-125;CWE-824,4,Critical Manufacturing,Japan,False,False,False,False,False
ICSA-22-090-04,2022-03-31,2022,True,ICSA,Mitsubishi Electric,Mitsubishi Electric FA Products (Update A),High,7.4,6,False,0.02382,CWE-294;CWE-312;CWE-328;CWE-836,4,Critical Manufacturing,Japan,False,False,False,False,False
ICSA-22-090-05,2022-03-31,2022,True,ICSA,Rockwell Automation,Rockwell Automation Logix Controllers,Critical,10.0,1,False,0.05213,CWE-829,1,Multiple Sectors,United States,True,False,True,False,False
ICSA-22-090-06,2022-03-31,2022,True,ICSA,General Electric Renewable Energy,General Electric Renewable Energy MDS Radios,Critical,10.0,6,True,0.96327,CWE-20;CWE-256;CWE-326;CWE-400;CWE-494;CWE-912,6,Communications; Critical Manufacturing; Energy; Healthcare and Public Health; Transportation Systems; Water and Wastewater Systems,United States,True,True,False,False,False
ICSA-22-090-07,2022-03-31,2022,True,ICSA,Rockwell Automation,Rockwell Automation Studio 5000 Logix Designer,High,7.7,1,False,0.0345,CWE-94,1,Multiple Critical Sectors,United States,True,False,True,False,False
ICSA-22-095-01,2022-04-05,2022,True,ICSA,Rockwell Automation,Rockwell Automation ISaGRAF,High,8.6,1,False,0.11103,CWE-502,1,Multiple Critical Sectors,United States,False,False,False,False,False
ICSA-22-095-02,2022-04-05,2022,True,ICSA,Johnson Controls Inc.,Johnson Controls Metasys,High,8.4,1,False,0.00811,CWE-918,1,Critical Manufacturing,Ireland,False,False,False,False,False
ICSA-22-097-01,2022-04-07,2022,True,ICSA,PEPPERL+FUCHS,Pepperl+Fuchs WirelessHART-Gateway,Critical,9.8,19,True,0.99019,CWE-22;CWE-79;CWE-200;CWE-310;CWE-315;CWE-350;CWE-400;CWE-444;CWE-798;CWE-1004,10,Multiple Critical Sectors,Germany,False,False,False,False,False
ICSA-22-097-02,2022-04-07,2022,True,ICSA,ABB,ABB SPIET800 and PNI800,High,7.5,3,False,0.01059,CWE-241;CWE-372;CWE-400,3,Multiple Critical Sectors,Switzerland,True,False,True,False,False
ICSA-22-102-01,2022-04-12,2022,True,ICSA,Valmet,Valmet DNA,High,8.8,1,False,0.01148,CWE-326,1,Multiple Critical Sectors,Finland,False,False,False,False,False
ICSA-22-102-02,2022-04-12,2022,True,ICSA,Mitsubishi Electric,Mitsubishi Electric MELSEC-Q Series C Controller Module,Critical,9.0,1,False,0.02393,CWE-122,1,Critical Manufacturing,Japan,False,False,False,False,False
ICSA-22-102-03,2022-04-12,2022,True,ICSA,Inductive Automation,Inductive Automation Ignition,Medium,6.8,1,False,0.00895,CWE-22,1,Critical Manufacturing; Energy; Information Technology,United States,True,True,False,False,False
ICSA-22-102-04,2022-04-12,2022,True,ICSA,Mitsubishi Electric,Mitsubishi Electric GT25-WLAN (Update A),Medium,6.5,7,False,0.05765,CWE-20;CWE-74;CWE-212;CWE-306;CWE-326,5,Critical Manufacturing,Japan,False,False,False,False,False
ICSA-22-102-05,2022-04-12,2022,True,ICSA,Aethon (owned by ST Engineering),Aethon TUG Home Base Server,Critical,9.8,5,False,0.00673,CWE-79;CWE-300;CWE-862,3,Healthcare and Public Health,Singapore,False,False,False,False,False
ICSA-22-104-01,2022-04-14,2022,True,ICSA,Delta Electronics,Delta Electronics DMARS,Medium,5.5,1,False,0.00795,CWE-611,1,Critical Manufacturing,Taiwan,False,False,False,False,False
ICSA-22-104-02,2022-04-14,2022,True,ICSA,Johnson Controls Inc.,Johnson Controls Metasys,High,8.1,1,False,0.01037,CWE-459,1,Critical Manufacturing,Ireland,False,False,False,False,False
ICSA-22-104-03,2022-04-14,2022,True,ICSA,Red Lion Controls,Red Lion DA50N,Critical,9.6,3,False,0.0122,CWE-345;CWE-521;CWE-522;CWE-1104,4,Multiple Critical Sectors,United States,False,False,False,False,False
ICSA-22-104-04,2022-04-14,2022,True,ICSA,Siemens,Siemens SCALANCE FragAttacks,Medium,6.5,9,False,0.07604,CWE-20;CWE-74;CWE-287;CWE-306;CWE-354,5,Multiple Critical Sectors,Germany,False,False,False,False,False
ICSA-22-104-05,2022-04-14,2022,True,ICSA,Siemens,Siemens OpenSSL Vulnerabilities in Industrial Products (Update B),Medium,5.9,1,False,0.62906,CWE-476,1,Critical Manufacturing,Germany,True,False,True,False,False
ICSA-22-104-06,2022-04-14,2022,True,ICSA,Siemens,Siemens PROFINET Stack Integrated on Interniche Stack (Update E),Medium,5.3,1,False,0.00884,CWE-400,1,Multiple Critical Sectors,Germany,True,False,True,False,False
ICSA-22-104-07,2022-04-14,2022,True,ICSA,Siemens,Siemens Mendix (Update B),Medium,5.3,1,False,0.01384,CWE-200,1,Multiple Critical Sectors,Germany,False,False,False,False,False
ICSA-22-104-08,2022-04-14,2022,True,ICSA,Siemens,Siemens SCALANCE W1700,High,7.4,3,False,0.00947,CWE-20;CWE-362,2,Multiple Critical Sectors,Germany,False,False,False,False,False
ICSA-22-104-09,2022-04-14,2022,True,ICSA,Siemens,Siemens SCALANCE X-300 Switches,Critical,9.6,9,False,0.01701,CWE-20;CWE-80;CWE-120;CWE-121;CWE-125;CWE-284;CWE-330;CWE-352,8,Multiple Critical Sectors,Germany,False,False,False,False,False
ICSA-22-104-10,2022-04-14,2022,True,ICSA,Siemens,Siemens SICAM A8000,Medium,5.3,1,False,0.02484,CWE-306,1,Multiple Critical Sectors,Germany,False,False,False,False,False
ICSA-22-104-11,2022-04-14,2022,True,ICSA,Siemens,Siemens SIMATIC Energy Manager,Critical,10.0,3,False,0.35749,CWE-427;CWE-502;CWE-732,3,Multiple Critical Sectors,Germany,True,False,True,False,False
ICSA-22-104-12,2022-04-14,2022,True,ICSA,Siemens,Siemens SIMATIC S7-400 (Update A),High,7.5,1,False,0.01004,CWE-119,1,Multiple Critical Sectors,Germany,True,False,True,False,False
ICSA-22-104-13,2022-04-14,2022,True,ICSA,Siemens,Siemens SIMATIC S7-1500 CPU GNU/Linux subsystem (Update A),Critical,9.8,0,False,,CWE-1104,1,Chemical; Critical Manufacturing; Energy; Food and Agriculture; Water and Wastewater Systems,Germany,True,True,True,False,False
ICSA-22-104-14,2022-04-14,2022,True,ICSA,Siemens,Siemens SIMATIC STEP 7 (TIA Portal),Medium,6.4,1,False,0.0024,CWE-284,1,Multiple Critical Sectors,Germany,True,False,True,False,False
ICSA-22-104-15,2022-04-14,2022,True,ICSA,Siemens,Siemens Simcenter Femap,High,7.8,3,False,0.01201,CWE-125;CWE-787,2,Multiple Critical Sectors,Germany,False,False,False,False,False
ICSA-22-104-16,2022-04-14,2022,True,ICSA,Siemens,Siemens TIA Administrator (Update A),High,7.5,1,False,0.01432,CWE-400,1,Multiple Critical Sectors,Germany,True,False,True,False,False
ICSA-22-104-17,2022-04-14,2022,True,ICSA,Siemens,Siemens Mendix,Low,3.1,1,False,0.00675,CWE-284,1,Multiple Critical Sectors,Germany,False,False,False,False,False
ICSA-22-109-01,2022-04-19,2022,True,ICSA,Interlogix (Carrier Global Corporation),Interlogix Hills ComNav,Medium,6.2,2,False,0.00198,CWE-307;CWE-326,2,Commercial Facilities,United States,False,False,False,False,False
ICSA-22-109-02,2022-04-19,2022,True,ICSA,Automated Logic,Automated Logic WebCTRL,Medium,5.2,1,False,0.00681,CWE-601,1,Commercial Facilities,United States,False,False,False,False,False
ICSA-22-109-03,2022-04-19,2022,True,ICSA,FANUC Corporation / FANUC America Corporation,FANUC ROBOGUIDE Simulation Platform,Medium,6.1,5,False,0.00874,CWE-284;CWE-400;CWE-611;CWE-732,4,Critical Manufacturing,United States,False,False,False,False,False
ICSA-22-109-04,2022-04-19,2022,True,ICSA,Elcomplus,Elcomplus SmartPPT SCADA,Critical,9.8,4,False,0.01156,CWE-22;CWE-79;CWE-285;CWE-434,4,Communications,Russia,False,False,False,False,False
ICSA-22-109-05,2022-04-19,2022,True,ICSA,Elcomplus,Elcomplus SmartPPT SCADA Server,Critical,9.8,5,False,0.01156,CWE-35;CWE-79;CWE-200;CWE-352;CWE-434,5,Communications,Russia,False,False,False,False,False
ICSA-22-111-01,2022-04-21,2022,True,ICSA,Delta Electronics,Delta Electronics ASDA-Soft,High,7.8,2,False,0.00824,CWE-125;CWE-787,2,Critical Manufacturing,Taiwan,False,False,False,False,False
ICSA-22-111-02,2022-04-21,2022,True,ICSA,Johnson Controls Inc.,Johnson Controls Metasys SCT Pro,Medium,5.3,1,False,0.00868,CWE-918,1,Critical Manufacturing,Ireland,False,False,False,False,False
ICSA-22-111-03,2022-04-21,2022,True,ICSA,Hitachi Energy,Hitachi Energy MicroSCADA Pro/X SYS600,High,8.8,9,False,0.16296,CWE-119;CWE-120;CWE-200;CWE-203;CWE-295;CWE-444,6,Energy,Switzerland,True,True,False,False,False
ICSA-22-116-01,2022-04-26,2022,True,ICSA,Hitachi Energy,Hitachi Energy System Data Manager,High,7.5,7,False,0.50732,CWE-190;CWE-203;CWE-617;CWE-674;CWE-843,5,Energy,Switzerland,True,True,False,False,False
ICSA-22-118-01,2022-04-28,2022,True,ICSA,Johnson Controls Inc.,Johnson Controls Metasys,Critical,9.8,1,False,0.00952,CWE-269,1,Critical Manufacturing,Ireland,False,False,False,False,False
ICSA-22-123-01,2022-05-03,2022,True,ICSA,Yokogawa,Yokogawa CENTUM and ProSafe-RS,High,7.5,5,False,0.1208,CWE-20;CWE-78;CWE-287;CWE-399;CWE-476,5,Critical Manufacturing; Energy; Food and Agriculture,Japan,True,True,True,False,False
ICSA-22-125-01,2022-05-05,2022,True,ICSA,Johnson Controls Inc.,Johnson Controls Metasys,High,8.0,1,False,0.00945,CWE-620,1,Critical Manufacturing,Ireland,False,False,False,False,False
ICSA-22-130-01,2022-05-10,2022,True,ICSA,Adminer,Adminer in Industrial Products,High,7.5,1,False,0.13641,CWE-552,1,Multiple Critical Sectors,Czech Republic,False,False,False,False,False
ICSA-22-130-02,2022-05-10,2022,True,ICSA,Eaton,Eaton Intelligent Power Protector,Medium,5.2,1,False,0.00531,CWE-79,1,Multiple Critical Sectors,Ireland,False,False,False,False,False
ICSA-22-130-03,2022-05-10,2022,True,ICSA,Eaton,Eaton Intelligent Power Manager Infrastructure,Medium,5.7,3,False,0.00503,CWE-79;CWE-1236,2,Multiple Critical Sectors,Ireland,False,False,False,False,False
ICSA-22-130-04,2022-05-10,2022,True,ICSA,Eaton,Eaton Intelligent Power Manager,Medium,5.2,1,False,0.08787,CWE-79,1,Multiple Critical Sectors,Ireland,False,False,False,False,False
ICSA-22-130-05,2022-05-10,2022,True,ICSA,AVEVA,AVEVA InTouch Access Anywhere and Plant SCADA Access Anywhere,High,7.4,1,False,0.00945,CWE-668,1,"Chemical, Critical Manufacturing; Energy; Food and Agriculture; Water and Wastewater Systems",United Kingdom,True,True,False,False,False
ICSA-22-130-06,2022-05-10,2022,True,ICSA,Mitsubishi Electric,Mitsubishi Electric MELSOFT GT OPC UA,High,7.5,2,False,0.50732,CWE-125;CWE-190,2,Critical Manufacturing,Japan,False,False,False,False,False
ICSA-22-132-01,2022-05-12,2022,True,ICSA,Delta Electronics,Delta Electronics CNCSoft,High,7.8,2,False,0.0217,CWE-121;CWE-125,2,Critical Manufacturing,Taiwan,False,False,False,False,False
ICSA-22-132-02,2022-05-12,2022,True,ICSA,Mitsubishi Electric,Mitsubishi Electric MELSOFT iQ AppPortal,Critical,9.8,8,False,0.9684,CWE-120;CWE-444;CWE-476;CWE-787;CWE-835;CWE-862,6,Critical Manufacturing,Japan,False,False,False,False,False
ICSA-22-132-03,2022-05-12,2022,True,ICSA,Inkscape,Inkscape in Industrial Products,High,7.8,3,False,0.01457,CWE-125;CWE-787;CWE-824,3,Multiple Critical Sectors,Open-source,False,False,False,False,False
ICSA-22-132-04,2022-05-12,2022,True,ICSA,Cambium Networks,Cambium Networks cnMaestro,Critical,9.8,7,False,0.01808,CWE-22;CWE-78;CWE-89;CWE-676,4,Information Technology,United States,False,False,False,False,False
ICSA-22-132-05,2022-05-12,2022,True,ICSA,Siemens,Siemens Industrial PCs and CNC devices (Update A),High,7.8,4,False,0.00516,CWE-20;CWE-269;CWE-287;CWE-1189,4,Multiple Critical Sectors,Germany,True,False,True,False,False
ICSA-22-132-06,2022-05-12,2022,True,ICSA,Siemens,Siemens SIMATIC WinCC (Update A),High,7.8,1,False,0.00234,CWE-1188,1,Multiple Critical Sectors,Germany,True,False,True,False,False
ICSA-22-132-07,2022-05-12,2022,True,ICSA,Siemens,Siemens SICAM P850 and SICAM P855,Critical,9.8,11,False,0.01915,CWE-79;CWE-141;CWE-287;CWE-294;CWE-306;CWE-319,6,Multiple Critical Sectors,Germany,False,False,False,False,False
ICSA-22-132-08,2022-05-12,2022,True,ICSA,Siemens,Siemens Industrial Products with OPC UA (Update C),Medium,6.5,1,False,0.01417,CWE-476,1,Multiple Critical Sectors,Germany,True,False,True,False,False
ICSA-22-132-09,2022-05-12,2022,True,ICSA,Siemens,Siemens JT2GO and Teamcenter Visualization,High,7.8,6,False,0.00783,CWE-415;CWE-476;CWE-680;CWE-824;CWE-835,5,Multiple Critical Sectors,Germany,False,False,False,False,False
ICSA-22-132-10,2022-05-12,2022,True,ICSA,Siemens,Siemens Desigo PXC and DXR Devices (Update A),Critical,9.0,8,False,0.01957,CWE-75;CWE-203;CWE-248;CWE-307;CWE-400;CWE-613;CWE-614;CWE-916,8,Multiple Critical Sectors,Germany,False,False,False,False,False
ICSA-22-132-11,2022-05-12,2022,True,ICSA,Siemens,Siemens SIMATIC CP 44x-1 RNA,High,7.4,1,False,0.00363,CWE-400,1,Multiple Critical Sectors,Germany,True,False,True,False,False
ICSA-22-132-12,2022-05-12,2022,True,ICSA,Siemens,Siemens Industrial Products (Update C),High,7.5,1,False,0.02563,CWE-119,1,Multiple Critical Sectors,Germany,True,False,True,False,False
ICSA-22-132-13,2022-05-12,2022,True,ICSA,Siemens,Siemens Industrial Devices using libcurl (Update B),High,8.1,2,False,0.60122,CWE-416,1,Critical Manufacturing,Germany,True,False,True,False,False
ICSA-22-132-14,2022-05-12,2022,True,ICSA,Siemens,Siemens Simcenter Femap,High,7.8,1,False,0.0082,CWE-787,1,Critical Manufacturing,Germany,False,False,False,False,False
ICSA-22-132-15,2022-05-12,2022,True,ICSA,Siemens,Siemens OpenV2G,Medium,6.2,1,False,0.00212,CWE-120,1,Transportation Systems,Germany,False,False,False,False,False
ICSA-22-132-16,2022-05-12,2022,True,ICSA,Siemens,Siemens Teamcenter (Update B),High,7.8,2,False,0.01249,CWE-121;CWE-611,2,Multiple Critical Sectors,Germany,False,False,False,False,False
ICSA-22-137-01,2022-05-17,2022,True,ICSA,Circutor,Circutor COMPACT DC-S BASIC,Medium,6.8,1,False,0.00777,CWE-121,1,Critical Manufacturing,Spain,False,False,False,False,False
ICSA-22-139-01,2022-05-19,2022,True,ICSA,Mitsubishi Electric,Mitsubishi Electric MELSEC iQ-F Series (Update B),High,8.6,2,False,0.04039,CWE-20,1,Critical Manufacturing,Japan,False,False,False,False,False
ICSA-22-144-01,2022-05-24,2022,True,ICSA,Rockwell Automation,Rockwell Automation Logix Controllers,Medium,6.8,1,False,0.02076,CWE-400,1,Multiple Critical Sectors,United States,True,False,True,False,False
ICSA-22-144-02,2022-05-24,2022,True,ICSA,Matrikon (Subsidiary of Honeywell),Matrikon OPC Server,Medium,5.8,1,False,0.0067,CWE-284,1,Multiple Critical Sectors,Canada,False,False,False,False,False
ICSA-22-146-01,2022-05-26,2022,True,ICSA,Keysight Technologies Inc.,Keysight N6854A Geolocation server and N6841A RF Sensor software,Critical,9.8,2,False,0.16818,CWE-23;CWE-502,2,Critical Manufacturing; Transportation Systems,United States,False,False,False,False,False
ICSA-22-146-02,2022-05-26,2022,True,ICSA,Horner Automation,Horner Automation Cscape Csfont,High,7.8,4,False,0.00982,CWE-122;CWE-125;CWE-787,3,Critical Manufacturing,United States,False,False,False,False,False
ICSA-22-151-01,2022-05-31,2022,True,ICSA,Fuji Electric,Fuji Electric Alpha7 PC Loader,High,7.8,1,False,0.0027,CWE-121,1,Critical Manufacturing,Japan,False,False,False,False,False
ICSA-22-153-01,2022-06-02,2022,True,ICSA,Carrier LenelS2,Carrier LenelS2 HID Mercury access panels,Critical,10.0,8,False,0.02406,CWE-22;CWE-78;CWE-120;CWE-425;CWE-693,5,Commercial Facilities,United States,False,False,False,False,False
ICSA-22-153-02,2022-06-02,2022,True,ICSA,Illumina,Illumina Local Run Manager (Update A),Critical,10.0,5,False,0.01779,CWE-22;CWE-250;CWE-284;CWE-319;CWE-434,5,Healthcare and Public Health,United States,False,False,False,False,False
ICSA-22-154-01,2022-06-03,2022,True,ICSA,Dominion Voting Systems,Vulnerabilities Affecting Dominion Voting Systems ImageCast X,Not Assigned,Not Assigned,9,False,0.00381,CWE-24;CWE-250;CWE-266;CWE-290;CWE-346;CWE-347;CWE-424;CWE-912;CWE-1283,9,Government Facilities/Election Infrastructure,United States,False,False,False,False,False
ICSA-22-160-01,2022-06-09,2022,True,ICSA,Mitsubishi Electric,Mitsubishi Electric Air Conditioning Systems,High,7.5,5,False,0.95707,CWE-200;CWE-300;CWE-327,3,Commercial Facilities,Japan,False,False,False,False,False
ICSA-22-165-01,2022-06-14,2022,True,ICSA,Johnson Controls Inc.,Johnson Controls Metasys ADS ADX OAS Servers,High,8.7,3,False,0.00955,CWE-79;CWE-620,2,Critical Manufacturing,Ireland,False,False,False,False,False
ICSA-22-165-02,2022-06-14,2022,True,ICSA,Meridian Cooperative,Meridian Cooperative Meridian,High,7.5,1,False,0.01104,CWE-284,1,Energy,United States,True,True,False,False,False
ICSA-22-165-03,2022-06-14,2022,True,ICSA,Mitsubishi Electric,Mitsubishi Electric MELSEC-Q/L and MELSEC iQ-R,High,8.1,1,False,0.02223,CWE-20,1,Critical Manufacturing,Japan,False,False,False,False,False
ICSA-22-167-01,2022-06-16,2022,True,ICSA,AutomationDirect,AutomationDirect C-More EA9 HMI,High,7.8,2,False,0.00521,CWE-319;CWE-427,2,Multiple Critical Sectors,United States,False,False,False,False,False
ICSA-22-167-02,2022-06-16,2022,True,ICSA,AutomationDirect,AutomationDirect DirectLOGIC with Serial Communication (Update A),High,7.7,1,False,0.00727,CWE-319,1,Multiple Critical Sectors,United States,False,False,False,False,False
ICSA-22-167-03,2022-06-16,2022,True,ICSA,AutomationDirect,AutomationDirect DirectLOGIC with Ethernet (Update A),High,7.5,2,False,0.00977,CWE-319;CWE-400,2,Multiple Critical Sectors,United States,False,False,False,False,False
ICSA-22-167-04,2022-06-16,2022,True,ICSA,Siemens,Siemens Mendix SAML Module,High,8.3,2,False,0.01002,CWE-79;CWE-611,2,Multiple Critical Sectors,Germany,False,False,False,False,False
ICSA-22-167-05,2022-06-16,2022,True,ICSA,Siemens,Siemens EN100 Ethernet Module,High,8.6,1,False,0.01244,CWE-119,1,Energy,Germany,True,True,False,False,False
ICSA-22-167-06,2022-06-16,2022,True,ICSA,Siemens,Siemens Apache HTTP Server (Update A),Critical,9.8,3,True,0.99999,CWE-476;CWE-787;CWE-918,3,Multiple Critical Sectors,Germany,False,False,False,False,False
ICSA-22-167-07,2022-06-16,2022,True,ICSA,Siemens,Siemens SINEMA Remote Connect Server,Medium,4.2,2,False,0.00664,CWE-358,1,Multiple Critical Sectors,Germany,False,False,False,False,False
ICSA-22-167-08,2022-06-16,2022,True,ICSA,Siemens,Siemens SICAM GridEdge,Critical,10.0,3,False,0.01081,CWE-306;CWE-402,2,Multiple Critical Sectors,Germany,False,False,False,False,False
ICSA-22-167-09,2022-06-16,2022,True,ICSA,Siemens,Siemens SCALANCE LPE9403 Third-Party Vulnerabilities,Critical,9.8,10,True,0.89721,CWE-22;CWE-200;CWE-281;CWE-362;CWE-665;CWE-732;CWE-770,7,Multiple Critical Sectors,Germany,False,False,False,False,False
ICSA-22-167-10,2022-06-16,2022,True,ICSA,Siemens,Siemens SCALANCE XM-400 and XR-500,Medium,5.9,1,False,0.00619,CWE-354,1,Multiple Critical Sectors,Germany,False,False,False,False,False
ICSA-22-167-11,2022-06-16,2022,True,ICSA,Siemens,Siemens Xpedition Designer,High,7.8,1,False,0.00201,CWE-732,1,Critical Manufacturing,Germany,False,False,False,False,False
ICSA-22-167-12,2022-06-16,2022,True,ICSA,Siemens,Siemens Spectrum Power Systems,High,8.8,1,False,0.00396,CWE-798,1,Energy,Germany,True,True,False,False,False
ICSA-22-167-13,2022-06-16,2022,True,ICSA,Siemens,Siemens Teamcenter (Update A),Critical,9.9,1,False,0.01321,CWE-798,1,Multiple Critical Sectors,Germany,False,False,False,False,False
ICSA-22-167-14,2022-06-16,2022,True,ICSA,Siemens,Siemens OpenSSL Affected Industrial Products (Update E),High,7.5,1,False,0.73188,CWE-835,1,Multiple Critical Sectors,Germany,True,False,True,False,False
ICSA-22-167-15,2022-06-16,2022,True,ICSA,Siemens,Siemens Teamcenter Active Workspace,Medium,6.1,1,False,0.00573,CWE-798,1,Multiple Critical Sectors,Germany,False,False,False,False,False
ICSA-22-167-16,2022-06-16,2022,True,ICSA,Siemens,Siemens SCALANCE LPE 4903 and SINUMERIK Edge,High,7.8,1,True,0.94921,CWE-787,1,Multiple Critical Sectors,Germany,False,False,False,False,False
ICSA-22-167-17,2022-06-16,2022,True,ICSA,Siemens,Siemens SINEMA Remote Connect Server,Critical,9.8,30,False,0.35867,CWE-20;CWE-77;CWE-79;CWE-116;CWE-190;CWE-223;CWE-284;CWE-286;CWE-306;CWE-310;CWE-345;CWE-400;CWE-448;CWE-532;CWE-668;CWE-706;CWE-908;CWE-1244,18,Multiple Critical Sectors,Germany,False,False,False,False,False
ICSA-22-172-01,2022-06-14,2022,True,ICSA,Mitsubishi Electric,"Mitsubishi Electric MELSEC iQ-R, Q, L Series and MELIPC Series (Update C)",High,7.5,1,False,0.0165,CWE-413,1,Critical Manufacturing,Japan,False,False,False,False,False
ICSA-22-172-02,2022-06-21,2022,True,ICSA,JTEKT ELECTRONICS CORPORATION,JTEKT TOYOPUC,High,7.7,2,False,0.01205,CWE-306;CWE-345,2,Critical Manufacturing,Japan,False,False,False,False,False
ICSA-22-172-03,2022-06-21,2022,True,ICSA,PHOENIX CONTACT,Phoenix Contact Classic Line Controllers,Critical,9.8,1,False,0.01571,CWE-345,1,Multiple Critical Sectors,Germany,False,False,False,False,False
ICSA-22-172-04,2022-06-21,2022,True,ICSA,PHOENIX CONTACT,Phoenix Contact ProConOS and MULTIPROG,Critical,9.8,1,False,0.01113,CWE-345,1,Multiple Critical Sectors,Germany,False,False,False,False,False
ICSA-22-172-05,2022-06-21,2022,True,ICSA,PHOENIX CONTACT,Phoenix Contact Classic Line Industrial Controllers,Critical,9.8,1,False,0.03104,CWE-306,1,Multiple Critical Sectors,Germany,False,False,False,False,False
ICSA-22-172-06,2022-06-21,2022,True,ICSA,Siemens,Siemens WinCC OA,Critical,9.8,1,False,0.01235,CWE-603,1,Multiple Critical Sectors,Germany,True,False,True,False,False
ICSA-22-174-01,2022-06-23,2022,True,ICSA,Yokogawa,Yokogawa STARDOM,Medium,6.3,2,False,0.01511,CWE-319;CWE-798,2,Multiple Critical Sectors,Japan,False,False,False,False,False
ICSA-22-174-02,2022-06-23,2022,True,ICSA,Yokogawa,Yokogawa CAMS for HIS,Medium,6.4,1,False,0.0058,CWE-657,1,Critical Manufacturing; Energy; Food and Agriculture,Japan,True,True,True,False,False
ICSA-22-174-03,2022-06-23,2022,True,ICSA,Secheron,Secheron SEPCOS Control and Protection Relay,Critical,9.9,7,False,0.02205,CWE-269;CWE-284;CWE-521;CWE-522;CWE-841,5,Multiple Critical Sectors,Switzerland,False,False,False,False,False
ICSA-22-174-04,2022-06-23,2022,True,ICSA,"Pyramid Solutions, Inc.",Pyramid Solutions EtherNet/IP Adapter Development Kit,Critical,9.8,1,False,0.0122,CWE-787,1,Critical Manufacturing; Financial Services,United States,False,False,False,False,False
ICSA-22-174-05,2022-06-23,2022,True,ICSA,Elcomplus,Elcomplus SmartICS,High,8.8,3,False,0.0081,CWE-23;CWE-79;CWE-284,3,Communications; Commercial Facilities; Energy; Water and Wastewater Systems,Russia,True,True,False,False,False
ICSA-22-179-01,2022-06-28,2022,True,ICSA,ABB,ABB e-Design,High,7.8,2,False,0.00322,CWE-276,1,Energy,Switzerland,True,True,False,False,False
ICSA-22-179-02,2022-06-28,2022,True,ICSA,Omron,Omron SYSMAC CS-CJ-CP Series and NJ-NX Series (Update A),Medium,6.5,4,False,0.01033,CWE-256;CWE-319;CWE-345;CWE-347,4,Critical Manufacturing,Japan,False,False,False,False,False
ICSA-22-179-03,2022-06-28,2022,True,ICSA,Advantech,Advantech iView,Critical,9.8,7,False,0.59406,CWE-23;CWE-77;CWE-89;CWE-306,4,Multiple Critical Sectors,Taiwan,False,False,False,False,False
ICSA-22-179-04,2022-06-28,2022,True,ICSA,Motorola Solutions,Motorola Solutions MOSCAD IP and ACE IP Gateways,High,7.5,1,False,0.00777,CWE-306,1,Multiple Critical Sectors,United States,False,False,False,False,False
ICSA-22-179-05,2022-06-28,2022,True,ICSA,Motorola Solutions,Motorola Solutions MDLC,High,7.5,2,False,0.00558,CWE-256;CWE-327,2,Multiple Critical Sectors,United States,False,False,False,False,False
ICSA-22-179-06,2022-06-28,2022,True,ICSA,Motorola Solutions,Motorola Solutions ACE1000,Critical,9.8,5,False,0.00977,CWE-321;CWE-345;CWE-798,3,Multiple Critical Sectors,United States,False,False,False,False,False
ICSA-22-181-01,2022-06-30,2022,True,ICSA,Exemys,Exemys RME1,Critical,9.8,1,False,0.01501,CWE-287,1,Multiple Critical Sectors,Argentina,False,False,False,False,False
ICSA-22-181-02,2022-06-30,2022,True,ICSA,Yokogawa,Yokogawa Wide Area Communication Router,Medium,5.9,1,False,0.03301,CWE-330,1,Critical Manufacturing; Energy; Food and Agriculture,Japan,True,True,False,False,False
ICSA-22-181-03,2022-06-30,2022,True,ICSA,Emerson,Emerson DeltaV Distributed Control System,High,8.8,6,False,0.00235,CWE-306;CWE-327;CWE-345;CWE-798,4,Multiple Critical Sectors,United States,True,False,True,False,False
ICSA-22-181-04,2022-06-30,2022,True,ICSA,Distributed Data Systems,Distributed Data Systems WebHMI,Critical,9.1,2,False,0.01188,CWE-78;CWE-79,2,Commercial Facilities; Critical Manufacturing; Food and Agriculture; Water and Wastewater Systems,Ukraine,False,False,False,False,False
ICSA-22-188-01,2022-07-07,2022,True,ICSA,Rockwell Automation,Rockwell Automation MicroLogix,Medium,6.5,1,False,0.00612,CWE-1021,1,Critical Manufacturing,United States,False,False,False,False,False
ICSA-22-188-02,2022-07-07,2022,True,ICSA,Bently Nevada (Subsidiary of Baker Hughes),Bently Nevada ADAPT 3701/4X Series and 60M100,Critical,9.1,2,False,0.01018,CWE-306;CWE-798,2,Multiple Critical Sectors,United States,False,False,False,False,False
ICSA-22-193-01,2022-07-12,2022,True,ICSA,"Dahua Technology Co., Ltd",Dahua ASI7213X-T1 (Update A),High,8.1,4,False,0.00943,CWE-209;CWE-294;CWE-434,3,Multiple Critical Sectors,China,False,False,False,False,False
ICSA-22-195-01,2022-07-14,2022,True,ICSA,Siemens,Siemens SCALANCE X Switch Devices,Critical,9.6,3,False,0.01325,CWE-120;CWE-330,2,Multiple Critical Sectors,Germany,False,False,False,False,False
ICSA-22-195-02,2022-07-14,2022,True,ICSA,Siemens,Siemens SICAM GridEdge,Medium,6.3,1,False,0.00416,CWE-668,1,Energy,Germany,True,True,False,False,False
ICSA-22-195-03,2022-07-14,2022,True,ICSA,Siemens,Siemens SIMATIC MV500 Devices,High,8.0,2,False,0.01308,CWE-306;CWE-613,2,Critical Manufacturing,Germany,True,False,True,False,False
ICSA-22-195-04,2022-07-14,2022,True,ICSA,Siemens,Siemens Simcenter Femap,High,7.8,1,False,0.00997,CWE-787,1,Critical Manufacturing,Germany,False,False,False,False,False
ICSA-22-195-05,2022-07-14,2022,True,ICSA,Siemens,Siemens RUGGEDCOM ROX,High,7.2,1,False,0.01625,CWE-77,1,Multiple Critical Sectors,Germany,False,False,False,False,False
ICSA-22-195-06,2022-07-14,2022,True,ICSA,Siemens,Siemens Mendix Excel Importer,Medium,6.5,1,False,0.00752,CWE-776,1,Multiple Critical Sectors,Germany,False,False,False,False,False
ICSA-22-195-07,2022-07-14,2022,True,ICSA,Siemens,Siemens Datalogics File Parsing Vulnerability (Update A),High,7.8,1,False,0.00443,CWE-122,1,Multiple Critical Sectors,Germany,False,False,False,False,False
ICSA-22-195-08,2022-07-14,2022,True,ICSA,Siemens,Siemens PADS Standard/Plus Viewer,High,7.8,20,False,0.01382,CWE-119;CWE-125;CWE-787,3,Critical Manufacturing,Germany,False,False,False,False,False
ICSA-22-195-09,2022-07-14,2022,True,ICSA,Siemens,Simcenter Femap and Parasolid (Update B),High,7.8,1,False,0.00972,CWE-125,1,Critical Manufacturing,Germany,False,False,False,False,False
ICSA-22-195-10,2022-07-14,2022,True,ICSA,Siemens,Siemens Mendix Applications,Medium,6.5,1,False,0.00699,CWE-74,1,Multiple Critical Sectors,Germany,False,False,False,False,False
ICSA-22-195-11,2022-07-14,2022,True,ICSA,Open Design Alliance,Open Design Alliance Drawings SDK,High,7.8,3,False,0.00419,CWE-125,1,Multiple Critical Sectors,United States,False,False,False,False,False
ICSA-22-195-12,2022-07-14,2022,True,ICSA,Siemens,Siemens SRCS VPN Feature in SIMATIC CP Devices (Update A),Critical,10.0,3,False,0.02358,CWE-77;CWE-94;CWE-122,3,Multiple Critical Sectors,Germany,True,False,True,False,False
ICSA-22-195-13,2022-07-14,2022,True,ICSA,Siemens,Siemens Mendix,Medium,4.9,1,False,0.00754,CWE-284,1,Multiple Critical Sectors,Germany,False,False,False,False,False
ICSA-22-195-14,2022-07-14,2022,True,ICSA,Siemens,Siemens CPC80 Firmware of SICAM A8000,High,7.5,1,False,0.01257,CWE-772,1,Multiple Critical Sectors,Germany,False,False,False,False,False
ICSA-22-195-15,2022-07-14,2022,True,ICSA,Siemens,Siemens SIMATIC eaSie Core Package,Critical,10.0,2,False,0.01384,CWE-20;CWE-306,2,Critical Manufacturing,Germany,True,False,True,False,False
ICSA-22-195-16,2022-07-14,2022,True,ICSA,Siemens,Siemens EN100 Ethernet Module,High,8.6,1,False,0.01298,CWE-119,1,Energy,Germany,True,True,False,False,False
ICSA-22-195-17,2022-07-14,2022,True,ICSA,Siemens,Siemens Opcenter Quality,Critical,9.6,1,False,0.01285,CWE-303,1,Critical Manufacturing,Germany,False,False,False,False,False
ICSA-22-195-18,2022-07-14,2022,True,ICSA,Siemens,Siemens RUGGEDCOM ROS (Update A),High,8.0,1,False,0.00907,CWE-94,1,Critical Manufacturing,Germany,False,False,False,False,False
ICSA-22-200-01,2022-07-19,2022,True,ICSA,MiCODUS,MiCODUS MV720 GPS tracker (Update A),Critical,9.8,5,False,0.01243,CWE-79;CWE-287;CWE-639;CWE-798,4,Transportation Systems; Government Facilities; Financial Services; Critical Manufacturing,China,False,False,False,False,False
ICSA-22-202-01,2022-07-21,2022,True,ICSA,ABB,"ABB Drive Composer, Automation Builder, Mint Workbench",High,7.8,5,False,0.00315,CWE-269,1,Multiple Critical Sectors,Switzerland,False,False,False,False,False
ICSA-22-202-02,2022-07-21,2022,True,ICSA,Johnson Controls Inc.,"Johnson Controls Metasys ADS, ADX, OAS",Medium,5.3,1,False,0.0065,CWE-306,1,Critical Manufacturing,Ireland,False,False,False,False,False
ICSA-22-202-03,2022-07-21,2022,True,ICSA,Rockwell Automation,Rockwell Automation ISaGRAF Workbench,High,8.6,3,False,0.02625,CWE-22;CWE-502,2,Critical Manufacturing,United States,False,False,False,False,False
ICSA-22-202-04,2022-07-26,2022,True,ICSA,Mitsubishi Electric,ICONICS Suite and Mitsubishi Electric MC Works64 Products (Update C),Critical,9.8,7,False,0.48137,CWE-22;CWE-125;CWE-502;CWE-829,4,Critical Manufacturing,"United States, Japan",False,False,False,False,False
ICSA-22-202-05,2022-07-21,2022,True,ICSA,AutomationDirect,AutomationDirect Stride Field I/O,Critical,9.6,1,False,0.00519,CWE-319,1,Commercial Facilities; Critical Manufacturing; Information Technology,United States,False,False,False,False,False
ICSA-22-207-01,2022-07-26,2022,True,ICSA,Inductive Automation,Inductive Automation Ignition (Update A),High,8.5,1,False,0.00956,CWE-611,1,Critical Manufacturing; Energy; Information Technology,United States,True,True,False,False,False
ICSA-22-207-02,2022-07-26,2022,True,ICSA,Honeywell,Honeywell Safety Manager,High,7.7,4,False,0.00913,CWE-306;CWE-345;CWE-798,3,Multiple Critical Sectors,United States,True,False,True,False,False
ICSA-22-207-03,2022-07-26,2022,True,ICSA,Honeywell,Honeywell Saia Burgess PG5 PCD,High,7.6,2,False,0.00704,CWE-288;CWE-327,2,Multiple Critical Sectors,United States,False,False,False,False,False
ICSA-22-207-04,2022-07-26,2022,True,ICSA,Moxa,MOXA NPort 5110,High,8.2,2,False,0.00791,CWE-787,1,Critical Manufacturing; Energy; Transportation Systems,Taiwan,True,True,False,False,False
ICSA-22-209-01,2022-07-28,2022,True,ICSA,Rockwell Automation,Rockwell Products Impacted by Chromium Type Confusion,Medium,4.0,1,True,0.24389,CWE-843,1,Multiple Critical Sectors,United States,False,False,False,False,False
ICSA-22-216-01,2022-08-04,2022,True,ICSA,"Digi International, Inc.",Digi ConnectPort X2D,Critical,10.0,1,False,0.00956,CWE-250,1,Multiple Critical Sectors,United States,False,False,False,False,False
ICSA-22-221-01,2022-08-09,2022,True,ICSA,Mitsubishi Electric,Mitsubishi Electric Multiple Factory Automation Products (Update D),Critical,9.8,2,False,0.82612,CWE-78;CWE-835,2,Critical Manufacturing,Japan,False,False,False,False,False
ICSA-22-221-02,2022-08-09,2022,True,ICSA,Emerson,Emerson ControlWave,Critical,9.1,1,False,0.00179,CWE-345,1,Oil and Gas; Petrochemical; Chemical; Life Sciences; Water and Wastewater Systems,United States,True,True,True,False,False
ICSA-22-221-03,2022-08-09,2022,True,ICSA,Emerson,Emerson OpenBSI,Critical,9.6,2,False,0.0049,CWE-321;CWE-327,2,Oil and Gas; Petrochemical; Chemical; Life Sciences; Water and Wastewater Systems,United States,True,True,True,False,False
ICSA-22-223-01,2022-08-11,2022,True,ICSA,Siemens,Siemens Simcenter STAR-CCM+,Medium,5.3,1,False,0.00623,,0,Critical Manufacturing,Germany,False,False,False,False,False
ICSA-22-223-02,2022-08-11,2022,True,ICSA,Siemens,Siemens Teamcenter,High,7.6,2,False,0.01189,CWE-77;CWE-835,2,Multiple Critical Sectors,Germany,False,False,False,False,False
ICSA-22-223-03,2022-08-11,2022,True,ICSA,Schneider Electric,"Schneider Electric EcoStruxure, EcoStruxure Process Expert, SCADAPack RemoteConnect for x70",Critical,9.8,13,False,0.02545,CWE-120;CWE-122;CWE-125;CWE-191,4,Multiple Critical Sectors,France,True,False,True,False,False
ICSA-22-223-04,2022-08-11,2022,True,ICSA,Emerson,"Emerson ROC800, ROC800L and DL8000",Medium,6.3,1,False,0.00507,CWE-345,1,Multiple Critical Sectors,United States,True,False,True,False,False
ICSA-22-223-05,2022-08-11,2022,True,ICSA,Siemens,Siemens SICAM A8000 Web Server Module,Medium,4.3,1,False,0.0067,CWE-284,1,Energy,Germany,True,True,False,False,False
ICSA-22-223-06,2022-08-11,2022,True,ICSA,Siemens,Siemens SICAM TOOLBOX II,Critical,9.9,1,False,0.00675,CWE-798,1,Multiple Critical Sectors,Germany,False,False,False,False,False
ICSA-22-223-07,2022-08-11,2022,True,ICSA,Siemens,Siemens SCALANCE (Update A),Critical,9.1,3,False,0.01713,CWE-74;CWE-80;CWE-770,3,Multiple Critical Sectors,Germany,False,False,False,False,False
ICSA-22-228-01,2022-08-16,2022,True,ICSA,Yokogawa,Yokogawa CENTUM Controller FCS,Medium,6.5,1,False,0.01174,CWE-399,1,Multiple Critical Sectors,Japan,True,False,True,False,False
ICSA-22-228-02,2022-08-16,2022,True,ICSA,"LS ELECTRIC, LS Industrial Systems (LSIS) Co. Ltd",LS ELECTRIC PLC and XG5000 (Update A),Medium,6.5,1,False,0.00382,CWE-326,1,Multiple Critical Sectors,South Korea,False,False,False,False,False
ICSA-22-228-03,2022-08-16,2022,True,ICSA,Delta Electronics,Delta Industrial Automation DRAS,Medium,5.5,1,False,0.01158,CWE-611,1,Critical Manufacturing,Taiwan,False,False,False,False,False
ICSA-22-228-04,2022-08-16,2022,True,ICSA,Softing Industrial Automation GmbH,Softing Secure Integration Server,High,7.5,9,False,0.12802,CWE-23;CWE-125;CWE-191;CWE-287;CWE-319;CWE-427;CWE-476,7,Multiple Critical Sectors,Germany,False,False,False,False,False
ICSA-22-228-05,2022-08-16,2022,True,ICSA,B&R Industrial Automation GmbH,B&R Industrial Automation Automation Studio 4,High,8.3,1,False,0.00774,CWE-20,1,Chemical; Critical Manufacturing; Energy,Austria,True,True,False,False,False
ICSA-22-228-06,2022-08-16,2022,True,ICSA,Emerson,Emerson Proficy Machine Edition,Critical,9.3,6,False,0.00403,CWE-29;CWE-284;CWE-345;CWE-347;CWE-353;CWE-434,6,Commercial Facilities; Critical Manufacturing; Dams; Defense Industrial Base; Energy; Food and Agriculture; Government Facilities; Information Technology; Transportation Systems; Water and Wastewater Systems,United States,True,True,False,False,False
ICSA-22-228-07,2022-08-16,2022,True,ICSA,Sequi,Sequi PortBloque S,Critical,9.9,2,False,0.00917,CWE-285;CWE-287,2,Multiple Critical Sectors,United States,False,False,False,False,False
ICSA-22-235-01,2022-08-23,2022,True,ICSA,ARC Informatique,ARC Informatique PcVue (Update A),Medium,5.5,1,False,0.00137,CWE-312,1,Multiple Critical Sectors,France,False,False,False,False,False
ICSA-22-235-02,2022-08-23,2022,True,ICSA,Delta Electronics,Delta Industrial Automation DIALink,Critical,9.8,1,False,0.00616,CWE-321,1,Critical Manufacturing,Taiwan,False,False,False,False,False
ICSA-22-235-03,2022-08-23,2022,True,ICSA,mySCADA Technologies,mySCADA myPRO,Critical,9.9,1,False,0.42344,CWE-77,1,Energy; Food and Agriculture; Transportation Systems; Water and Wastewater Systems,Czech Republic,True,True,False,False,False
ICSA-22-235-05,2022-08-23,2022,True,ICSA,Measuresoft,Measuresoft ScadaPro Server,High,7.8,1,False,0.00308,CWE-787,1,Energy; Critical Manufacturing,Ireland,True,True,False,False,False
ICSA-22-235-06,2022-08-23,2022,True,ICSA,Measuresoft,Measuresoft ScadaPro Server and Client,High,7.8,5,False,0.00323,CWE-59;CWE-121;CWE-416;CWE-822,4,Energy; Critical Manufacturing,Ireland,True,True,False,False,False
ICSA-22-235-07,2022-08-23,2022,True,ICSA,Hitachi Energy,Hitachi Energy RTU500,High,7.5,1,False,0.00636,CWE-121,1,Energy,Switzerland,True,True,False,False,False
ICSA-22-237-01,2022-08-25,2022,True,ICSA,FATEK Automation,FATEK Automation FvDesigner,High,7.8,1,False,0.00308,CWE-787,1,Critical Manufacturing,Taiwan,False,False,False,False,False
ICSA-22-242-01,2022-08-30,2022,True,ICSA,Hitachi Energy,Hitachi Energy FACTS Control Platform (FCP) Product,High,7.5,7,False,0.16296,CWE-1357,1,Energy,Switzerland,True,True,False,False,False
ICSA-22-242-02,2022-08-30,2022,True,ICSA,Hitachi Energy,Hitachi Energy Gateway Station (GWS) Product,High,7.5,7,False,0.16296,CWE-1357,1,Energy,Switzerland,True,True,False,False,False
ICSA-22-242-03,2022-08-30,2022,True,ICSA,Hitachi Energy,Hitachi Energy MSM Product,High,7.5,13,False,0.2258,CWE-1357,1,Energy,Switzerland,True,True,False,False,False
ICSA-22-242-04,2022-08-30,2022,True,ICSA,Hitachi Energy,Hitachi Energy RTU500 series,High,7.5,1,False,0.00974,CWE-20,1,Energy,Switzerland,True,True,False,False,False
ICSA-22-242-05,2022-08-30,2022,True,ICSA,Fuji Electric,Fuji Electric D300win,High,8.7,2,False,0.00548,CWE-123;CWE-125,2,Multiple Critical Sectors,Japan,False,False,False,False,False
ICSA-22-242-06,2022-08-30,2022,True,ICSA,Honeywell,Honeywell ControlEdge,Critical,9.8,1,False,0.01744,CWE-798,1,Multiple Critical Sectors,United States,False,False,False,False,False
ICSA-22-242-07,2022-08-30,2022,True,ICSA,Honeywell,Honeywell Experion LX,Critical,9.1,1,False,0.00849,CWE-306,1,Multiple Critical Sectors,United States,True,False,True,False,False
ICSA-22-242-08,2022-08-30,2022,True,ICSA,Honeywell,Honeywell Trend Controls Inter-Controller Protocol,High,7.1,1,False,0.0025,CWE-319,1,Multiple Critical Sectors,United States,False,False,False,False,False
ICSA-22-242-09,2022-08-30,2022,True,ICSA,Omron,Omron CX-Programmer,High,7.8,1,False,0.0025,CWE-416,1,Critical Manufacturing,Japan,False,False,False,False,False
ICSA-22-242-10,2022-08-30,2022,True,ICSA,PTC,PTC Kepware KEPServerEX (Update A),Critical,9.8,2,False,0.0343,CWE-121;CWE-122,2,Multiple Critical Sectors,United States,False,False,False,False,False
ICSA-22-242-11,2022-08-30,2022,True,ICSA,Sensormatic Electronics LLC (Subsidiary of Johnson Controls),Sensormatic Electronics iSTAR,Critical,10.0,1,False,0.02068,CWE-77,1,Critical Manufacturing,Ireland,False,False,False,False,False
ICSA-22-244-01,2022-09-01,2022,True,ICSA,Delta Electronics,Delta Electronics DOPSoft (Update A),Low,3.3,1,False,0.00356,CWE-125,1,Critical Manufacturing,Taiwan,False,False,False,False,False
ICSA-22-249-01,2022-09-06,2022,True,ICSA,Triangle MicroWorks,Triangle Microworks Libraries,High,7.5,1,False,0.00821,CWE-824,1,Energy; Water and Wastewater Systems,United States,True,True,False,False,False
ICSA-22-249-02,2022-09-06,2022,True,ICSA,AVEVA,AVEVA Edge 2020 R2 SP1 and all prior versions,High,7.8,6,False,0.17157,CWE-357;CWE-427;CWE-502;CWE-611,4,Critical Manufacturing,United Kingdom,False,False,False,False,False
ICSA-22-249-03,2022-09-06,2022,True,ICSA,Cognex,Cognex 3D-A1000 Dimensioning System,Critical,9.8,3,False,0.00938,CWE-117;CWE-306;CWE-602,3,Commercial Facilities; Transportation Systems,United States,False,False,False,False,False
ICSA-22-249-04,2022-09-06,2022,True,ICSA,Hitachi Energy,Hitachi Energy TXpert Hub CoreTec 4,Medium,6.0,3,False,0.00253,CWE-20;CWE-288;CWE-494,3,Energy,Switzerland,True,True,False,False,False
ICSA-22-251-01,2022-09-08,2022,True,ICSA,MZ Automation GmbH,MZ Automation libIEC61850,Critical,10.0,4,False,0.01255,CWE-121;CWE-476,2,Energy,Germany,True,True,False,False,False
ICSA-22-256-01,2022-09-13,2022,False,ICSA,Hitachi Energy,Hitachi Energy TXpert Hub CoreTec 4 Sudo Vulnerability,High,7.8,1,True,0.99969,CWE-193,1,Energy,Switzerland,True,True,False,False,False
ICSA-22-256-02,2022-09-13,2022,False,ICSA,Honeywell,Honeywell SoftMaster,High,8.8,2,False,0.01066,CWE-427;CWE-732,2,Critical Manufacturing,United States,False,False,False,False,False
ICSA-22-256-03,2022-09-13,2022,False,ICSA,Delta Electronics,Delta Electronics DIAEnergie (Update A),Critical,9.8,1,False,0.00573,CWE-798,1,Critical Manufacturing,Taiwan,False,False,False,False,False
ICSA-22-256-04,2022-09-13,2022,False,ICSA,Kingspan,Kingspan TMS300 CS,Critical,9.8,1,False,0.0067,CWE-287,1,Water and Wastewater Systems,Ireland,False,False,False,False,False
ICSA-22-258-01,2022-09-15,2022,False,ICSA,Siemens Mobility,Siemens Mobility CoreShield OWG Software,High,7.8,1,False,0.00169,CWE-284,1,Multiple Critical Sectors,Germany,False,False,False,False,False
ICSA-22-258-02,2022-09-15,2022,False,ICSA,Siemens,Siemens Simcenter Femap and Parasolid,High,7.8,20,False,0.00255,CWE-125;CWE-787;CWE-824,3,Critical Manufacturing,Germany,False,False,False,False,False
ICSA-22-258-03,2022-09-15,2022,False,ICSA,Siemens,Siemens RUGGEDCOM ROS (Update A),Medium,5.3,1,False,0.01457,CWE-400,1,Multiple Critical Sectors,Germany,False,False,False,False,False
ICSA-22-258-04,2022-09-15,2022,False,ICSA,Siemens,Siemens Mendix SAML Module (Update B),High,7.4,2,False,0.01239,CWE-294,1,Multiple Critical Sectors,Germany,False,False,False,False,False
ICSA-22-258-05,2022-09-15,2022,False,ICSA,Siemens,Siemens SINEC INS,High,8.8,14,False,0.21333,CWE-20;CWE-77;CWE-119;CWE-190;CWE-311;CWE-326;CWE-359;CWE-400;CWE-404;CWE-601;CWE-918,11,Multiple Critical Sectors,Germany,False,False,False,False,False
ICSA-22-263-01,2022-09-20,2022,False,ICSA,Hitachi Energy,Hitachi Energy PROMOD IV,Critical,9.0,1,False,0.11818,CWE-284,1,Energy,Switzerland,True,True,False,False,False
ICSA-22-263-02,2022-09-20,2022,False,ICSA,Hitachi Energy,Hitachi Energy AFF660/665 Series,Critical,9.8,1,False,0.01646,CWE-121,1,Energy,Switzerland,True,True,False,False,False
ICSA-22-263-03,2022-09-20,2022,False,ICSA,Dataprobe,Dataprobe iBoot-PDU (Update A),Critical,9.8,12,False,0.11626,CWE-22;CWE-78;CWE-121;CWE-200;CWE-256;CWE-284;CWE-285;CWE-288;CWE-863;CWE-918;CWE-1391,11,Critical Manufacturing,United States,False,False,False,False,False
ICSA-22-263-04,2022-09-20,2022,False,ICSA,Host Engineering,Host Engineering Communications Module,Medium,6.5,1,False,0.00322,CWE-121,1,Critical Manufacturing,United States,False,False,False,False,False
ICSA-22-265-01,2022-09-22,2022,False,ICSA,Measuresoft,Measuresoft ScadaPro Server,High,7.8,1,False,0.00252,CWE-284,1,Energy; Critical Manufacturing,Ireland,True,True,False,False,False
ICSA-22-270-01,2022-09-27,2022,False,ICSA,Hitachi Energy,Hitachi Energy AFS660/AFS665,Critical,9.8,1,False,0.01646,CWE-20,1,Energy,Switzerland,True,True,False,False,False
ICSA-22-270-02,2022-09-27,2022,False,ICSA,Hitachi Energy,Hitachi Energy APM Edge,High,7.8,2,True,0.94921,CWE-287;CWE-787,2,Energy,Switzerland,True,True,False,False,False
ICSA-22-270-03,2022-09-27,2022,False,ICSA,Rockwell Automation,Rockwell Automation ThinManager ThinServer,High,8.1,1,False,0.21829,CWE-122,1,Critical Manufacturing,United States,False,False,False,False,False
ICSA-22-272-01,2022-09-29,2022,False,ICSA,Hitachi Energy,Hitachi Energy MicroSCADA Pro X SYS600_8DBD000106,High,8.5,5,False,0.00773,CWE-20;CWE-241;CWE-269;CWE-284,4,Energy,Switzerland,True,True,False,False,False
ICSA-22-272-02,2022-09-29,2022,False,ICSA,Hitachi Energy,Hitachi Energy MicroSCADA Pro X SYS600_8DBD000107,High,7.5,2,False,0.73188,CWE-1357,1,Energy,Switzerland,True,True,False,False,False
ICSA-22-277-01,2022-10-04,2022,False,ICSA,Johnson Controls Inc.,Johnson Controls Metasys ADX Server,High,8.1,1,False,0.00549,CWE-287,1,Critical Manufacturing,Ireland,False,False,False,False,False
ICSA-22-277-02,2022-10-04,2022,False,ICSA,Hitachi Energy,Hitachi Energy Modular Switchgear Monitoring,Medium,5.0,2,False,0.00474,CWE-113;CWE-352,2,Energy,Switzerland,True,True,False,False,False
ICSA-22-277-03,2022-10-04,2022,False,ICSA,Horner Automation,Horner Automation Cscape,High,7.8,3,False,0.00247,CWE-787;CWE-824,2,Critical Manufacturing,United States,False,False,False,False,False
ICSA-22-277-04,2022-10-04,2022,False,ICSA,Omron,Omron CX-Programmer,High,7.8,3,False,0.00615,CWE-787;CWE-824,2,Critical Manufacturing,Japan,False,False,False,False,False
ICSA-22-279-01,2022-10-06,2022,False,ICSA,Rockwell Automation,Rockwell Automation FactoryTalk VantagePoint,Critical,9.9,2,False,0.03442,CWE-89;CWE-284,2,Critical Manufacturing,United States,False,False,False,False,False
ICSA-22-279-02,2022-10-06,2022,False,ICSA,HIWIN,HIWIN Robot System Software (HRSS),High,7.5,1,False,0.00751,CWE-284,1,Multiple Critical Sectors,Taiwan,False,False,False,False,False
ICSA-22-284-01,2022-10-11,2022,False,ICSA,Altair,Altair HyperView Player,High,7.8,4,False,0.00304,CWE-119;CWE-129;CWE-908,3,Information Technology,United States,False,False,False,False,False
ICSA-22-284-02,2022-10-11,2022,False,ICSA,Daikin Holdings Singapore Pte Ltd,Daikin SVMPC1 and SVMPC2,Critical,9.8,2,False,0.00697,CWE-259;CWE-284,2,Energy,Japan,True,True,False,False,False
ICSA-22-284-03,2022-10-11,2022,False,ICSA,Sensormatic Electronics LLC (Subsidiary of Johnson Controls),Sensormatic Electronics C-CURE 9000,Medium,4.3,1,False,0.00537,CWE-204,1,Critical Manufacturing,Ireland,False,False,False,False,False
ICSA-22-286-01,2022-10-13,2022,False,ICSA,Siemens,Siemens LOGO!,Medium,6.1,1,False,0.00344,CWE-345,1,Commercial Facilities; Transportation Systems,Germany,False,False,False,False,False
ICSA-22-286-02,2022-10-13,2022,False,ICSA,Siemens,Siemens Industrial Edge Management,High,7.4,1,False,0.00357,CWE-295,1,Critical Manufacturing,Germany,False,False,False,False,False
ICSA-22-286-03,2022-10-13,2022,False,ICSA,Siemens,Siemens Solid Edge,High,7.8,1,False,0.00234,CWE-122,1,Critical Manufacturing,Germany,False,False,False,False,False
ICSA-22-286-04,2022-10-13,2022,False,ICSA,Siemens,Siemens SIMATIC S7-1200 and S7-1500 CPU Families,Critical,9.3,1,False,0.00223,CWE-522,1,Multiple Critical Sectors,Germany,True,False,True,False,False
ICSA-22-286-05,2022-10-13,2022,False,ICSA,Hitachi Energy,Hitachi Energy Lumada Asset Performance Management Prognostic Model Executor Service,High,7.5,2,True,0.99638,CWE-94;CWE-770,2,Energy,Switzerland,True,True,False,False,False
ICSA-22-286-06,2022-10-13,2022,False,ICSA,Siemens,Siemens Desigo PXM Devices Webserver,High,8.8,7,False,0.01191,CWE-78;CWE-79;CWE-84;CWE-200;CWE-352,5,Critical Manufacturing,Germany,False,False,False,False,False
ICSA-22-286-07,2022-10-13,2022,False,ICSA,Siemens,Siemens Nucleus RTOS FTP Server (Update A),High,7.5,1,False,0.01345,CWE-400,1,Critical Manufacturing,Germany,False,False,False,False,False
ICSA-22-286-08,2022-10-13,2022,False,ICSA,Siemens,Siemens TCP Event Service of SCALANCE and RUGGEDCOM Devices,High,8.6,1,False,0.01114,CWE-20,1,Multiple Critical Sectors,Germany,False,False,False,False,False
ICSA-22-286-09,2022-10-13,2022,False,ICSA,Siemens,Siemens SICAM P850 and P855 Devices (Update A),Critical,9.8,2,False,0.01104,CWE-141;CWE-384,2,Multiple Critical Sectors,Germany,False,False,False,False,False
ICSA-22-286-10,2022-10-13,2022,False,ICSA,Siemens,Siemens JT Open Toolkit and Simcenter Femap,High,7.8,1,False,0.00241,CWE-824,1,Critical Manufacturing,Germany,False,False,False,False,False
ICSA-22-286-11,2022-10-13,2022,False,ICSA,Siemens,Siemens SCALANCE and RUGGEDCOM Products (Update B),High,8.8,1,False,0.00925,CWE-862,1,Multiple Critical Sectors,Germany,False,False,False,False,False
ICSA-22-286-12,2022-10-13,2022,False,ICSA,Siemens,"Siemens APOGEE, TALON and Desigo PXC/PXM Products",Critical,9.8,1,False,0.01345,CWE-400,1,Commercial Facilities; Government Facilities,Germany,False,False,False,False,False
ICSA-22-286-13,2022-10-13,2022,False,ICSA,Siemens,Siemens LOGO! 8 BM Devices,Critical,9.8,3,False,0.0096,CWE-20;CWE-120;CWE-1285,3,"Chemical, Energy; Food and Agriculture; Water and Wastewater Systems",Germany,True,True,False,False,False
ICSA-22-286-14,2022-10-13,2022,False,ICSA,Siemens,Siemens SIMATIC HMI Panels,High,7.5,1,False,0.00827,CWE-20,1,Multiple Critical Sectors,Germany,True,False,True,False,False
ICSA-22-286-15,2022-10-13,2022,False,ICSA,Siemens,Siemens SCALANCE X-200 and X-200IRT Families (Update A),Critical,9.6,1,False,0.00448,CWE-79,1,Multiple Critical Sectors,Germany,False,False,False,False,False
ICSA-22-286-16,2022-10-13,2022,False,ICSA,Siemens,Siemens Desigo CC and Cerberus DMS,Critical,9.8,1,False,0.01235,CWE-603,1,Multiple Critical Sectors,Germany,False,False,False,False,False
ICSA-22-291-01,2022-10-18,2022,False,ICSA,Advantech,Advantech R-SeeNet,Critical,9.8,3,False,0.1398,CWE-22;CWE-121,2,Critical Manufacturing; Energy; Water and Wastewater Systems,Taiwan,True,True,False,False,False
ICSA-22-293-01,2022-10-20,2022,False,ICSA,Bentley Systems,Bentley Systems MicroStation Connect,High,7.8,2,False,0.00332,CWE-121;CWE-125,2,Critical Manufacturing,United States,False,False,False,False,False
ICSA-22-298-01,2022-10-25,2022,False,ICSA,"Haas Automation, Inc",Haas Controller,Critical,9.8,3,False,0.00717,CWE-306;CWE-319;CWE-1220,3,Critical Manufacturing,United States,False,False,False,False,False
ICSA-22-298-02,2022-10-25,2022,False,ICSA,HEIDENHAIN,HEIDENHAIN Controller TNC (Update A),Critical,9.2,1,False,0.00749,CWE-1188,1,Critical Manufacturing; Communications; Energy; Healthcare and Public Health,Germany,True,True,False,False,False
ICSA-22-298-03,2022-10-25,2022,False,ICSA,Siemens,Siemens Siveillance Video Mobile Server,Critical,9.4,1,False,0.00942,CWE-1390,1,Communications; Commercial Facilities,Germany,False,False,False,False,False
ICSA-22-298-04,2022-10-25,2022,False,ICSA,Hitachi Energy,Hitachi Energy MicroSCADA X DMS600,High,8.8,2,False,0.0199,CWE-1357,1,Energy,Switzerland,True,True,False,False,False
ICSA-22-298-05,2022-10-25,2022,False,ICSA,CKS (Subsidiary of Johnson Controls),Johnson Controls CKS CEVAS,Critical,10.0,1,False,0.0045,CWE-79,1,Emergency Services,Ireland,False,False,False,False,False
ICSA-22-298-06,2022-10-25,2022,False,ICSA,Delta Electronics,Delta Electronic DIAEnergie (Update B),High,8.8,14,False,0.26572,CWE-79;CWE-89;CWE-285,3,Critical Manufacturing,Taiwan,False,False,False,False,False
ICSA-22-298-07,2022-10-25,2022,False,ICSA,Delta Electronics,Delta Electronics InfraSuite Device Master (Update A),Critical,9.8,10,False,0.24945,CWE-22;CWE-306;CWE-502,3,Energy,Taiwan,True,True,False,False,False
ICSA-22-300-01,2022-10-27,2022,False,ICSA,Rockwell Automation,Rockwell Automation FactoryTalk Alarm and Events Server,High,7.5,1,False,0.01164,CWE-284,1,Chemical; Critical Manufacturing; Food and Agriculture; Water and Wastewater System,United States,False,False,False,False,False
ICSA-22-300-02,2022-10-27,2022,False,ICSA,SAUTER Controls,SAUTER Controls moduWeb,High,8.8,1,False,0.00733,CWE-79,1,Critical Manufacturing; Energy,Switzerland,True,True,False,False,False
ICSA-22-300-03,2022-10-27,2022,False,ICSA,Rockwell Automation,Rockwell Automation Stratix Devices Containing Cisco IOS,High,8.8,9,False,0.05325,CWE-20;CWE-22;CWE-78;CWE-347;CWE-436;CWE-754;CWE-863,7,Multiple Critical Sectors,United States,False,False,False,False,False
ICSA-22-300-04,2022-10-27,2022,False,ICSA,Trihedral,Trihedral VTScada,High,7.5,1,False,0.00706,CWE-20,1,Energy; Water and Wastewater,Canada,True,True,False,False,False
ICSA-22-307-01,2022-11-03,2022,False,ICSA,ETIC Telecom,ETIC Telecom Remote Access Server (RAS) (Update B),Medium,6.3,8,False,0.01015,CWE-22;CWE-79;CWE-319;CWE-345;CWE-352;CWE-434,6,Communications; Information Technology; Energy,France,True,True,False,False,False
ICSA-22-307-02,2022-11-03,2022,False,ICSA,Nokia,Nokia ASIK AirScale System Module,High,8.4,3,False,0.0022,CWE-1274;CWE-1282,2,Communications,Finland,False,False,False,False,False
ICSA-22-307-03,2022-11-03,2022,False,ICSA,Delta Electronics,Delta Industrial Automation DIALink,High,8.1,1,False,0.02346,CWE-22,1,Critical Manufacturing,Taiwan,False,False,False,False,False
ICSA-22-314-01,2022-11-10,2022,False,ICSA,Siemens,Siemens Parasolid,High,7.8,2,False,0.0024,CWE-125;CWE-787,2,Critical Manufacturing,Germany,False,False,False,False,False
ICSA-22-314-02,2022-11-10,2022,False,ICSA,Siemens,Siemens Web Server Login Page of Industrial Controllers (Update A),Medium,6.5,1,False,0.00313,CWE-352,1,Critical Manufacturing,Germany,True,False,True,False,False
ICSA-22-314-03,2022-11-10,2022,False,ICSA,Siemens,Siemens SINEC Network Management System Logback Component,Medium,6.6,1,False,0.04439,CWE-502,1,Energy,Germany,True,True,False,False,False
ICSA-22-314-04,2022-11-10,2022,False,ICSA,Siemens,Siemens SINUMERIK ONE and SINUMERIK MC,Critical,9.3,1,False,0.00223,CWE-522,1,Critical Manufacturing,Germany,False,False,False,False,False
ICSA-22-314-05,2022-11-10,2022,False,ICSA,Siemens,Siemens RUGGEDCOM ROS,Medium,5.3,1,False,0.01457,CWE-400,1,Critical Manufacturing,Germany,False,False,False,False,False
ICSA-22-314-06,2022-11-10,2022,False,ICSA,Siemens,Siemens QMS Automotive,High,7.6,1,False,0.00338,CWE-316,1,Critical Manufacturing,Germany,False,False,False,False,False
ICSA-22-314-07,2022-11-10,2022,False,ICSA,Omron,Omron NJ/NX-series Machine Automation Controllers,High,8.3,1,False,0.01209,CWE-489,1,Critical Manufacturing,Japan,False,False,False,False,False
ICSA-22-314-08,2022-11-10,2022,False,ICSA,Omron,Omron NJNX-series,Critical,9.4,2,False,0.01819,CWE-294;CWE-798,2,Critical Manufacturing,Japan,False,False,False,False,False
ICSA-22-314-09,2022-11-10,2022,False,ICSA,Siemens,Siemens Teamcenter Visualization and JT2Go (Update A),High,7.8,6,False,0.00419,CWE-121;CWE-122;CWE-125;CWE-416;CWE-787,5,Critical Manufacturing,Germany,False,False,False,False,False
ICSA-22-314-10,2022-11-10,2022,False,ICSA,Siemens,Siemens SCALANCE W1750D,Critical,9.8,13,False,0.24639,CWE-20;CWE-77;CWE-79;CWE-120;CWE-400,5,Multiple Critical Sectors,Germany,False,False,False,False,False
ICSA-22-314-11,2022-11-10,2022,False,ICSA,Siemens,Siemens SICAM Q100,Critical,9.9,4,False,0.01625,CWE-20;CWE-384,2,Multiple Critical Sectors,Germany,False,False,False,False,False
ICSA-22-319-01,2022-11-15,2022,False,ICSA,Mitsubishi Electric,Mitsubishi Electric GT SoftGOT2000,Critical,9.8,1,False,0.95404,CWE-78,1,Critical Manufacturing,Japan,False,False,False,False,False
ICSA-22-321-01,2022-11-17,2022,False,ICSA,Red Lion Controls,Red Lion Crimson,High,7.5,1,False,0.00626,CWE-22,1,Multiple Critical Sectors,United States,False,False,False,False,False
ICSA-22-321-02,2022-11-17,2022,False,ICSA,Cradlepoint,Cradlepoint IBR600,High,7.1,1,False,0.00316,CWE-77,1,Information Technology,United States,False,False,False,False,False
ICSA-22-326-01,2022-11-22,2022,False,ICSA,AVEVA,AVEVA Edge,Critical,9.8,4,False,0.01199,CWE-40;CWE-200;CWE-284;CWE-427,4,Critical Manufacturing,United Kingdom,False,False,False,False,False
ICSA-22-326-02,2022-11-22,2022,False,ICSA,Digital Alert Systems,Digital Alert Systems DASDEC,Medium,4.7,2,False,0.0045,CWE-79,1,Communications; Emergency Services,United States,False,False,False,False,False
ICSA-22-326-03,2022-11-22,2022,False,ICSA,PHOENIX CONTACT,Phoenix Contact Automation Worx,High,7.8,2,False,0.00213,CWE-119;CWE-125,2,Critical Manufacturing,Germany,False,False,False,False,False
ICSA-22-326-04,2022-11-22,2022,False,ICSA,GE,GE CIMPLICITY,High,7.8,5,False,0.00296,CWE-122;CWE-787;CWE-822;CWE-824,4,Multiple Critical Sectors,United States,False,False,False,False,False
ICSA-22-326-05,2022-11-22,2022,False,ICSA,Moxa,Moxa Multiple ARM-Based Computers,High,7.8,1,False,0.00197,CWE-250,1,Critical Manufacturing; Energy; Transportation Systems,Taiwan,True,True,False,False,False
ICSA-22-333-01,2022-11-29,2022,False,ICSA,Mitsubishi Electric,Mitsubishi Electric GOT2000,Medium,5.3,1,False,0.00845,CWE-20,1,Critical Manufacturing,Japan,False,False,False,False,False
ICSA-22-333-02,2022-11-29,2022,False,ICSA,Hitachi Energy,Hitachi Energy IED Connectivity Packages and PCM600 Products (Update A),High,7.1,1,False,0.0015,CWE-312,1,Energy,Switzerland,True,True,False,False,False
ICSA-22-333-03,2022-11-29,2022,False,ICSA,Hitachi Energy,Hitachi Energy MicroSCADA Pro/X SYS600 Products (Update A),High,8.8,1,False,0.00289,CWE-1173,1,Energy,Switzerland,True,True,False,False,False
ICSA-22-333-04,2022-11-29,2022,False,ICSA,Moxa,Moxa UC Series (Update A),High,7.6,1,False,0.00316,CWE-1263,1,Multiple Critical Sectors,Taiwan,False,False,False,False,False
ICSA-22-333-05,2022-12-05,2022,False,ICSA,Mitsubishi Electric,Mitsubishi Electric FA Engineering Software (Update C),Critical,9.1,10,False,0.01291,CWE-259;CWE-312;CWE-316;CWE-321;CWE-522,5,Critical Manufacturing,Japan,False,False,False,False,False
ICSA-22-335-01,2022-12-01,2022,False,ICSA,Mitsubishi Electric,Mitsubishi Electric MELSEC iQ-R Series,High,8.6,1,False,0.00961,CWE-20,1,Critical Manufacturing,Japan,False,False,False,False,False
ICSA-22-335-02,2022-12-01,2022,False,ICSA,Horner Automation,Horner Automation Remote Compact Controller,Critical,9.8,3,False,0.00639,CWE-321;CWE-326;CWE-1108,3,Critical Manufacturing,United States,False,False,False,False,False
ICSA-22-342-01,2022-12-08,2022,False,ICSA,Advantech,Advantech iView,High,7.5,1,False,0.2862,CWE-89,1,Multiple Critical Sectors,Taiwan,False,False,False,False,False
ICSA-22-342-02,2022-12-08,2022,False,ICSA,AVEVA,AVEVA InTouch Access Anywhere and Plant SCADA Access Anywhere (Update A),Critical,9.8,3,False,0.99019,CWE-23;CWE-79;CWE-120,3,Critical Manufacturing,United Kingdom,False,False,False,False,False
ICSA-22-342-03,2022-12-08,2022,False,ICSA,Rockwell Automation,Rockwell Automation Logix controllers,High,8.6,1,False,0.01221,CWE-20,1,Multiple Critical Sectors,United States,True,False,True,False,False
ICSA-22-346-05,2022-12-12,2022,False,ICSA,Siemens,Siemens PLM Help Server,Medium,6.1,1,False,0.00359,CWE-79,1,Critical Manufacturing,Germany,False,False,False,False,False
ICSA-22-347-01,2022-12-13,2022,False,ICSA,"ICONICS, Mitsubishi Electric",ICONICS and Mitsubishi Electric Products,Medium,6.3,1,False,0.00299,CWE-22,1,Critical Manufacturing,United States,False,False,False,False,False
ICSA-22-347-02,2022-12-13,2022,False,ICSA,Schneider Electric,Schneider Electric APC Easy UPS Online,Critical,9.8,4,False,0.01071,CWE-306;CWE-434;CWE-732;CWE-798,4,Multiple Critical Sectors,France,False,False,False,False,False
ICSA-22-347-03,2022-12-13,2022,False,ICSA,Contec,Contec CONPROSYS HMI System (CHS) (Update A),Critical,10.0,5,False,0.69877,CWE-78;CWE-79;CWE-284;CWE-836;CWE-1392,5,Multiple Critical Sectors,Japan,False,False,False,False,False
ICSA-22-349-01,2022-12-15,2022,False,ICSA,Prosys OPC,Prosys OPC UA Simulation Server (Update A),Medium,6.5,1,False,0.00404,CWE-522,1,Critical Manufacturing; Energy; Information Technology,Finland,True,True,False,False,False
ICSA-22-349-02,2022-12-15,2022,False,ICSA,Siemens,Siemens SCALANCE X-200RNA Switch Devices,High,8.8,6,False,0.01001,CWE-80;CWE-200;CWE-284;CWE-330;CWE-400,5,Chemical; Critical Manufacturing; Energy; Food and Agriculture; Water and Wastewater Systems,Germany,True,True,False,False,False
ICSA-22-349-03,2022-12-15,2022,False,ICSA,Siemens,Siemens Multiple Denial of Service Vulnerabilities in Industrial Products,High,7.5,4,False,0.00871,CWE-20;CWE-1284;CWE-1286;CWE-1287,4,Chemical; Critical Manufacturing; Energy; Food and Agriculture; Water and Wastewater Systems,Germany,True,True,True,False,False
ICSA-22-349-04,2022-12-15,2022,False,ICSA,Siemens,Siemens Multiple Vulnerabilities in SCALANCE Products,High,7.6,5,False,0.02358,CWE-94;CWE-257;CWE-327;CWE-664;CWE-1284,5,Critical Manufacturing,Germany,False,False,False,False,False
ICSA-22-349-06,2022-12-15,2022,False,ICSA,Siemens,Siemens SIMATIC WinCC OA Ultralight Client,Medium,5.4,1,False,0.00532,CWE-88,1,Critical Manufacturing,Germany,True,False,True,False,False
ICSA-22-349-07,2022-12-15,2022,False,ICSA,Siemens,Siemens Simcenter STAR-CCM+,High,7.8,1,False,0.00206,CWE-732,1,Critical Manufacturing,Germany,False,False,False,False,False
ICSA-22-349-08,2022-12-15,2022,False,ICSA,Siemens,Siemens Polarion ALM,Medium,5.4,1,False,0.00375,CWE-74,1,Critical Manufacturing,Germany,False,False,False,False,False
ICSA-22-349-09,2022-12-15,2022,False,ICSA,Siemens,Siemens Products affected by OpenSSL 3.0,High,7.5,2,False,0.92488,CWE-120,1,Critical Manufacturing,Germany,True,False,True,False,False
ICSA-22-349-10,2022-12-15,2022,False,ICSA,Siemens,Siemens APOGEE/TALON Field Panels,Medium,6.5,1,False,0.0135,CWE-342,1,Critical Manufacturing,Germany,False,False,False,False,False
ICSA-22-349-11,2022-12-15,2022,False,ICSA,Siemens,Siemens SIPROTEC 5 Devices,Medium,5.3,1,False,0.00699,CWE-400,1,Critical Manufacturing,Germany,False,False,False,False,False
ICSA-22-349-12,2022-12-15,2022,False,ICSA,Siemens,Siemens Parasolid,High,7.8,5,False,0.0051,CWE-125;CWE-787,2,Critical Manufacturing,Germany,False,False,False,False,False
ICSA-22-349-13,2022-12-15,2022,False,ICSA,Siemens,Siemens Mendix Workflow Commons,High,8.1,1,False,0.00691,CWE-284,1,Multiple Critical Sectors,Germany,False,False,False,False,False
ICSA-22-349-14,2022-12-15,2022,False,ICSA,Siemens,Siemens SISCO MMS-EASE Third Party Component,High,7.5,1,False,0.05413,CWE-399,1,Multiple Critical Sectors,Germany,False,False,False,False,False
ICSA-22-349-15,2022-12-15,2022,False,ICSA,Siemens,Siemens Teamcenter Visualization and JT2Go,High,7.8,3,False,0.00472,CWE-119;CWE-121;CWE-122,3,Critical Manufacturing,Germany,False,False,False,False,False
ICSA-22-349-16,2022-12-15,2022,False,ICSA,Siemens,Siemens APOGEE and TALON,High,8.8,1,False,0.00613,CWE-284,1,Multiple Critical Sectors,Germany,False,False,False,False,False
ICSA-22-349-17,2022-12-15,2022,False,ICSA,Siemens,Siemens Mendix Email Connector,High,8.1,1,False,0.00705,CWE-284,1,Multiple Critical Sectors,Germany,False,False,False,False,False
ICSA-22-349-18,2022-12-15,2022,False,ICSA,Siemens,Siemens SCALANCE SC-600 Family,High,7.8,4,False,0.3216,CWE-416;CWE-770;CWE-787,3,Multiple Critical Sectors,Germany,False,False,False,False,False
ICSA-22-349-19,2022-12-15,2022,False,ICSA,Siemens,Siemens SICAM PAS,High,8.8,3,False,0.00919,CWE-319;CWE-427;CWE-1287,3,Energy,Germany,True,True,False,False,False
ICSA-22-349-20,2022-12-15,2022,False,ICSA,Siemens,Siemens Teamcenter Visualization and JT2Go,High,7.8,12,False,0.00312,CWE-125;CWE-369;CWE-416;CWE-476;CWE-770;CWE-787,6,Multiple Critical Sectors,Germany,False,False,False,False,False
ICSA-22-349-21,2022-12-15,2022,False,ICSA,Siemens,Siemens SCALANCE X-200RNA Switch Devices,Critical,9.8,83,False,0.9986,CWE-22;CWE-116;CWE-125;CWE-190;CWE-200;CWE-203;CWE-264;CWE-287;CWE-295;CWE-400;CWE-401;CWE-426;CWE-732;CWE-787;CWE-838;CWE-863,16,Multiple Critical Sectors,Germany,False,False,False,False,True
ICSA-22-354-01,2022-12-20,2022,False,ICSA,Fuji Electric,Fuji Electric Tellus Lite V-Simulator,High,7.8,2,False,0.00301,CWE-121;CWE-787,2,Critical Manufacturing,Japan,False,False,False,False,False
ICSA-22-354-02,2022-12-20,2022,False,ICSA,Rockwell Automation,Rockwell Automation GuardLogix and ControlLogix controllers,High,8.6,1,False,0.0143,CWE-20,1,Multiple Critical Sectors,United States,True,False,True,False,False
ICSA-22-354-03,2022-12-20,2022,False,ICSA,ARC Informatique,ARC Informatique PcVue (Update A),Medium,5.5,2,False,0.00331,CWE-312;CWE-532,2,Commercial Facilities; Transportation Systems; Water and Wastewater Systems; Energy; Critical Manufacturing; Food and Agriculture,France,True,True,False,False,False
ICSA-22-354-04,2022-12-20,2022,False,ICSA,Rockwell Automation,Rockwell Automation MicroLogix 1100 and 1400,High,7.5,2,False,0.00678,CWE-79;CWE-1021,2,Multiple Critical Sectors,United States,False,False,False,False,False
ICSA-22-354-05,2022-12-20,2022,False,ICSA,Delta Electronics,Delta 4G Router DX-3021,High,7.2,1,False,0.04757,CWE-77,1,Energy,Taiwan,True,True,False,False,False
ICSA-22-356-01,2022-12-22,2022,False,ICSA,Priva,Priva TopControl Suite,High,7.5,1,False,0.00584,CWE-916,1,Energy,Netherlands,True,True,False,False,False
ICSA-22-356-02,2022-12-22,2022,False,ICSA,Rockwell Automation,Rockwell Automation Studio 5000 Logix Emulate,High,7.8,1,False,0.00368,CWE-284,1,Multiple Critical Sectors,United States,False,False,False,False,False
ICSA-22-356-03,2022-12-22,2022,False,ICSA,Mitsubishi Electric,"Mitsubishi Electric MELSEC iQ-R, iQ-L Series and MELIPC Series (Update E)",High,7.5,1,False,0.0167,CWE-404,1,Critical Manufacturing,Japan,False,False,False,False,False
ICSA-22-356-04,2022-12-22,2022,False,ICSA,Omron,Omron CX-Programmer,High,7.8,1,False,0.00242,CWE-787,1,Critical Manufacturing,Japan,False,False,False,False,False
ICSA-23-005-01,2023-01-05,2023,True,ICSA,Hitachi Energy,Hitachi Energy UNEM,High,8.3,5,False,0.00569,CWE-319;CWE-321;CWE-326,3,Energy,Switzerland,True,True,False,False,False
ICSA-23-005-02,2023-01-05,2023,True,ICSA,Hitachi Energy,Hitachi Energy FOXMAN-UN,High,8.3,5,False,0.00569,CWE-319;CWE-321;CWE-326;CWE-1394,4,Energy,Switzerland,True,True,False,False,False
ICSA-23-005-03,2023-01-05,2023,True,ICSA,Hitachi Energy,Hitachi Energy Lumada Asset Performance Management,Critical,9.8,3,False,0.92488,CWE-120;CWE-787,2,Energy,Switzerland,True,True,False,False,False
ICSA-23-010-01,2023-01-10,2023,True,ICSA,Black Box,Black Box KVM,High,7.5,1,False,0.00876,CWE-22,1,Multiple Critical Sectors,India,False,False,False,False,False
ICSA-23-012-01,2023-01-12,2023,True,ICSA,Sewio,Sewio RTLS Studio,Critical,10.0,9,False,0.01236,CWE-20;CWE-78;CWE-79;CWE-259;CWE-352;CWE-787,6,Multiple Critical Sectors,Czech Republic,False,False,False,False,False
ICSA-23-012-02,2023-01-12,2023,True,ICSA,RONDS,RONDS Equipment Predictive Maintenance Solution,High,8.2,2,False,0.00701,CWE-22;CWE-200,2,Critical Manufacturing,China,False,False,False,False,False
ICSA-23-012-03,2023-01-12,2023,True,ICSA,InHand Networks,InHand Networks InRouter,Critical,10.0,5,False,0.01653,CWE-78;CWE-284;CWE-319;CWE-330;CWE-760,5,Energy; Critical Manufacturing; Transportation Systems; Healthcare and Public Health,China,True,True,False,False,False
ICSA-23-012-04,2023-01-12,2023,True,ICSA,Panasonic,Panasonic Sanyo CCTV Network Camera,High,7.5,1,False,0.00332,CWE-352,1,Commercial Facilities,Japan,False,False,False,False,False
ICSA-23-012-05,2023-01-12,2023,True,ICSA,SAUTER Controls,SAUTER Controls Nova 200 - 220 Series (PLC 6),Critical,9.8,2,False,0.0071,CWE-306;CWE-319,2,"Critical Manufacturing, Energy",Switzerland,True,True,False,False,False
ICSA-23-012-06,2023-01-12,2023,True,ICSA,Johnson Controls Inc.,Johnson Controls Metasys,High,7.8,1,False,0.00418,CWE-522,1,Critical Manufacturing,Ireland,False,False,False,False,False
ICSA-23-012-07,2023-01-12,2023,True,ICSA,Hitachi Energy,Hitachi Energy Lumada APM,Medium,5.7,1,False,0.00372,CWE-284,1,Energy,Switzerland,True,True,False,False,False
ICSA-23-012-08,2023-01-12,2023,True,ICSA,Siemens,Siemens S7-1500 CPU devices,Medium,4.6,1,False,0.00293,CWE-1326,1,Multiple Critical Sectors,Germany,True,False,True,False,False
ICSA-23-012-09,2023-01-12,2023,True,ICSA,Siemens,Siemens Mendix SAML Module,Critical,9.3,1,False,0.0047,CWE-79,1,Multiple Critical Sectors,Germany,False,False,False,False,False
ICSA-23-012-10,2023-01-12,2023,True,ICSA,Siemens,Siemens Automation License Manager,High,8.2,1,False,0.00965,CWE-22;CWE-73,2,Multiple Critical Sectors,Germany,False,False,False,False,False
ICSA-23-012-11,2023-01-12,2023,True,ICSA,Siemens,Siemens Solid Edge before V2023 MP1,High,7.8,1,False,0.00279,CWE-119,1,Critical Manufacturing,Germany,False,False,False,False,False
ICSA-23-017-01,2023-01-17,2023,True,ICSA,GE Digital,GE Proficy Historian,Critical,9.8,5,False,0.00611,CWE-261;CWE-284;CWE-288;CWE-434,4,Multiple Critical Sectors,United States,False,False,False,False,False
ICSA-23-017-02,2023-01-17,2023,True,ICSA,Mitsubishi Electric,"Mitsubishi Electric MELSEC iQ-F, iQ-R Series (Update B)",Medium,5.9,1,False,0.01182,CWE-337,1,Critical Manufacturing,Japan,False,False,False,False,False
ICSA-23-017-03,2023-01-17,2023,True,ICSA,Siemens,Siemens SINEC INS,Critical,9.9,13,False,0.95404,CWE-22;CWE-77;CWE-78;CWE-290;CWE-326;CWE-330;CWE-444;CWE-787,8,Multiple Critical Sectors,Germany,False,False,False,False,False
ICSA-23-019-01,2023-01-19,2023,True,ICSA,Hitachi Energy,Hitachi Energy PCU400,High,7.5,2,False,0.92488,CWE-1357,1,Energy,Switzerland,True,True,False,False,False
ICSA-23-023-04,2024-01-23,2024,True,ICSA,Westermo,Westermo Lynx 206-F2G,High,8.0,8,False,0.00514,CWE-79;CWE-94;CWE-319;CWE-352;CWE-942,5,Multiple Critical Sectors,Sweden,False,False,False,False,False
ICSA-23-024-01,2023-01-24,2023,True,ICSA,XINJE,XINJE XD,High,7.3,2,False,0.02455,CWE-23;CWE-427,2,Critical Manufacturing; Energy,China,True,True,False,False,False
ICSA-23-024-02,2023-01-24,2023,True,ICSA,Socomec,SOCOMEC MODULYS GP (UPDATE A),Medium,5.7,1,False,0.00471,CWE-261,1,Energy,France,True,True,False,False,False
ICSA-23-026-01,2023-01-26,2023,True,ICSA,Delta Electronics,Delta Electronics CNCSoft ScreenEditor,High,7.8,1,False,0.04922,CWE-121,1,Critical Manufacturing,Taiwan,False,False,False,False,False
ICSA-23-026-02,2023-01-26,2023,True,ICSA,Econolite,Econolite EOS (Update A),Critical,9.8,2,False,0.00825,CWE-284;CWE-328,2,Transportation Systems,United States,False,False,False,False,False
ICSA-23-026-03,2023-01-26,2023,True,ICSA,Snap One,SnapOne Wattbox,High,7.5,4,False,0.00832,CWE-122;CWE-256;CWE-307;CWE-345,4,Critical Manufacturing,United States,False,False,False,False,False
ICSA-23-026-04,2023-01-26,2023,True,ICSA,Sierra Wireless,Sierra Wireless AirLink Router with ALEOS Software,High,8.0,2,False,0.1228,CWE-88;CWE-200,2,Multiple Critical Sectors,Canada,False,False,False,False,False
ICSA-23-026-05,2023-01-26,2023,True,ICSA,Mitsubishi Electric,Mitsubishi Electric MELFA SD SQ series and F-series Robot Controllers,High,7.5,1,False,0.01144,CWE-489,1,Critical Manufacturing,Japan,False,False,False,False,False
ICSA-23-026-06,2023-01-26,2023,True,ICSA,Rockwell Automation,Rockwell Automation products using GoAhead Web Server,Critical,9.8,2,False,0.66982,CWE-416;CWE-835,2,Multiple Critical Sectors,United States,True,False,True,False,False
ICSA-23-026-07,2023-01-26,2023,True,ICSA,Landis+Gyr,Landis+Gyr E580,Low,3.9,1,False,0.00353,CWE-784,1,Multiple Critical Sectors,Switzerland,False,False,False,False,False
ICSA-23-031-01,2023-01-31,2023,True,ICSA,Delta Electronics,Delta Electronics DOPSoft,High,7.8,2,False,0.00245,CWE-121;CWE-787,2,Critical Manufacturing,Taiwan,False,False,False,False,False
ICSA-23-033-01,2023-02-02,2023,True,ICSA,Delta Electronics,Delta Electronics DIAScreen,High,7.8,3,False,0.02163,CWE-119;CWE-121;CWE-787,3,Energy,Taiwan,True,True,False,False,False
ICSA-23-033-02,2023-02-02,2023,True,ICSA,Mitsubishi Electric,Mitsubishi Electric GOT2000 Series and GT SoftGOT2000,Medium,6.8,2,False,0.00683,CWE-290;CWE-1021,2,Critical Manufacturing,Japan,False,False,False,False,False
ICSA-23-033-03,2023-02-02,2023,True,ICSA,Baicells Technologies,Baicells Nova,Critical,9.8,1,False,0.01643,CWE-77,1,Communications,United States,False,False,False,False,False
ICSA-23-033-04,2023-02-02,2023,True,ICSA,Delta Electronics,Delta Electronics DVW-W02W2-E2,Critical,9.9,1,False,0.18158,CWE-78,1,Critical Manufacturing,Taiwan,False,False,False,False,False
ICSA-23-033-05,2023-02-02,2023,True,ICSA,Delta Electronics,Delta Electronics DX-2100-L1-CN,Critical,9.0,2,False,0.02354,CWE-78;CWE-79,2,Critical Manufacturing,Taiwan,False,False,False,False,False
ICSA-23-037-01,2023-02-06,2023,True,ICSA,EnOcean Edge Inc (Subsidiary of EnOcean GmbH),EnOcean SmartServer,Medium,6.3,1,False,0.0025,CWE-798,1,Information Technology,United States,False,False,False,False,False
ICSA-23-040-01,2023-02-09,2023,True,ICSA,ControlByWeb,"ControlByWeb X-400, X-600M",Critical,9.1,2,False,0.00898,CWE-79;CWE-94,2,Multiple Critical Sectors,United States,False,False,False,False,False
ICSA-23-040-02,2023-02-09,2023,True,ICSA,"LS ELECTRIC, LS Industrial Systems (LSIS) Co. Ltd",LS Electric XBC-DN32U,Critical,9.8,7,False,0.00724,CWE-284;CWE-306;CWE-319;CWE-788,4,Multiple Critical Sectors,South Korea,False,False,False,False,False
ICSA-23-040-03,2023-02-09,2023,True,ICSA,Johnson Controls Inc.,Johnson Controls System Configuration Tool (SCT),High,7.5,2,False,0.00546,CWE-614;CWE-1004,2,Critical Manufacturing,Ireland,False,False,False,False,False
ICSA-23-040-04,2023-02-09,2023,True,ICSA,Horner Automation,Horner Automation Cscape Envision RV,High,7.8,3,False,0.00232,CWE-125;CWE-787,2,Critical Manufacturing,United States,False,False,False,False,False
ICSA-23-045-01,2023-02-14,2023,True,ICSA,Weintek,Weintek EasyBuilder Pro cMT Series,Critical,9.3,1,False,0.21846,CWE-29,1,Critical Manufacturing,Taiwan,False,False,False,False,False
ICSA-23-047-01,2023-02-16,2023,True,ICSA,Siemens,Siemens Solid Edge,High,7.8,37,False,0.02775,CWE-121;CWE-122;CWE-125;CWE-787,4,Critical Manufacturing,Germany,False,False,False,False,False
ICSA-23-047-02,2023-02-16,2023,True,ICSA,Siemens,Siemens SCALANCE X-200 IRT,High,7.5,1,False,0.28966,CWE-20,1,Multiple Critical Sectors,Germany,False,False,False,False,False
ICSA-23-047-03,2023-02-16,2023,True,ICSA,Siemens,Siemens Brownfield Connectivity Client,Critical,9.8,4,False,0.82612,CWE-78;CWE-295;CWE-327;CWE-404,4,Critical Manufacturing,Germany,False,False,False,False,False
ICSA-23-047-04,2023-02-16,2023,True,ICSA,Siemens,Siemens Brownfield Connectivity Gateway,High,7.5,8,False,0.0995,CWE-20;CWE-119;CWE-295;CWE-400;CWE-668;CWE-770,6,Critical Manufacturing,Germany,False,False,False,False,False
ICSA-23-047-05,2023-02-16,2023,True,ICSA,Siemens,Siemens SiPass integrated AC5102/ACC-G2 and ACC-AP,High,7.8,1,False,0.00229,CWE-20,1,Critical Manufacturing,Germany,False,False,False,False,False
ICSA-23-047-06,2023-02-16,2023,True,ICSA,Siemens,Siemens Simcenter Femap,High,7.8,2,False,0.0024,CWE-125;CWE-787,2,Critical Manufacturing,Germany,False,False,False,False,False
ICSA-23-047-07,2023-02-16,2023,True,ICSA,Siemens,Siemens TIA Project Server,Medium,6.7,1,False,0.00192,CWE-426,1,Critical Manufacturing,Germany,False,False,False,False,False
ICSA-23-047-08,2023-02-16,2023,True,ICSA,Siemens,Siemens RUGGEDCOM APE1808,High,7.0,7,False,0.00157,CWE-367,1,Multiple Critical Sectors,Germany,False,False,False,False,False
ICSA-23-047-09,2023-02-16,2023,True,ICSA,Siemens,Siemens SIMATIC Industrial Products,High,7.9,1,False,0.00146,CWE-367,1,Multiple Critical Sectors,Germany,True,False,True,False,False
ICSA-23-047-10,2023-02-16,2023,True,ICSA,Siemens,Siemens COMOS,Critical,10.0,1,False,0.00813,CWE-120,1,Critical Manufacturing,Germany,False,False,False,False,False
ICSA-23-047-11,2023-02-16,2023,True,ICSA,Siemens,Siemens Mendix,Medium,5.9,1,False,0.00498,CWE-284,1,Multiple Critical Sectors,Germany,False,False,False,False,False
ICSA-23-047-12,2023-02-16,2023,True,ICSA,Siemens,"Siemens JT Open, JT Utilities, and Parasolid",High,7.8,3,False,0.00226,CWE-119;CWE-121,2,Multiple Critical Sectors,Germany,False,False,False,False,False
ICSA-23-047-13,2023-02-16,2023,True,ICSA,Sub-IoT project,Sub-IoT DASH 7 Alliance Protocol,Medium,5.3,1,False,0.00817,CWE-787,1,Multiple Critical Sectors,Open-source,False,False,False,False,False
ICSA-23-052-01,2023-02-21,2023,True,ICSA,Mitsubishi Electric,Mitsubishi Electric MELSOFT iQ AppPortal,Critical,9.8,2,False,0.21079,CWE-345;CWE-444,2,Critical Manufacturing,Japan,False,False,False,False,False
ICSA-23-054-01,2023-02-23,2023,True,ICSA,PTC,PTC ThingWorx Edge,Critical,9.8,2,False,0.11784,CWE-129;CWE-190,2,Multiple Critical Sectors,United States,False,False,False,False,False
ICSA-23-059-01,2023-02-28,2023,True,ICSA,Hitachi Energy,Hitachi Energy Gateway Station,High,7.5,2,False,0.73188,CWE-476;CWE-835,2,Energy,Switzerland,True,True,False,False,False
ICSA-23-059-02,2023-02-28,2023,True,ICSA,Hitachi Energy,Hitachi Energy Gateway Station,High,7.5,3,False,0.00773,CWE-20;CWE-120,2,Energy,Switzerland,True,True,False,False,False
ICSA-23-061-01,2023-03-02,2023,True,ICSA,Mitsubishi Electric,Mitsubishi Electric MELSEC iQ-F Series (Update A),High,7.5,1,False,0.01174,CWE-256,1,Critical Manufacturing,Japan,False,False,False,False,False
ICSA-23-061-02,2023-03-02,2023,True,ICSA,Baicells Technologies,Baicells Nova,Critical,9.8,1,False,0.01193,CWE-77,1,Communications,United States,False,False,False,False,False
ICSA-23-061-03,2023-03-02,2023,True,ICSA,Rittal,Rittal CMC III Access systems,Medium,4.8,1,False,0.00261,CWE-284,1,Commercial Facilities; Communications; Critical Manufacturing; Energy; Information Technology,Germany,True,True,False,False,False
ICSA-23-068-01,2023-03-09,2023,True,ICSA,Akuvox,Akuvox E11 Publication,Critical,9.8,13,False,0.01335,CWE-94;CWE-200;CWE-257;CWE-284;CWE-287;CWE-306;CWE-321;CWE-329;CWE-640;CWE-646;CWE-798;CWE-862;CWE-912,13,Information Technology,China,False,False,False,False,False
ICSA-23-068-02,2023-03-09,2023,True,ICSA,B&R Industrial Automation GmbH,B&R Systems Diagnostics Manager,Medium,6.1,1,False,0.00564,CWE-79,1,Chemical; Critical Manufacturing; Energy,Austria,True,True,False,False,False
ICSA-23-068-03,2023-03-09,2023,True,ICSA,ABB,ABB Ability Symphony Plus,High,8.8,1,False,0.00347,CWE-287,1,Chemical; Critical Manufacturing; Dams; Energy; Food and Agriculture; Water and Wastewater,Switzerland,True,True,True,False,False
ICSA-23-068-04,2023-03-09,2023,True,ICSA,"Step Tools, Inc",STEP Tools Third-Party,Low,2.2,1,False,0.00166,CWE-476,1,Multiple Critical Sectors,United States,False,False,False,False,False
ICSA-23-068-05,2023-02-28,2023,True,ICSA,Hitachi Energy,"Hitachi Energy Relion 670, 650 and SAM600-IO Series (Update B)",Medium,4.5,1,False,0.00353,CWE-345,1,Energy,Switzerland,True,True,False,False,False
ICSA-23-073-01,2023-03-14,2023,True,ICSA,Omron,Omron CJ1m PLC,Critical,9.1,1,False,0.00621,CWE-284,1,Critical Manufacturing,Japan,False,False,False,False,False
ICSA-23-073-02,2023-03-14,2023,True,ICSA,Autodesk,Autodesk FBX SDK,High,7.8,3,False,0.00352,CWE-125;CWE-416;CWE-787,3,Critical Manufacturing,United States,False,False,False,False,False
ICSA-23-073-03,2023-03-14,2023,True,ICSA,GE Digital,GE iFIX,High,7.8,1,False,0.00571,CWE-94,1,Multiple Critical Sectors,United States,False,False,False,False,False
ICSA-23-073-04,2023-03-14,2023,True,ICSA,AVEVA,AVEVA Plant SCADA and AVEVA Telemetry Server,Critical,9.8,1,False,0.00678,CWE-285,1,Critical Manufacturing,United Kingdom,False,False,False,False,False
ICSA-23-075-01,2023-03-16,2023,True,ICSA,Siemens,"Siemens SCALANCE, RUGGEDCOM Third-Party",Critical,9.8,65,True,0.94921,CWE-20;CWE-78;CWE-120;CWE-125;CWE-191;CWE-200;CWE-203;CWE-248;CWE-276;CWE-287;CWE-295;CWE-362;CWE-404;CWE-415;CWE-416;CWE-476;CWE-667;CWE-763;CWE-770;CWE-787;CWE-863;CWE-1286,22,Multiple Critical Sectors,Germany,False,False,False,False,True
ICSA-23-075-02,2023-03-16,2023,True,ICSA,Siemens,Siemens RUGGEDCOM CROSSBOW V5.3,High,8.8,2,False,0.00805,CWE-89;CWE-862,2,Multiple Critical Sectors,Germany,False,False,False,False,False
ICSA-23-075-03,2023-03-16,2023,True,ICSA,Siemens,Siemens RUGGEDCOM CROSSBOW V5.2,Medium,6.6,2,False,0.00632,CWE-862,1,Multiple Critical Sectors,Germany,False,False,False,False,False
ICSA-23-075-04,2023-03-16,2023,True,ICSA,Siemens,Siemens SCALANCE W1750D Devices,High,7.4,4,False,0.59501,CWE-20;CWE-326;CWE-415;CWE-416,4,Multiple Critical Sectors,Germany,False,False,False,False,False
ICSA-23-075-05,2023-03-16,2023,True,ICSA,Siemens,Siemens Mendix SAML Module,Critical,9.1,1,False,0.00581,CWE-303,1,Multiple Critical Sectors,Germany,False,False,False,False,False
ICSA-23-075-06,2023-03-16,2023,True,ICSA,Honeywell,Honeywell OneWireless Wireless Device Manager,Critical,9.8,3,False,0.00527,CWE-77;CWE-306;CWE-330,3,Multiple Critical Sectors,United States,False,False,False,False,False
ICSA-23-075-07,2023-03-16,2023,True,ICSA,Rockwell Automation,Rockwell Automation Modbus TCP AOI Server,Medium,5.3,1,False,0.00849,CWE-200,1,Multiple Critical Sectors,United States,False,False,False,False,False
ICSA-23-080-01,2023-03-21,2023,True,ICSA,Keysight Technologies Inc.,Keysight N6854A Geolocation Server and N6841A RF Sensor,High,7.8,1,False,0.00785,CWE-502,1,Communications; Government Facilities,United States,False,False,False,False,False
ICSA-23-080-02,2023-03-21,2023,True,ICSA,Delta Electronics,Delta Electronics InfraSuite Device Master,Critical,9.8,13,False,0.5005,CWE-22;CWE-77;CWE-284;CWE-287;CWE-306;CWE-502;CWE-732;CWE-749,8,Energy,Taiwan,True,True,False,False,False
ICSA-23-080-04,2023-03-21,2023,True,ICSA,Siemens,Siemens RADIUS Client of SIPROTEC 5 Devices,High,7.5,1,False,0.01056,CWE-835,1,Energy,Germany,True,True,False,False,False
ICSA-23-080-05,2023-03-21,2023,True,ICSA,VISAM,VISAM VBASE Automation Base,Medium,5.5,7,False,0.04148,CWE-611,1,Multiple Critical Sectors,Germany,False,False,False,False,False
ICSA-23-080-06,2023-03-21,2023,True,ICSA,Rockwell Automation,Rockwell Automation ThinManager,Critical,9.8,3,False,0.77225,CWE-22;CWE-122,2,Critical Manufacturing,United States,False,False,False,False,False
ICSA-23-080-07,2023-03-21,2023,True,ICSA,Siemens,Siemens SCALANCE Third-Party,High,8.1,63,False,0.82612,CWE-20;CWE-78;CWE-120;CWE-125;CWE-191;CWE-200;CWE-203;CWE-209;CWE-248;CWE-276;CWE-287;CWE-295;CWE-362;CWE-404;CWE-415;CWE-416;CWE-476;CWE-763;CWE-770;CWE-787;CWE-863;CWE-1286;CWE-1321,23,Multiple Critical Sectors,Germany,False,False,False,False,True
ICSA-23-082-01,2023-03-23,2023,True,ICSA,RoboDK,RoboDK,High,7.9,1,False,0.00183,CWE-732,1,Critical Manufacturing,Canada,False,False,False,False,False
ICSA-23-082-02,2023-03-23,2023,True,ICSA,CP Plus,CP-Plus KVMS Pro,High,7.8,1,False,0.0041,CWE-522,1,Commercial Facilities,India,False,False,False,False,False
ICSA-23-082-03,2023-03-23,2023,True,ICSA,SAUTER,SAUTER EY-modulo 5 Building Automation Stations,High,8.8,5,False,0.00616,CWE-79;CWE-319;CWE-434,3,Critical Manufacturing; Energy,Switzerland,True,True,False,False,False
ICSA-23-082-04,2023-03-23,2023,True,ICSA,Schneider Electric,Schneider Electric IGSS,High,8.8,8,False,0.06482,CWE-20;CWE-22;CWE-306;CWE-345;CWE-502,5,Commercial Facilities; Critical Manufacturing; Energy,France,True,True,False,False,False
ICSA-23-082-05,2023-03-23,2023,True,ICSA,ABB,ABB Pulsar Plus Controller,Medium,6.3,2,False,0.00427,CWE-330;CWE-352,2,Chemical; Critical Manufacturing; Dams; Energy; Food and Agriculture; Water and Wastewater Systems,Switzerland,True,True,False,False,False
ICSA-23-082-06,2023-03-23,2023,True,ICSA,"ProPump and Controls, Inc.",ProPump and Controls Osprey Pump Controller (Update A),Critical,9.8,9,False,0.17571,CWE-77;CWE-78;CWE-79;CWE-259;CWE-288;CWE-331;CWE-352;CWE-598,8,Multiple Critical Sectors,United States,False,False,False,False,False
ICSA-23-089-01,2023-02-14,2023,True,ICSA,Hitachi Energy,Hitachi Energy IEC 61850 MMS-Server (Update B),Medium,5.9,1,False,0.01105,CWE-404,1,Energy,Switzerland,True,True,False,False,False
ICSA-23-094-01,2023-04-04,2023,True,ICSA,Nexx,Nexx Smart Home Device,High,8.6,5,False,0.00826,CWE-20;CWE-287;CWE-639;CWE-798,4,Commercial Facilities,United States,False,False,False,False,False
ICSA-23-096-01,2023-04-06,2023,True,ICSA,Industrial Control Links,Industrial Control Links ScadaFlex II SCADA Controllers,Critical,9.1,1,False,0.37295,CWE-73,1,Critical Manufacturing,United States,False,False,False,False,False
ICSA-23-096-02,2023-04-06,2023,True,ICSA,JTEKT ELECTRONICS CORPORATION,JTEKT Screen Creator Advance 2,High,7.8,7,False,0.00334,CWE-125;CWE-416;CWE-787,3,Critical Manufacturing,Japan,False,False,False,False,False
ICSA-23-096-03,2023-04-06,2023,True,ICSA,JTEKT ELECTRONICS CORPORATION,JTEKT Kostac PLC,High,7.8,3,False,0.00318,CWE-125;CWE-416,2,Critical Manufacturing,Japan,False,False,False,False,False
ICSA-23-096-04,2023-04-06,2023,True,ICSA,Korenix,Korenix Jetwave,High,8.8,3,False,0.0383,CWE-77;CWE-400,2,Communications,Taiwan,False,False,False,False,False
ICSA-23-096-05,2023-04-06,2023,True,ICSA,Hitachi Energy,Hitachi Energy MicroSCADA System Data Manager SDM600,Critical,9.9,5,False,0.01442,CWE-269;CWE-285;CWE-404;CWE-434,4,Energy,Switzerland,True,True,False,False,False
ICSA-23-096-06,2023-04-06,2023,True,ICSA,mySCADA Technologies,mySCADA myPRO,Critical,9.9,5,False,0.4481,CWE-78,1,Energy; Food and Agriculture; Transportation Systems; Water and Wastewater Systems,Czech Republic,True,True,False,False,False
ICSA-23-101-01,2023-04-11,2023,True,ICSA,FANUC Corporation,FANUC ROBOGUIDE-HandlingPRO,Medium,6.8,1,False,0.00943,CWE-22,1,Critical Manufacturing,Japan,False,False,False,False,False
ICSA-23-103-01,2023-04-13,2023,True,ICSA,Siemens,Siemens Adaptec maxView Application,Medium,6.2,1,False,0.00092,CWE-200,1,Multiple Critical Sectors,Germany,True,False,True,False,False
ICSA-23-103-02,2023-04-13,2023,True,ICSA,Siemens,Siemens JT Open and JT Utilities,High,7.8,1,False,0.00217,CWE-125,1,Multiple Critical Sectors,Germany,False,False,False,False,False
ICSA-23-103-03,2023-04-13,2023,True,ICSA,Siemens,Siemens in OPC Foundation Local Discovery Server,High,7.8,1,False,0.00175,CWE-20,1,Multiple Critical Sectors,Germany,True,False,True,False,False
ICSA-23-103-04,2023-04-13,2023,True,ICSA,Siemens,Siemens TIA Portal,High,7.3,1,False,0.00249,CWE-20,1,Multiple Critical Sectors,Germany,False,False,False,False,False
ICSA-23-103-05,2023-04-13,2023,True,ICSA,Siemens,Siemens SCALANCE X-200IRT Devices,Medium,6.7,1,False,0.00256,CWE-326,1,Multiple Critical Sectors,Germany,False,False,False,False,False
ICSA-23-103-06,2023-04-13,2023,True,ICSA,Siemens,Siemens SIPROTEC 5 Devices,High,7.5,1,False,0.00935,CWE-476,1,Multiple Critical Sectors,Germany,False,False,False,False,False
ICSA-23-103-07,2023-04-13,2023,True,ICSA,Siemens,Siemens CPCI85 Firmware of SICAM A8000 Devices,Critical,9.8,1,False,0.02836,CWE-77,1,Multiple Critical Sectors,Germany,False,False,False,False,False
ICSA-23-103-08,2023-04-13,2023,True,ICSA,Siemens,Siemens Mendix Forgot Password Module,Medium,5.3,1,False,0.00458,CWE-204,1,Multiple Critical Sectors,Germany,False,False,False,False,False
ICSA-23-103-09,2023-04-13,2023,True,ICSA,Siemens,Siemens SCALANCE XCM332,Critical,9.8,10,False,0.3216,CWE-276;CWE-362;CWE-416;CWE-770;CWE-787;CWE-1286,6,Multiple Critical Sectors,Germany,False,False,False,False,False
ICSA-23-103-10,2023-04-13,2023,True,ICSA,Siemens,Siemens Industrial Products,High,7.5,3,False,0.00954,CWE-416;CWE-770;CWE-833,3,Multiple Critical Sectors,Germany,True,False,True,False,False
ICSA-23-103-11,2023-04-13,2023,True,ICSA,Siemens,Siemens Teamcenter Visualization and JT2Go,High,7.8,1,False,0.00261,CWE-121,1,Multiple Critical Sectors,Germany,False,False,False,False,False
ICSA-23-103-12,2023-04-13,2023,True,ICSA,Siemens,Siemens Polarion ALM,Medium,5.3,1,False,0.0059,CWE-611,1,Multiple Critical Sectors,Germany,False,False,False,False,False
ICSA-23-103-13,2023-04-13,2023,True,ICSA,Siemens,Siemens SCALANCE Switch Families,Critical,9.8,2,False,0.02491,CWE-190,1,Multiple Critical Sectors,Germany,False,False,False,False,False
ICSA-23-103-14,2023-04-13,2023,True,ICSA,Datakit,Datakit CrossCAD-WARE,High,7.8,5,False,0.00235,CWE-125;CWE-787,2,Critical Manufacturing,France,False,False,False,False,False
ICSA-23-103-15,2023-04-13,2023,True,ICSA,Mitsubishi Electric India,Mitsubishi Electric GOC35 Series,High,7.5,1,False,0.00686,CWE-364,1,Critical Manufacturing,India,False,False,False,False,False
ICSA-23-108-01,2023-04-18,2023,True,ICSA,Omron,Omron CSCJ Series,High,7.5,1,False,0.00536,CWE-306,1,Critical Manufacturing,Japan,False,False,False,False,False
ICSA-23-108-02,2023-04-18,2023,True,ICSA,Schneider Electric,Schneider Electric APC Easy UPS Online Monitoring Software (Update A),Critical,9.8,3,False,0.01315,CWE-78;CWE-306,2,Critical Manufacturing,France,False,False,False,False,False
ICSA-23-110-01,2023-04-20,2023,True,ICSA,INEA,INEA ME RTU,Critical,10.0,1,False,0.01663,CWE-78,1,Energy; Water and Wastewater Systems; Transportation Systems,Slovenia,True,True,False,False,False
ICSA-23-115-01,2023-04-25,2023,True,ICSA,Keysight Technologies Inc.,Keysight N8844A Data Analytics Web Service (Update A),Critical,9.8,1,False,0.00799,CWE-502,1,Communications; Government Facilities,United States,False,False,False,False,False
ICSA-23-115-02,2023-04-25,2023,True,ICSA,Scada-LTS,Scada-LTS Third Party Component,Medium,6.5,1,False,0.01534,CWE-79,1,Energy,Open-source,True,True,False,False,False
ICSA-23-122-01,2023-05-02,2023,True,ICSA,Mitsubishi Electric,Mitsubishi Electric Factory Automation Products,High,8.8,9,False,0.00447,CWE-1395,1,Critical Manufacturing,Japan,False,False,False,False,False
ICSA-23-129-02,2023-05-09,2023,True,ICSA,Hitachi Energy,Hitachi Energy MSM,Critical,9.8,8,False,0.08848,CWE-94;CWE-119;CWE-294;CWE-307;CWE-331;CWE-476,6,Energy,Switzerland,True,True,False,False,False
ICSA-23-131-01,2023-05-11,2023,True,ICSA,Siemens,Siemens Solid Edge,High,7.8,3,False,0.00226,CWE-119;CWE-125;CWE-476,3,Multiple Critical Sectors,Germany,False,False,False,False,False
ICSA-23-131-02,2023-05-11,2023,True,ICSA,Siemens,Siemens SCALANCE W1750D,High,8.4,1,False,0.00889,CWE-20,1,Multiple Critical Sectors,Germany,False,False,False,False,False
ICSA-23-131-03,2023-05-11,2023,True,ICSA,Siemens,Siemens Siveillance Video Event and Management Servers,Critical,9.9,2,False,0.01114,CWE-502,1,Communications; Commercial Facilities,Germany,False,False,False,False,False
ICSA-23-131-04,2023-05-11,2023,True,ICSA,Siemens,Siemens SIMATIC Cloud Connect 7,High,7.2,7,False,0.01535,CWE-22;CWE-77;CWE-200;CWE-259;CWE-544;CWE-552,6,Multiple Critical Sectors,Germany,True,False,True,False,False
ICSA-23-131-05,2023-05-11,2023,True,ICSA,Siemens,Siemens SINEC NMS Third-Party,Critical,9.8,9,False,0.1654,CWE-121;CWE-319;CWE-415;CWE-416;CWE-440;CWE-1286,6,Multiple Critical Sectors,Germany,False,False,False,False,False
ICSA-23-131-06,2023-05-11,2023,True,ICSA,Siemens,Siemens SCALANCE LPE9403,Critical,9.9,4,False,0.01297,CWE-22;CWE-77;CWE-122;CWE-378,4,Multiple Critical Sectors,Germany,False,False,False,False,False
ICSA-23-131-07,2023-05-11,2023,True,ICSA,Sierra Wireless,Sierra Wireless AirVantage,High,8.1,2,False,0.00403,CWE-200;CWE-287,2,Multiple Critical Sectors,Canada,False,False,False,False,False
ICSA-23-131-08,2023-05-11,2023,True,ICSA,Teltonika,Teltonika Remote Management System and RUT Model Routers,Critical,10.0,8,False,0.01548,CWE-15;CWE-78;CWE-79;CWE-204;CWE-287;CWE-830;CWE-918,7,Water and Wastewater Systems; Energy; Critical Manufacturing,Lithuania,True,True,False,False,False
ICSA-23-131-09,2023-05-11,2023,True,ICSA,Rockwell Automation,Rockwell Automation Kinetix 5500,Critical,9.4,1,False,0.01253,CWE-284,1,Energy; Water and Wastewater Systems; Chemical; Critical Manufacturing,United States,True,True,False,False,False
ICSA-23-131-10,2023-05-11,2023,True,ICSA,Rockwell Automation,Rockwell Automation Arena Simulation Software,High,7.8,3,False,0.009,CWE-119,1,Critical Manufacturing,United States,False,False,False,False,False
ICSA-23-131-11,2023-05-11,2023,True,ICSA,BirdDog,BirdDog Cameras and Encoders,High,8.4,2,False,0.00462,CWE-352;CWE-798,2,Commercial Facilities,Australia,False,False,False,False,False
ICSA-23-131-12,2023-05-11,2023,True,ICSA,SDG Technologies,SDG PnPSCADA,Critical,9.8,1,False,0.08079,CWE-89,1,Multiple Critical Sectors,South Africa,False,False,False,False,False
ICSA-23-131-13,2023-05-11,2023,True,ICSA,PTC,PTC Vuforia Studio,High,8.0,6,False,0.00657,CWE-22;CWE-285;CWE-352;CWE-434;CWE-522,5,Multiple Critical Sectors,United States,False,False,False,False,False
ICSA-23-131-14,2023-05-11,2023,True,ICSA,Rockwell Automation,Rockwell Automation PanelView 800,Critical,9.8,2,False,0.03524,CWE-125;CWE-787,2,Energy; Water and Wastewater Systems; Telecommunications,United States,True,True,False,False,False
ICSA-23-131-15,2023-05-11,2023,True,ICSA,Rockwell Automation,Rockwell Automation ThinManager,High,7.5,1,False,0.00666,CWE-326,1,Critical Manufacturing,United States,False,False,False,False,False
ICSA-23-136-01,2023-05-16,2023,True,ICSA,Snap One,Snap One OvrC Cloud (Update A),Critical,9.2,10,False,0.00764,CWE-20;CWE-204;CWE-284;CWE-290;CWE-306;CWE-319;CWE-345;CWE-601;CWE-798;CWE-912,10,Communications,United States,False,False,False,False,False
ICSA-23-136-02,2023-05-16,2023,True,ICSA,Rockwell Automation,Rockwell ArmorStart,High,7.0,10,False,0.0062,CWE-20,1,Critical Manufacturing,United States,False,False,False,False,False
ICSA-23-136-03,2023-05-16,2023,True,ICSA,Rockwell Automation,Rockwell Automation FactoryTalk Vantagepoint,High,7.1,1,False,0.00378,CWE-345,1,Critical Manufacturing,United States,False,False,False,False,False
ICSA-23-138-01,2023-05-18,2023,True,ICSA,Carlo Gavazzi,Carlo Gavazzi Powersoft,High,7.5,1,False,0.02764,CWE-22,1,Critical Manufacturing,Switzerland,False,False,False,False,False
ICSA-23-138-02,2023-05-18,2023,True,ICSA,Mitsubishi Electric,Mitsubishi Electric MELSEC WS Series (Update A),High,7.5,1,False,0.01132,CWE-489,1,Critical Manufacturing,Japan,False,False,False,False,False
ICSA-23-138-03,2023-05-18,2023,True,ICSA,Hitachi Energy,Hitachi Energy MicroSCADA Pro/X SYS600,Medium,6.7,1,False,0.05261,CWE-863,1,Energy,Switzerland,True,True,False,False,False
ICSA-23-138-04,2023-05-18,2023,True,ICSA,Johnson Controls Inc.,Johnson Controls OpenBlue Enterprise Manager Data Collector,Critical,10.0,2,False,0.01095,CWE-200;CWE-287,2,Critical Manufacturing,Ireland,False,False,False,False,False
ICSA-23-143-01,2023-05-23,2023,True,ICSA,Hitachi Energy,"Hitachi Energy's AFS65x, AFS67x, AFR67x and AFF66x Products",High,8.1,2,False,0.02445,CWE-416,1,Energy,Switzerland,True,True,False,False,False
ICSA-23-143-02,2023-05-23,2023,True,ICSA,Hitachi Energy,Hitachi Energy’s RTU500 Series Product (UPDATE B),Critical,9.8,6,False,0.87816,CWE-120;CWE-125;CWE-208;CWE-835;CWE-843,5,Energy,Switzerland,True,True,False,False,False
ICSA-23-143-03,2023-05-23,2023,True,ICSA,Mitsubishi Electric,Mitsubishi Electric MELSEC Series CPU Module (Update D),Critical,10.0,1,False,0.0344,CWE-120,1,Critical Manufacturing,Japan,False,False,False,False,False
ICSA-23-143-04,2023-05-23,2023,True,ICSA,Horner Automation,Horner Automation Cscape,High,7.8,10,False,0.00238,CWE-119;CWE-121;CWE-125;CWE-416;CWE-824,5,Critical Manufacturing,United States,False,False,False,False,False
ICSA-23-145-01,2023-05-25,2023,True,ICSA,Moxa,Moxa MXsecurity Series,Critical,9.8,2,False,0.01456,CWE-77;CWE-798,2,Multiple Critical Sectors,Taiwan,False,False,False,False,False
ICSA-23-150-01,2023-05-30,2023,True,ICSA,Advantech,Advantech WebAccess/SCADA,High,7.3,1,False,0.00143,CWE-351,1,Critical Manufacturing; Energy; Water and Wastewater Systems,Taiwan,True,True,False,False,False
ICSA-23-152-01,2023-06-01,2023,True,ICSA,Advantech,Advantech WebAccess-SCADA,High,7.2,3,False,0.00898,CWE-94;CWE-434,2,Critical Manufacturing; Energy; Water and Wastewater Systems,Taiwan,True,True,False,False,False
ICSA-23-152-02,2023-06-01,2023,True,ICSA,HID Global,HID Global SAFE,High,7.3,1,False,0.00556,CWE-471,1,Government Facilities; Transportation Systems; Commercial Facilities; Healthcare and Public Health,United States,False,False,False,False,False
ICSA-23-157-01,2023-06-06,2023,True,ICSA,Delta Electronics,Delta Electronics CNCSoft-B DOPSoft (Update),High,7.8,3,False,0.00347,CWE-121;CWE-122,2,Critical Manufacturing,Taiwan,False,False,False,False,False
ICSA-23-157-02,2023-06-06,2023,True,ICSA,Mitsubishi Electric,Mitsubishi Electric MELSEC iQ-R Series/iQ-F Series (Update C),High,8.7,4,False,0.0084,CWE-434;CWE-521;CWE-549;CWE-798,4,Critical Manufacturing,Japan,False,False,False,False,False
ICSA-23-159-01,2023-06-08,2023,True,ICSA,Atlas Copco,Atlas Copco Power Focus 6000,Medium,6.5,3,False,0.00559,CWE-312;CWE-319;CWE-334,3,Critical Manufacturing,Sweden,False,False,False,False,False
ICSA-23-159-02,2023-06-08,2023,True,ICSA,Sensormatic Electronics LLC (Subsidiary of Johnson Controls),Sensormatic Electronics Illustra Pro Gen 4,High,8.3,1,False,0.00674,CWE-489,1,Critical Manufacturing,Ireland,False,False,False,False,False
ICSA-23-164-01,2023-06-13,2023,True,ICSA,Datalogics,Datalogics Library Third-Party,Medium,5.5,1,False,0.00261,CWE-121,1,Multiple Critical Sectors,Italy,False,False,False,False,False
ICSA-23-164-02,2023-06-13,2023,True,ICSA,Rockwell Automation,Rockwell Automation FactoryTalk Services Platform,High,7.3,3,False,0.00384,CWE-287;CWE-321;CWE-346,3,Chemical; Commercial Facilities; Critical Manufacturing; Energy; Government Facilities; Water and Wastewater Systems,United States,True,True,False,False,False
ICSA-23-164-03,2023-06-13,2023,True,ICSA,Rockwell Automation,Rockwell Automation FactoryTalk Edge Gateway,High,7.1,1,False,0.01185,CWE-125,1,Food and Agriculture; Transportation Systems; Water and Wastewater Systems,United States,False,False,False,False,False
ICSA-23-164-04,2023-06-13,2023,True,ICSA,Rockwell Automation,Rockwell Automation FactoryTalk Transaction Manager,High,7.5,1,False,0.01221,CWE-400,1,Food and Agriculture; Transportation Systems; Water and Wastewater Systems,United States,False,False,False,False,False
ICSA-23-166-01,2023-06-15,2023,True,ICSA,SUBNET Solutions Inc.,SUBNET PowerSYSTEM Center,Medium,6.5,2,False,0.00582,CWE-79;CWE-294,2,Critical Manufacturing,Canada,False,False,False,False,False
ICSA-23-166-02,2023-06-15,2023,True,ICSA,Advantech,Advantech WebAccessSCADA,Critical,9.8,1,False,0.02798,CWE-822,1,Critical Manufacturing; Chemical; Energy; Water and Wastewater Systems,Taiwan,True,True,False,False,False
ICSA-23-166-03,2023-06-15,2023,True,ICSA,Siemens,Siemens SICAM Q200 Devices,Critical,9.9,6,False,0.01625,CWE-20;CWE-352;CWE-384;CWE-732,4,Multiple Critical Sectors,Germany,False,False,False,False,False
ICSA-23-166-04,2023-06-15,2023,True,ICSA,Siemens,Siemens SIMOTION,Medium,4.6,1,False,0.00276,CWE-213,1,Multiple Critical Sectors,Germany,False,False,False,False,False
ICSA-23-166-05,2023-06-15,2023,True,ICSA,Siemens,Siemens SIMATIC WinCC,Low,3.9,1,False,0.00291,CWE-477,1,Multiple Critical Sectors,Germany,True,False,True,False,False
ICSA-23-166-06,2023-06-15,2023,True,ICSA,Siemens,Siemens TIA Portal,Medium,6.2,1,False,0.0012,CWE-693,1,Multiple Critical Sectors,Germany,False,False,False,False,False
ICSA-23-166-07,2023-06-15,2023,True,ICSA,Siemens,Siemens SIMATIC WinCC V7,High,7.8,1,False,0.00212,CWE-732,1,Multiple Critical Sectors,Germany,True,False,True,False,False
ICSA-23-166-08,2023-06-15,2023,True,ICSA,Siemens,Siemens SIMATIC STEP 7 and Derived Products,Critical,9.9,1,False,0.01,CWE-94,1,Multiple Critical Sectors,Germany,True,False,True,False,False
ICSA-23-166-09,2023-06-15,2023,True,ICSA,Siemens,Siemens Solid Edge,High,7.8,1,False,0.0044,CWE-125,1,Multiple Critical Sectors,Germany,False,False,False,False,False
ICSA-23-166-10,2023-06-15,2023,True,ICSA,Siemens,Siemens SIMATIC S7-1500 TM MFP BIOS,Critical,9.8,53,False,0.05871,CWE-20;CWE-119;CWE-120;CWE-125;CWE-190;CWE-193;CWE-276;CWE-311;CWE-362;CWE-400;CWE-415;CWE-416;CWE-455;CWE-476;CWE-617;CWE-755;CWE-763;CWE-787;CWE-835,19,Multiple Critical Sectors,Germany,True,False,True,False,True
ICSA-23-166-11,2023-06-15,2023,True,ICSA,Siemens,Siemens SIMATIC S7-1500 TM MFP Linux Kernel,Critical,9.8,107,True,0.82612,CWE-20;CWE-78;CWE-119;CWE-120;CWE-121;CWE-125;CWE-190;CWE-203;CWE-284;CWE-287;CWE-295;CWE-305;CWE-311;CWE-326;CWE-327;CWE-362;CWE-400;CWE-401;CWE-404;CWE-415;CWE-416;CWE-455;CWE-457;CWE-459;CWE-476;CWE-667;CWE-668;CWE-787;CWE-824;CWE-835;CWE-843;CWE-863;CWE-923,33,Multiple Critical Sectors,Germany,True,False,True,False,True
ICSA-23-166-12,2023-06-15,2023,True,ICSA,Siemens,Siemens SINAMICS Medium Voltage Products,Critical,9.8,23,False,0.82612,CWE-20;CWE-78;CWE-125;CWE-276;CWE-287;CWE-295;CWE-404;CWE-416;CWE-770;CWE-787;CWE-1286,11,Chemical; Energy; Food and Agriculture; Water and Wastewater Systems,Germany,True,True,False,False,False
ICSA-23-166-13,2023-06-15,2023,True,ICSA,Siemens,Siemens SICAM A8000 Devices,High,7.2,3,False,0.47722,CWE-77;CWE-749;CWE-798,3,Multiple Critical Sectors,Germany,False,False,False,False,False
ICSA-23-166-14,2023-06-15,2023,True,ICSA,Siemens,Siemens Teamcenter Visualization and JT2Go,High,7.8,4,False,0.00217,CWE-119;CWE-125;CWE-476,3,Multiple Critical Sectors,Germany,False,False,False,False,False
ICSA-23-171-01,2023-06-20,2023,True,ICSA,Enphase,Enphase Envoy (Update A),Medium,6.3,1,False,0.01111,CWE-78,1,Energy,United States,True,True,False,False,False
ICSA-23-171-02,2023-06-20,2023,True,ICSA,Enphase,Enphase Installer Toolkit Android App (Update A),High,8.6,1,False,0.00571,CWE-798,1,Energy,United States,True,True,False,False,False
ICSA-23-173-02,2023-06-22,2023,True,ICSA,Advantech,Advantech R-SeeNet,Critical,9.8,2,False,0.00668,CWE-73;CWE-798,2,Critical Manufacturing; Energy; Water and Wastewater Systems,Taiwan,True,True,False,False,False
ICSA-23-173-03,2023-06-22,2023,True,ICSA,SpiderControl,SpiderControl SCADAWebServer,Medium,4.9,1,False,0.01049,CWE-22,1,Critical Manufacturing; Commercial Facilities,Switzerland,False,False,False,False,False
ICSA-23-178-01,2023-06-27,2023,True,ICSA,Hitachi Energy,Hitachi Energy FOXMAN-UN and UNEM Products,Medium,4.0,1,False,0.00241,CWE-117,1,Energy,Switzerland,True,True,False,False,False
ICSA-23-180-01,2023-06-29,2023,True,ICSA,Delta Electronics,Delta Electronics InfraSuite Device Master,High,7.8,3,False,0.01967,CWE-284;CWE-502,2,Energy,Taiwan,True,True,False,False,False
ICSA-23-180-02,2023-06-29,2023,True,ICSA,Schneider Electric,Schneider Electric EcoStruxure,High,7.8,1,False,0.00597,CWE-94,1,Commercial Facilities; Critical Manufacturing; Energy,France,True,True,False,False,False
ICSA-23-180-03,2023-06-29,2023,True,ICSA,Ovarro,Ovarro TBox RTUs,High,7.2,6,False,0.00698,CWE-256;CWE-285;CWE-327;CWE-331;CWE-829;CWE-862,6,Water and Wastewater Systems; Energy; Transportation Systems: Communications,United Kingdom,True,True,False,False,False
ICSA-23-180-04,2023-06-29,2023,True,ICSA,Mitsubishi Electric,Mitsubishi Electric MELSEC-F Series (Update A),High,7.5,1,False,0.0132,CWE-294,1,Critical Manufacturing,Japan,False,False,False,False,False
ICSA-23-187-01,2023-07-06,2023,True,ICSA,Processinformation i Goteborg Aktiebolag (PiiGAB),PiiGAB M-Bus,Critical,9.8,9,False,0.00759,CWE-79;CWE-94;CWE-256;CWE-307;CWE-352;CWE-521;CWE-523;CWE-798;CWE-916,9,Energy,Sweden,True,True,False,False,False
ICSA-23-187-02,2023-07-06,2023,True,ICSA,ABUS,ABUS TVIP,High,7.2,1,False,0.38722,CWE-77,1,Comercial Facilities,Germany,False,False,False,False,False
ICSA-23-192-01,2023-07-11,2023,True,ICSA,Rockwell Automation,Rockwell Automation Enhanced HIM,Critical,9.6,1,False,0.00664,CWE-352,1,Multiple Critical Sectors,United States,False,False,False,False,False
ICSA-23-192-02,2023-07-11,2023,True,ICSA,Sensormatic Electronics LLC (Subsidiary of Johnson Controls),Sensormatic Electronics iSTAR,High,7.5,1,False,0.00562,CWE-287,1,Critical Manufacturing,Ireland,False,False,False,False,False
ICSA-23-192-03,2023-07-11,2023,True,ICSA,Panasonic,Panasonic Control FPWin Pro7,High,7.8,3,False,0.00282,CWE-119;CWE-121;CWE-843,3,Commercial Facilities; Critical Manufacturing: Food and Agriculture,Japan,False,False,False,False,False
ICSA-23-193-01,2023-07-12,2023,True,ICSA,Rockwell Automation,Rockwell Automation Select Communication Modules,Critical,9.8,2,False,0.05526,CWE-787,1,Critical Manufacturing,United States,False,False,False,False,False
ICSA-23-194-01,2023-07-13,2023,True,ICSA,Siemens,Siemens RUGGEDCOM ROX,Critical,9.8,21,False,0.95404,CWE-20;CWE-77;CWE-78;CWE-79;CWE-120;CWE-276;CWE-287;CWE-295;CWE-319;CWE-326;CWE-327;CWE-352;CWE-400,13,Multiple Critical Sectors,Germany,False,False,False,False,False
ICSA-23-194-02,2023-07-13,2023,True,ICSA,Siemens,Siemens SiPass Integrated,High,7.5,1,False,0.00879,CWE-20,1,Multiple Critical Sectors,Germany,False,False,False,False,False
ICSA-23-194-03,2023-07-13,2023,True,ICSA,Siemens,Siemens SIMATIC CN 4100,Critical,9.9,2,False,0.00564,CWE-276;CWE-284,2,Multiple Critical Sectors,Germany,True,False,True,False,False
ICSA-23-194-04,2023-07-13,2023,True,ICSA,Siemens,Siemens SIMATIC MV500 Devices,High,8.2,13,False,0.59501,CWE-20;CWE-74;CWE-200;CWE-203;CWE-326;CWE-401;CWE-415;CWE-416;CWE-459;CWE-667,10,Multiple Critical Sectors,Germany,True,False,True,False,False
ICSA-23-194-05,2023-07-13,2023,True,ICSA,Rockwell Automation,Rockwell Automation PowerMonitor 1000,High,8.8,1,False,0.00928,CWE-79,1,Critical Manufacturing,United States,False,False,False,False,False
ICSA-23-194-06,2023-07-13,2023,True,ICSA,Honeywell,"Honeywell Experion PKS, LX and PlantCruise",Critical,9.8,9,False,0.00718,CWE-116;CWE-121;CWE-122;CWE-345;CWE-394;CWE-400;CWE-502;CWE-697,8,Multiple Critical Sectors,United States,True,False,True,False,False
ICSA-23-199-01,2023-07-18,2023,True,ICSA,Rockwell Automation,Rockwell Automation Kinetix 5700 DC Bus Power Supply Series A,High,7.5,1,False,0.01226,CWE-400,1,Critical Manufacturing,United States,False,False,False,False,False
ICSA-23-199-02,2023-07-18,2023,True,ICSA,Keysight Technologies Inc.,Keysight N6845A Geolocation Server,High,7.8,2,False,0.00245,CWE-23;CWE-749,2,Communications; Government Facilities,United States,False,False,False,False,False
ICSA-23-199-03,2023-07-18,2023,True,ICSA,Iagona,Iagona ScrutisWeb,Critical,10.0,4,False,0.01303,CWE-36;CWE-321;CWE-434;CWE-639,4,Multiple Critical Sectors,France,False,False,False,False,False
ICSA-23-199-04,2023-07-18,2023,True,ICSA,Weintek,Weintek Weincloud,Critical,9.8,4,False,0.00663,CWE-237;CWE-287;CWE-307;CWE-640,4,Critical Manufacturing,Taiwan,False,False,False,False,False
ICSA-23-199-05,2023-07-18,2023,True,ICSA,GeoVision,GeoVision GV-ADR2701,Critical,9.8,1,False,0.00733,CWE-287,1,Commercial Facilities,Taiwan,False,False,False,False,False
ICSA-23-199-06,2023-07-18,2023,True,ICSA,GE Digital,GE Cimplicity,Medium,6.6,1,False,0.00383,CWE-122,1,Multiple Critical Sectors,United States,False,False,False,False,False
ICSA-23-199-07,2023-07-18,2023,True,ICSA,WellinTech,WellinTech KingHistorian,High,8.1,2,False,0.14039,CWE-195;CWE-200,2,Critical Manufacturing,China,False,False,False,False,False
ICSA-23-201-01,2023-07-20,2023,True,ICSA,Schneider Electric,"Schneider Electric EcoStruxure Products, Modicon PLCs, and Programmable Automation Controllers",High,7.5,1,False,0.01173,CWE-754,1,Commercial Facilities; Critical Manufacturing; Energy,France,True,True,True,False,False
ICSA-23-206-01,2023-07-25,2023,True,ICSA,Axis Communications,AXIS A1001,High,7.1,1,False,0.00308,CWE-122,1,Commercial Facilities,Sweden,False,False,False,False,False
ICSA-23-206-02,2023-07-25,2023,True,ICSA,Rockwell Automation,Rockwell Automation ThinManager ThinServer,High,7.5,1,False,0.02387,CWE-23,1,Critical Manufacturing,United States,False,False,False,False,False
ICSA-23-206-03,2023-07-25,2023,True,ICSA,Emerson,Emerson ROC800 Series RTU and DL8000 Preset Controller,Critical,9.4,1,False,0.00683,CWE-305,1,Multiple Critical Sectors,United States,True,False,True,False,False
ICSA-23-206-04,2023-07-25,2023,True,ICSA,Johnson Controls Inc.,Johnson Controls IQ Wifi 6,High,8.3,1,False,0.0055,CWE-307,1,Critical Manufacturing,Ireland,False,False,False,False,False
ICSA-23-208-01,2023-07-27,2023,True,ICSA,ETIC Telecom,ETIC Telecom RAS Authentication,High,7.1,1,False,0.00339,CWE-1188,1,Multiple Critical Sectors,France,False,False,False,False,False
ICSA-23-208-02,2023-07-27,2023,True,ICSA,PTC,PTC KEPServerEX,High,7.5,1,False,0.00757,CWE-400,1,Critical Manufacturing,United States,False,False,False,False,False
ICSA-23-208-03,2023-07-27,2023,True,ICSA,Mitsubishi Electric,Mitsubishi Electric CNC Series (Update E),Critical,9.8,1,False,0.02095,CWE-120,1,Critical Manufacturing,Japan,False,False,False,False,False
ICSA-23-213-01,2023-08-01,2023,True,ICSA,APSystems,APSystems Altenergy Power Control,Critical,9.8,1,False,0.84752,CWE-78,1,Energy,United States,True,True,False,False,False
ICSA-23-215-01,2023-08-03,2023,True,ICSA,Mitsubishi Electric,Mitsubishi Electric GOT2000 and GOT SIMPLE,Medium,5.9,1,False,0.01016,CWE-342,1,Critical Manufacturing,Japan,False,False,False,False,False
ICSA-23-215-02,2023-08-03,2023,True,ICSA,Mitsubishi Electric,Mitsubishi Electric GT and GOT Series Products,High,7.5,1,False,0.00682,CWE-261,1,Critical Manufacturing,Japan,False,False,False,False,False
ICSA-23-215-03,2023-08-03,2023,True,ICSA,TEL-STER Sp. z o. o.,TEL-STER TelWin SCADA WebInterface,High,7.5,1,False,0.01019,CWE-35,1,Multiple Critical Sectors,Poland,False,False,False,False,False
ICSA-23-215-04,2023-08-03,2023,True,ICSA,Sensormatic Electronics LLC (Subsidiary of Johnson Controls),Sensormatic Electronics VideoEdge,High,7.1,1,False,0.00121,CWE-349,1,Critical Manufacturing,Ireland,False,False,False,False,False
ICSA-23-220-01,2023-08-08,2023,True,ICSA,Schneider Electric,Schneider Electric IGSS,High,7.8,1,False,0.31861,CWE-502,1,Commercial Facilities; Critical Manufacturing; Energy,France,True,True,False,False,False
ICSA-23-220-02,2023-08-08,2023,True,ICSA,Hitachi Energy,Hitachi Energy RTU500 series,High,7.5,2,False,0.00712,CWE-121,1,Energy,Switzerland,True,True,False,False,False
ICSA-23-222-01,2023-08-10,2023,True,ICSA,Siemens,"Siemens Solid Edge, JT2Go and Teamcenter Visualization",High,7.8,3,False,0.0033,CWE-125;CWE-416;CWE-787,3,Multiple Critical Sectors,Germany,False,False,False,False,False
ICSA-23-222-02,2023-08-10,2023,True,ICSA,Siemens,Siemens Parasolid Installer,High,7.8,1,False,0.00884,CWE-732,1,Multiple Critical Sectors,Germany,False,False,False,False,False
ICSA-23-222-03,2023-08-10,2023,True,ICSA,Siemens,"Siemens JT Open, JT Utilities, and Parasolid",High,7.8,2,False,0.00218,CWE-125,1,Multiple Critical Sectors,Germany,False,False,False,False,False
ICSA-23-222-04,2023-08-10,2023,True,ICSA,Siemens,Siemens Software Center,High,7.8,2,False,0.0196,CWE-22;CWE-427,2,Multiple Critical Sectors,Germany,False,False,False,False,False
ICSA-23-222-05,2023-08-10,2023,True,ICSA,Siemens,Siemens RUGGEDCOM CROSSBOW,Critical,9.8,5,False,0.0216,CWE-89;CWE-125;CWE-269;CWE-306,4,Multiple Critical Sectors,Germany,False,False,False,False,False
ICSA-23-222-06,2023-08-10,2023,True,ICSA,Siemens,Siemens Parasolid and Teamcenter Visualization,High,7.8,9,False,0.0021,CWE-125;CWE-476;CWE-770;CWE-787,4,Critical Manufacturing,Germany,False,False,False,False,False
ICSA-23-222-07,2023-08-10,2023,True,ICSA,Siemens,Siemens Address Processing in SIMATIC,High,7.4,1,False,0.59501,CWE-20,1,Multiple Critical Sectors,Germany,True,False,True,False,False
ICSA-23-222-08,2023-08-10,2023,True,ICSA,Siemens,Resource Allocation in Siemens RUGGEDCOM,High,7.5,1,False,0.00635,CWE-770,1,Multiple Critical Sectors,Germany,False,False,False,False,False
ICSA-23-222-09,2023-08-10,2023,True,ICSA,Siemens,Siemens OpenSSL RSA Decryption in SIMATIC,Medium,5.9,1,False,0.16195,CWE-326,1,Multiple Critical Sectors,Germany,True,False,True,False,False
ICSA-23-222-10,2023-08-10,2023,True,ICSA,Siemens,Siemens SICAM TOOLBOX II,High,7.8,2,False,0.00191,CWE-250;CWE-732,2,Multiple Critical Sectors,Germany,False,False,False,False,False
ICSA-23-222-11,2023-08-10,2023,True,ICSA,Siemens,Siemens Solid Edge SE2023,High,7.8,9,False,0.00236,CWE-125;CWE-787,2,Multiple Critical Sectors,Germany,False,False,False,False,False
ICSA-23-222-12,2023-08-10,2023,True,ICSA,Siemens,Network Mirroring in Siemens RUGGEDCOM,Critical,9.1,1,False,0.00692,CWE-684,1,Multiple Critical Sectors,Germany,False,False,False,False,False
ICSA-23-227-01,2023-08-15,2023,True,ICSA,Schneider Electric,"Schneider Electric EcoStruxure Control Expert and Modicon M340, Momentum, MC80, M580 and M580 CPU Safety (Update A)",High,8.1,1,False,0.01455,CWE-294,1,Critical Manufacturing; Energy; Commercial Facilities,France,True,True,True,False,False
ICSA-23-227-02,2023-08-15,2023,True,ICSA,Rockwell Automation,Rockwell Automation Armor PowerFlex,High,7.5,1,False,0.01201,CWE-682,1,Critical Manufacturing,United States,False,False,False,False,False
ICSA-23-229-01,2023-08-17,2023,True,ICSA,ICONICS,ICONICS and Mitsubishi Electric Products,Medium,5.9,6,False,0.92488,CWE-120;CWE-125;CWE-208;CWE-415;CWE-476,5,Critical Manufacturing,United States,False,False,False,False,False
ICSA-23-229-03,2023-08-17,2023,True,ICSA,Schneider Electric,Schnieder Electric PowerLogic ION7400 PM8000 ION9000 Power Meters,High,8.8,1,False,0.00379,CWE-319,1,Commercial Facilities; Critical Manufacturing; Energy,France,True,True,False,False,False
ICSA-23-229-04,2023-08-17,2023,True,ICSA,Walchem,Walchem Intuition 9,High,7.5,2,False,0.00634,CWE-287;CWE-306,2,Water and Wastewater Systems,United States,False,False,False,False,False
ICSA-23-234-01,2023-08-22,2023,True,ICSA,Hitachi Energy,Hitachi Energy AFF66x,Critical,9.6,6,False,0.98745,CWE-79;CWE-190;CWE-330;CWE-346;CWE-400;CWE-476,6,Energy,Switzerland,True,True,False,False,False
ICSA-23-234-02,2023-08-22,2023,True,ICSA,Trane,Trane Thermostats,Medium,6.8,1,False,0.01332,CWE-74,1,Critical Manufacturing,Ireland,False,False,False,False,False
ICSA-23-234-03,2023-08-22,2023,True,ICSA,Rockwell Automation,Rockwell Automation ThinManager ThinServer,Critical,9.8,3,False,0.81828,CWE-20,1,Critical Manufacturing,United States,False,False,False,False,False
ICSA-23-236-01,2023-08-24,2023,True,ICSA,KNX Association,KNX Protocol,High,7.5,1,True,0.01294,CWE-645,1,Commercial Facilities,Belgium,False,False,False,False,False
ICSA-23-236-02,2023-08-24,2023,True,ICSA,Opto 22,Opto 22 SNAP PAC S1,High,7.5,5,False,0.0067,CWE-284;CWE-307;CWE-400;CWE-521,4,Critical Manufacturing,United States,False,False,False,False,False
ICSA-23-236-03,2023-08-24,2023,True,ICSA,CODESYS GmbH,CODESYS Development System,High,7.3,1,False,0.00211,CWE-427,1,Critical Manufacturing,Germany,False,False,False,False,False
ICSA-23-236-04,2023-08-24,2023,True,ICSA,CODESYS GmbH,CODESYS Development System,Low,3.3,1,False,0.00149,CWE-345,1,Critical Manufacturing,Germany,False,False,False,False,False
ICSA-23-236-05,2023-08-24,2023,True,ICSA,CODESYS GmbH,CODESYS Development System,Critical,9.6,1,False,0.01021,CWE-345,1,Critical Manufacturing,Germany,False,False,False,False,False
ICSA-23-236-06,2023-08-24,2023,True,ICSA,Rockwell Automation,Rockwell Automation Input/Output Modules,High,8.6,1,False,0.0122,CWE-787,1,Critical Manufacturing,United States,False,False,False,False,False
ICSA-23-241-01,2023-08-29,2023,True,ICSA,PTC,PTC CodeBeamer,High,8.8,1,False,0.00755,CWE-79,1,Multiple Critical Sectors,United States,False,False,False,False,False
ICSA-23-243-01,2023-08-31,2023,True,ICSA,ARDEREG,ARDEREG Sistemas SCADA,Critical,9.8,1,False,0.00728,CWE-89,1,Healthcare and Public Health,Argentina,False,False,False,False,False
ICSA-23-243-02,2023-08-31,2023,True,ICSA,GE Digital,GE Digital CIMPLICITY,High,7.8,1,False,0.00204,CWE-114,1,Multiple Critical Sectors,United States,False,False,False,False,False
ICSA-23-243-03,2023-08-31,2023,True,ICSA,PTC,PTC Kepware KepServerEX (Update A),Medium,6.3,4,False,0.00363,CWE-20;CWE-427;CWE-522,3,Critical Manufacturing,United States,False,False,False,False,False
ICSA-23-243-04,2023-08-31,2023,True,ICSA,"Digi International, Inc.",Digi RealPort Protocol,Critical,9.0,1,False,0.00686,CWE-836,1,Multiple Critical Sectors,United States,False,False,False,False,False
ICSA-23-248-01,2023-09-05,2023,True,ICSA,Fujitsu Limited,Fujitsu Limited Real-time Video Transmission Gear IP series,Medium,5.9,1,False,0.03722,CWE-798,1,Commercial Facilities; Government Facilities,Japan,False,False,False,False,False
ICSA-23-250-01,2023-09-07,2023,True,ICSA,Dover Fueling Solutions (DFS),Dover Fueling Solutions MAGLINK LX Console,Critical,9.1,3,False,0.00926,CWE-22;CWE-284;CWE-288,3,Multiple Critical Sectors,United States,False,False,False,False,False
ICSA-23-250-02,2023-09-07,2023,True,ICSA,PHOENIX CONTACT,Phoenix Contact TC ROUTER and TC CLOUD CLIENT,Critical,9.6,2,False,0.01794,CWE-79;CWE-776,2,Critical Manufacturing,Germany,False,False,False,False,False
ICSA-23-250-03,2023-09-07,2023,True,ICSA,Socomec,Socomec MOD3GP-SY-120K,Critical,10.0,7,False,0.00722,CWE-79;CWE-94;CWE-256;CWE-352;CWE-565;CWE-922,6,Multiple Critical Sectors,France,False,False,False,False,False
ICSA-23-255-01,2023-09-12,2023,False,ICSA,Hitachi Energy,Hitachi Energy Lumada APM Edge,High,7.5,4,False,0.59501,CWE-203;CWE-415;CWE-416;CWE-843,4,Energy,Switzerland,True,True,False,False,False
ICSA-23-255-02,2023-09-12,2023,False,ICSA,Fujitsu Software,Fujitsu Software Infrastructure Manager,Medium,5.9,1,False,0.0014,CWE-312,1,Multiple Critical Sectors,Japan,False,False,False,False,False
ICSA-23-257-01,2023-09-14,2023,False,ICSA,Siemens,"Siemens SIMATIC, SIPLUS Products",High,7.5,1,False,0.00819,CWE-190,1,Multiple Critical Sectors,Germany,True,False,True,False,False
ICSA-23-257-02,2023-09-14,2023,False,ICSA,Siemens,Siemens Parasolid,High,7.8,2,False,0.00226,CWE-787,1,Critical Manufacturing,Germany,False,False,False,False,False
ICSA-23-257-03,2023-09-14,2023,False,ICSA,Siemens,Siemens QMS Automotive,High,8.8,10,False,0.00561,CWE-209;CWE-256;CWE-284;CWE-316;CWE-319;CWE-347;CWE-434;CWE-550;CWE-613;CWE-922,10,Critical Manufacturing,Germany,False,False,False,False,False
ICSA-23-257-04,2023-09-14,2023,False,ICSA,Siemens,Siemens RUGGEDCOM APE1808 Product,High,8.2,23,False,0.74041,CWE-20;CWE-119;CWE-120;CWE-124;CWE-125;CWE-200;CWE-256;CWE-358;CWE-367;CWE-401;CWE-787,11,Critical Manufacturing; Energy; Water and Wastewater Systems,Germany,True,True,False,False,False
ICSA-23-257-05,2023-09-14,2023,False,ICSA,Siemens,Siemens SIMATIC IPCs,Medium,6.5,1,False,0.03047,CWE-200,1,Multiple Critical Sectors,Germany,True,False,True,False,False
ICSA-23-257-06,2023-09-14,2023,False,ICSA,Siemens,Siemens WIBU Systems CodeMeter,Critical,9.0,1,False,0.01971,CWE-122,1,Multiple Critical Sectors,Germany,True,False,True,False,False
ICSA-23-257-07,2023-09-14,2023,False,ICSA,Rockwell Automation,Rockwell Automation Pavilion8,High,8.8,1,False,0.00777,CWE-287,1,Critical Manufacturing,United States,False,False,False,False,False
ICSA-23-262-01,2023-09-19,2023,False,ICSA,Siemens,Siemens SIMATIC PCS neo Administration Console,Medium,5.5,1,False,0.00166,CWE-538,1,Multiple Critical Sectors,Germany,True,False,True,False,False
ICSA-23-262-03,2023-09-19,2023,False,ICSA,Omron,Omron Engineering Software Zip-Slip,Medium,5.5,1,False,0.10395,CWE-22,1,Critical Manufacturing,Japan,False,False,False,False,False
ICSA-23-262-04,2023-09-19,2023,False,ICSA,Omron,Omron Engineering Software,Medium,5.5,1,False,0.00249,CWE-285,1,Critical Manufacturing,Japan,False,False,False,False,False
ICSA-23-262-05,2023-09-19,2023,False,ICSA,Omron,Omron CJ/CS/CP Series,High,7.5,1,False,0.00703,CWE-799,1,Critical Manufacturing,Japan,False,False,False,False,False
ICSA-23-264-01,2023-09-21,2023,False,ICSA,Real Time Automation,Real Time Automation 460 Series,Critical,9.4,1,False,0.0034,CWE-79,1,Critical Manufacturing,United States,False,False,False,False,False
ICSA-23-264-02,2023-09-21,2023,False,ICSA,Siemens,Siemens Spectrum Power 7,High,8.2,1,False,0.0015,CWE-732,1,Energy,Germany,True,True,False,False,False
ICSA-23-264-03,2023-09-21,2023,False,ICSA,Delta Electronics,Delta Electronics DIAScreen,High,7.8,1,False,0.00207,CWE-787,1,Energy,Taiwan,True,True,False,False,False
ICSA-23-264-04,2023-09-21,2023,False,ICSA,Rockwell Automation,Rockwell Automation Select Logix Communication Modules,Critical,9.8,1,False,0.00977,CWE-121,1,Multiple Critical Sectors,United States,False,False,False,False,False
ICSA-23-264-05,2023-09-21,2023,False,ICSA,Rockwell Automation,Rockwell Automation Connected Components Workbench,Critical,9.6,5,True,0.48293,CWE-416;CWE-787,2,Multiple Critical Sectors,United States,False,False,False,False,False
ICSA-23-264-06,2023-09-21,2023,False,ICSA,Rockwell Automation,Rockwell Automation FactoryTalk View Machine Edition,Critical,9.8,1,False,0.10974,CWE-20,1,Critical Manufacturing,United States,False,False,False,False,False
ICSA-23-269-01,2023-09-26,2023,False,ICSA,Suprema Inc.,Suprema BioStar 2,Medium,6.5,1,False,0.07557,CWE-89,1,Multiple Critical Sectors,South Korea,False,False,False,False,False
ICSA-23-269-02,2023-09-26,2023,False,ICSA,Hitachi Energy,Hitachi Energy Asset Suite 9,Medium,6.9,1,False,0.00613,CWE-287,1,Energy,Switzerland,True,True,False,False,False
ICSA-23-269-03,2023-09-26,2023,False,ICSA,Mitsubishi Electric,Mitsubishi Electric FA Engineering Software (Update A),Critical,9.3,1,False,0.00177,CWE-276,1,Critical Manufacturing,Japan,False,False,False,False,False
ICSA-23-269-04,2023-09-26,2023,False,ICSA,Advantech,Advantech EKI-1524-CE series,Medium,5.4,2,False,0.01079,CWE-79,1,Critical Manufacturing,Taiwan,False,False,False,False,False
ICSA-23-269-05,2023-09-26,2023,False,ICSA,Baker Hughes - Bently Nevada,Baker Hughes Bently Nevada 3500,High,7.5,3,False,0.00457,CWE-200;CWE-294;CWE-319,3,Multiple Critical Sectors,United States,False,False,False,False,False
ICSA-23-271-01,2023-09-28,2023,False,ICSA,Rockwell Automation,Rockwell Automation PanelView 800,Critical,9.8,1,False,0.04113,CWE-20,1,Energy; Water and Wastewater System; Telecommunications,United States,True,True,False,False,False
ICSA-23-271-02,2023-09-28,2023,False,ICSA,DEXMA,DEXMA DexGate,High,8.0,5,False,0.00603,CWE-79;CWE-200;CWE-287;CWE-319;CWE-352,5,Multiple Critical Sectors,Spain,False,False,False,False,False
ICSA-23-278-01,2023-10-05,2023,False,ICSA,Hitachi Energy,"Hitachi Energy AFS65x, AFF66x, AFS67x, and AFR67x Series Products",Critical,9.8,14,False,0.35867,CWE-116;CWE-190;CWE-668;CWE-682,4,Energy,Switzerland,True,True,False,False,False
ICSA-23-278-02,2023-10-05,2023,False,ICSA,Qognify,Qognify NiceVision,Critical,10.0,1,False,0.00494,CWE-798,1,Commercial Facilities,United States,False,False,False,False,False
ICSA-23-278-03,2023-10-05,2023,False,ICSA,Mitsubishi Electric,Mitsubishi Electric CC-Link IE TSN Industrial Managed Switch (Update A),Medium,6.5,2,False,0.20444,CWE-208;CWE-415,2,Critical Manufacturing,Japan,False,False,False,False,False
ICSA-23-285-01,2023-10-12,2023,False,ICSA,Siemens,Siemens SIMATIC CP products,High,7.8,2,False,0.00184,CWE-284;CWE-400,2,Multiple Critical Sectors,Germany,True,False,True,False,False
ICSA-23-285-02,2023-10-12,2023,False,ICSA,Siemens,Siemens SCALANCE W1750D,Critical,9.8,13,False,0.02118,CWE-20;CWE-77;CWE-120;CWE-200,4,Multiple Critical Sectors,Germany,False,False,False,False,False
ICSA-23-285-03,2023-10-12,2023,False,ICSA,Siemens,Siemens SICAM A8000 Devices,High,7.5,1,False,0.00727,CWE-22,1,Multiple Critical Sectors,Germany,False,False,False,False,False
ICSA-23-285-04,2023-10-12,2023,False,ICSA,Siemens,Siemens Xpedition Layout Browser,High,7.8,1,False,0.00219,CWE-121,1,Multiple Critical Sectors,Germany,False,False,False,False,False
ICSA-23-285-05,2023-10-12,2023,False,ICSA,Siemens,Siemens Simcenter Amesim,High,8.0,1,False,0.01158,CWE-94,1,Multiple Critical Sectors,Germany,False,False,False,False,False
ICSA-23-285-06,2023-10-12,2023,False,ICSA,Siemens,Siemens SICAM PAS/PQS,Medium,6.6,1,False,0.00149,CWE-732,1,Multiple Critical Sectors,Germany,False,False,False,False,False
ICSA-23-285-07,2023-10-12,2023,False,ICSA,Siemens,Siemens RUGGEDCOM APE180,High,7.1,7,False,0.00613,CWE-20;CWE-79;CWE-89;CWE-384;CWE-863,5,Multiple Critical Sectors,Germany,False,False,False,False,False
ICSA-23-285-08,2023-10-12,2023,False,ICSA,Siemens,Siemens SINEC NMS,High,7.8,2,False,0.00296,CWE-79;CWE-732,2,Critical Manufacturing,Germany,False,False,False,False,False
ICSA-23-285-09,2023-10-12,2023,False,ICSA,Siemens,Siemens CPCI85 Firmware of SICAM A8000 Devices,Critical,9.8,1,False,0.00363,CWE-798,1,Critical Manufacturing,Germany,False,False,False,False,False
ICSA-23-285-10,2023-10-12,2023,False,ICSA,Siemens,Siemens Tecnomatix Plant Simulation,High,7.8,7,False,0.00221,CWE-125;CWE-787,2,Critical Manufacturing,Germany,False,False,False,False,False
ICSA-23-285-11,2023-10-12,2023,False,ICSA,Siemens,Siemens Mendix Forgot Password Module,Medium,5.3,1,False,0.00508,CWE-203,1,Critical Manufacturing,Germany,False,False,False,False,False
ICSA-23-285-12,2023-10-12,2023,False,ICSA,Weintek,Weintek cMT3000 HMI Web CGI,Critical,9.8,3,False,0.01169,CWE-78;CWE-121,2,Critical Manufacturing,Taiwan,False,False,False,False,False
ICSA-23-285-13,2023-10-12,2023,False,ICSA,Mitsubishi Electric,Mitsubishi Electric MELSEC-F Series,Critical,9.1,1,False,0.0085,CWE-287,1,Critical Manufacturing,Japan,False,False,False,False,False
ICSA-23-285-14,2023-10-12,2023,False,ICSA,Hikvision,Hikvision Access Control and Intercom Products,High,7.5,2,False,0.10396,CWE-284;CWE-384,2,Commercial Facilities; Government Facilities,China,False,False,False,False,False
ICSA-23-285-15,2023-10-12,2023,False,ICSA,Advantech,Advantech WebAccess,Medium,6.5,1,False,0.00465,CWE-200,1,Critical Manufacturing; Energy; Water and Wastewater Systems,Taiwan,True,True,False,False,False
ICSA-23-285-16,2023-10-12,2023,False,ICSA,Schneider Electric,Schneider Electric IGSS,High,7.8,1,False,0.00173,CWE-306,1,Commercial Facilities; Critical Manufacturing; Energy,France,True,True,False,False,False
ICSA-23-290-01,2023-10-17,2023,False,ICSA,Schneider Electric,Schneider Electric EcoStruxure Power Monitoring Expert and Power Operation Products,Critical,9.8,1,False,0.00844,CWE-502,1,Multiple Critical Sectors,France,False,False,False,False,False
ICSA-23-290-02,2023-10-17,2023,False,ICSA,Rockwell Automation,Rockwell Automation FactoryTalk Linx,High,8.2,1,False,0.09603,CWE-20,1,Multiple Critical Sectors,United States,False,False,False,False,False
ICSA-23-297-01,2023-10-24,2023,False,ICSA,Rockwell Automation,Rockwell Automation Stratix 5800 and Stratix 5200 (Update A),Critical,10.0,2,True,0.99571,CWE-78;CWE-420,2,Critical Manufacturing,United States,False,False,False,False,False
ICSA-23-299-01,2023-10-26,2023,False,ICSA,Dingtian,Dingtian DT-R002,Medium,5.9,1,False,0.14049,CWE-294,1,Critical Manufacturing,China,False,False,False,False,False
ICSA-23-299-02,2023-10-26,2023,False,ICSA,Centralite,Centralite Pearl Thermostat,High,7.5,1,False,0.00635,CWE-770,1,Commercial Facilities; Communications,United States,False,False,False,False,False
ICSA-23-299-03,2023-10-24,2023,False,ICSA,Ashlar-Vellum,"Ashlar-Vellum Cobalt, Graphite, Xenon, Argon, Lithium (Update A)",High,8.4,4,False,0.0026,CWE-122;CWE-125;CWE-787,3,Critical Manufacturing,United States,False,False,False,False,False
ICSA-23-299-04,2023-10-26,2023,False,ICSA,Rockwell Automation,Rockwell Automation Arena,High,7.8,2,False,0.00253,CWE-125;CWE-824,2,Multiple Critical Sectors,United States,False,False,False,False,False
ICSA-23-299-05,2023-10-26,2023,False,ICSA,Rockwell Automation,Rockwell Automation FactoryTalk View Site Edition,High,7.5,1,False,0.00898,CWE-20,1,Critical Manufacturing,United States,False,False,False,False,False
ICSA-23-299-06,2023-10-26,2023,False,ICSA,Rockwell Automation,Rockwell Automation FactoryTalk Services Platform,High,8.1,1,False,0.02724,CWE-287,1,Critical Manufacturing,United States,False,False,False,False,False
ICSA-23-299-07,2023-10-26,2023,False,ICSA,Sielco,Sielco PolyEco FM Transmitter,Critical,9.8,7,False,0.00653,CWE-284;CWE-307;CWE-384,3,Communications,Italy,False,False,False,False,False
ICSA-23-299-08,2023-10-26,2023,False,ICSA,Sielco,Sielco Radio Link and Analog FM Transmitters,Critical,9.8,4,False,0.00787,CWE-267;CWE-284;CWE-352,3,Communications,Italy,False,False,False,False,False
ICSA-23-304-02,2023-10-31,2023,False,ICSA,INEA,INEA ME RTU,Critical,9.9,2,False,0.01698,CWE-78;CWE-287,2,Energy; Water and Wastewater Systems; Transportation Systems,Slovenia,True,True,False,False,False
ICSA-23-304-03,2023-10-31,2023,False,ICSA,Zavio,Zavio IP Camera,Critical,9.8,5,False,0.48765,CWE-78;CWE-121,2,Multiple Critical Sectors,Taiwan,False,False,False,False,False
ICSA-23-306-01,2023-11-02,2023,False,ICSA,Red Lion,Red Lion Crimson,High,8.8,1,False,0.00514,CWE-158,1,Multiple Critical Sectors,United States,False,False,False,False,False
ICSA-23-306-02,2023-11-02,2023,False,ICSA,Mitsubishi Electric,Mitsubishi Electric MELSEC iQ-F/iQ-R Series CPU Module (Update A),Medium,5.3,1,False,0.0095,CWE-307,1,Critical Manufacturing,Japan,False,False,False,False,False
ICSA-23-306-03,2023-11-02,2023,False,ICSA,Mitsubishi Electric,Mitsubishi Electric MELSEC Series (Update A),Critical,10.0,1,False,0.00748,CWE-306,1,Critical Manufacturing,Japan,False,False,False,False,False
ICSA-23-306-04,2023-11-02,2023,False,ICSA,Franklin Fueling System,Franklin Fueling System TS-550,High,8.3,1,False,0.00284,CWE-916,1,Critical Manufacturing,United States,False,False,False,False,False
ICSA-23-306-05,2023-11-02,2023,False,ICSA,Weintek,Weintek EasyBuilder Pro,Critical,9.8,1,False,0.00536,CWE-798,1,Critical Manufacturing,Taiwan,False,False,False,False,False
ICSA-23-306-06,2023-11-02,2023,False,ICSA,Schneider Electric,Schneider Electric SpaceLogic C-Bus Toolkit,Critical,9.8,2,False,0.38524,CWE-22;CWE-269,2,Commercial Facilities,France,False,False,False,False,False
ICSA-23-311-01,2023-11-07,2023,False,ICSA,GE,GE MiCOM S1 Agile,Medium,5.3,1,False,0.00255,CWE-427,1,Multiple Critical Sectors,United States,False,False,False,False,False
ICSA-23-313-01,2023-11-09,2023,False,ICSA,Johnson Controls Inc.,Johnson Controls Quantum HD Unity,Critical,10.0,1,False,0.00807,CWE-489,1,Critical Manufacturing,Ireland,False,False,False,False,False
ICSA-23-313-02,2023-11-09,2023,False,ICSA,Hitachi Energy,Hitachi Energy eSOMS,Medium,5.3,3,False,0.00377,CWE-209;CWE-497,2,Energy,Switzerland,True,True,False,False,False
ICSA-23-318-01,2023-11-14,2023,False,ICSA,AVEVA,AVEVA Operations Control Logger,High,7.8,2,False,0.00236,CWE-73;CWE-250,2,Critical Manufacturing,United Kingdom,False,False,False,False,False
ICSA-23-318-02,2023-11-14,2023,False,ICSA,Rockwell Automation,Rockwell Automation SIS Workstation and ISaGRAF Workbench,High,7.8,1,False,0.01538,CWE-20,1,Critical Manufacturing,United States,False,False,False,False,False
ICSA-23-320-01,2023-11-16,2023,False,ICSA,Red Lion,Red Lion Sixnet RTUs,Critical,10.0,2,False,0.01149,CWE-288;CWE-749,2,Critical Manufacturing,United States,False,False,False,False,False
ICSA-23-320-02,2023-11-16,2023,False,ICSA,Hitachi Energy,Hitachi Energy MACH System Software,Medium,6.5,2,False,0.00486,CWE-29;CWE-266,2,Energy,Switzerland,True,True,False,False,False
ICSA-23-320-03,2023-11-16,2023,False,ICSA,Siemens,Siemens Desigo CC product family,Critical,9.1,3,False,0.33304,CWE-122;CWE-126,2,Commercial Facilities; Government Facilities,Germany,False,False,False,False,False
ICSA-23-320-04,2023-11-16,2023,False,ICSA,Siemens,Siemens Mendix Runtime,Medium,6.8,1,False,0.0044,CWE-294,1,Multiple Critical Sectors,Germany,False,False,False,False,False
ICSA-23-320-05,2023-11-16,2023,False,ICSA,Siemens,Siemens SCALANCE W700,High,8.4,1,False,0.00889,CWE-20,1,Multiple Critical Sectors,Germany,False,False,False,False,False
ICSA-23-320-06,2023-11-16,2023,False,ICSA,Siemens,Siemens SIMATIC PCS neo,High,8.0,4,False,0.00618,CWE-79;CWE-89;CWE-306;CWE-942,4,Multiple Critical Sectors,Germany,True,False,True,False,False
ICSA-23-320-07,2023-11-16,2023,False,ICSA,Siemens,Siemens OPC UA Modeling Editor (SiOME),High,7.5,1,False,0.00652,CWE-611,1,Multiple Critical Sectors,Germany,False,False,False,False,False
ICSA-23-320-08,2023-11-16,2023,False,ICSA,Siemens,Siemens SCALANCE Family Products,Critical,9.1,15,False,0.75116,CWE-74;CWE-125;CWE-252;CWE-321;CWE-326;CWE-328;CWE-349;CWE-400;CWE-415;CWE-425;CWE-476;CWE-567;CWE-770,13,Multiple Critical Sectors,Germany,False,False,False,False,False
ICSA-23-320-09,2023-11-16,2023,False,ICSA,Siemens,Siemens COMOS,Critical,9.8,16,False,0.02591,CWE-22;CWE-120;CWE-122;CWE-125;CWE-190;CWE-284;CWE-319;CWE-416;CWE-611;CWE-787,10,Critical Manufacturing,Germany,False,False,False,False,False
ICSA-23-320-10,2023-11-16,2023,False,ICSA,Siemens,Siemens SIPROTEC 4 7SJ66,Critical,9.8,9,False,0.7525,CWE-120;CWE-346;CWE-362;CWE-384;CWE-401;CWE-476,6,Critical Manufacturing,Germany,False,False,False,False,False
ICSA-23-320-11,2023-11-16,2023,False,ICSA,Siemens,Siemens Mendix Studio Pro,High,7.5,1,True,0.99979,CWE-787,1,Critical Manufacturing,Germany,False,False,False,False,False
ICSA-23-320-12,2023-11-16,2023,False,ICSA,Siemens,Siemens PNI,Critical,9.8,13,False,0.17852,CWE-20;CWE-787,2,Critical Manufacturing,Germany,False,False,False,False,False
ICSA-23-320-13,2023-11-16,2023,False,ICSA,Siemens,Siemens SIMATIC MV500,Critical,9.8,8,False,0.5346,CWE-120;CWE-287;CWE-476;CWE-787;CWE-834;CWE-1333,6,Critical Manufacturing,Germany,True,False,True,False,False
ICSA-23-320-14,2023-11-16,2023,False,ICSA,Siemens,Siemens RUGGEDCOM APE1808 Devices,High,8.1,3,False,0.00531,CWE-20;CWE-89,2,Multiple Critical Sectors,Germany,False,False,False,False,False
ICSA-23-325-01,2023-11-21,2023,False,ICSA,WAGO,WAGO PFC200 Series,Low,2.7,1,False,0.0047,CWE-610,1,Commercial Facilities; Critical Manufacturing; Energy; Transportation Systems,Germany,True,True,False,False,False
ICSA-23-325-02,2023-11-21,2023,False,ICSA,Fuji Electric,Fuji Electric Tellus Lite V-Simulator,High,7.8,3,False,0.00484,CWE-121;CWE-284;CWE-787,3,Critical Manufacturing,Japan,False,False,False,False,False
ICSA-23-331-01,2023-11-28,2023,False,ICSA,Delta Electronics,Delta Electronics InfraSuite Device Master,Critical,9.8,4,False,0.16573,CWE-35;CWE-502;CWE-749,3,Critical Manufacturing,Taiwan,False,False,False,False,False
ICSA-23-331-02,2023-11-28,2023,False,ICSA,Franklin Electric Fueling Systems,Franklin Electric Fueling Systems Colibri,Medium,6.5,1,False,0.01103,CWE-35,1,Energy,United States,True,True,False,False,False
ICSA-23-331-03,2023-11-28,2023,False,ICSA,Mitsubishi Electric,Mitsubishi Electric GX Works2,Low,2.9,2,False,0.00271,CWE-20,1,Critical Manufacturing,Japan,False,False,False,False,False
ICSA-23-334-01,2023-11-30,2023,False,ICSA,Delta Electronics,Delta Electronics DOPSoft,High,7.8,1,False,0.00365,CWE-121,1,Energy,Taiwan,True,True,False,False,False
ICSA-23-334-02,2023-11-30,2023,False,ICSA,Yokogawa,Yokogawa STARDOM,Medium,5.3,1,False,0.01166,CWE-400,1,Multiple Critical Sectors,Japan,False,False,False,False,False
ICSA-23-334-03,2023-11-30,2023,False,ICSA,PTC,PTC KEPServerEx,Critical,9.1,2,False,0.00962,CWE-122;CWE-297,2,Multiple Critical Sectors,United States,False,False,False,False,False
ICSA-23-334-04,2023-11-30,2023,False,ICSA,Mitsubishi Electric,Mitsubishi Electric FA Engineering Software Products,High,7.8,1,False,0.00261,CWE-73,1,Critical Manufacturing,Japan,False,False,False,False,False
ICSA-23-339-01,2023-12-05,2023,False,ICSA,Zebra Technologies,Zebra ZTC Industrial ZT400 and Desktop GK420d,Medium,5.4,1,False,0.00269,CWE-288,1,Critical Manufacturing,United States,False,False,False,False,False
ICSA-23-341-01,2023-12-07,2023,False,ICSA,Mitsubishi Electric,Mitsubishi Electric FA Engineering Software Products,Medium,5.3,2,False,0.00355,CWE-203;CWE-1037,2,Critical Manufacturing,Japan,False,False,False,False,False
ICSA-23-341-02,2023-12-07,2023,False,ICSA,Schweitzer Engineering Laboratories,Schweitzer Engineering Laboratories SEL-411L,Medium,4.3,1,False,0.0039,CWE-1021,1,Energy,United States,True,True,False,False,False
ICSA-23-341-03,2023-12-07,2023,False,ICSA,Johnson Controls Inc.,Johnson Controls Metasys and Facility Explorer (Update A),High,7.5,1,False,0.00827,CWE-400,1,Critical Manufacturing,Ireland,False,False,False,False,False
ICSA-23-341-05,2023-12-07,2023,False,ICSA,ControlByWeb,ControlbyWeb Relay,High,7.5,1,False,0.00413,CWE-79,1,Multiple Critical Sectors,United States,False,False,False,False,False
ICSA-23-341-06,2023-12-07,2023,False,ICSA,Sierra Wireless,Sierra Wireless AirLink with ALEOS firmware,High,8.1,7,False,0.02296,CWE-79;CWE-321;CWE-476;CWE-617;CWE-798;CWE-835,6,Commercial Facilities; Communications; Emergency Services; Energy; Government Facilities; Transportation Systems; Water and Wastewater Systems,Canada,True,True,False,False,False
ICSA-23-346-01,2023-12-12,2023,False,ICSA,Schneider Electric,Schneider Electric Easy UPS Online Monitoring Software,Medium,5.3,1,False,0.00236,CWE-22,1,Multiple Critical Sectors,France,False,False,False,False,False
ICSA-23-348-01,2023-12-14,2023,False,ICSA,Cambium Networks,Cambium ePMP 5GHz Force 300-25 Radio (Update A),High,7.8,1,False,0.00431,CWE-94,1,Communications,United States,False,False,False,False,False
ICSA-23-348-02,2023-12-14,2023,False,ICSA,Sensormatic Electronics LLC (Subsidiary of Johnson Controls),Johnson Controls Kantech Gen1 ioSmart,High,7.5,1,False,0.003,CWE-401,1,Critical Manufacturing,Ireland,False,False,False,False,False
ICSA-23-348-03,2023-12-14,2023,False,ICSA,Siemens,Siemens User Management Component (UMC),High,7.5,5,False,0.0094,CWE-20;CWE-79;CWE-120;CWE-942,4,Critical Manufacturing,Germany,True,False,True,False,False
ICSA-23-348-04,2023-12-14,2023,False,ICSA,Siemens,Siemens LOGO! and SIPLUS LOGO!,High,7.6,1,False,0.00248,CWE-1319,1,Multiple Critical Sectors,Germany,False,False,False,False,False
ICSA-23-348-05,2023-12-14,2023,False,ICSA,Siemens,Siemens SIMATIC and SIPLUS Products,High,7.5,2,False,0.0072,CWE-674;CWE-805,2,Multiple Critical Sectors,Germany,True,False,True,False,False
ICSA-23-348-06,2023-12-14,2023,False,ICSA,Siemens,Siemens OPC UA Implementation in SINUMERIK ONE and SINUMERIK MC,High,7.5,1,False,0.00819,CWE-190,1,Multiple Critical Sectors,Germany,False,False,False,False,False
ICSA-23-348-07,2023-12-14,2023,False,ICSA,Siemens,Siemens SIMATIC STEP 7 (TIA Portal),Medium,4.2,1,False,0.00142,CWE-316,1,Multiple Critical Sectors,Germany,True,False,True,False,False
ICSA-23-348-08,2023-12-14,2023,False,ICSA,Siemens,Siemens Web Server of Industrial Products,High,7.5,1,False,0.00956,CWE-401,1,Multiple Critical Sectors,Germany,True,False,True,False,False
ICSA-23-348-09,2023-12-14,2023,False,ICSA,Siemens,Siemens Simantic S7-1500 CPU family,High,7.5,1,False,0.01244,CWE-416,1,Critical Manufacturing,Germany,True,False,True,False,False
ICSA-23-348-10,2023-12-14,2023,False,ICSA,Siemens,Siemens SIMATIC S7-1500 CPU 1518(F)-4 PN/DP MFP V3.1,Critical,9.8,407,True,0.99999,CWE-20;CWE-22;CWE-59;CWE-74;CWE-77;CWE-78;CWE-79;CWE-89;CWE-93;CWE-116;CWE-119;CWE-120;CWE-121;CWE-122;CWE-125;CWE-129;CWE-172;CWE-190;CWE-191;CWE-193;CWE-195;CWE-200;CWE-203;CWE-209;CWE-252;CWE-269;CWE-273;CWE-276;CWE-287;CWE-290;CWE-295;CWE-311;CWE-319;CWE-326;CWE-327;CWE-330;CWE-331;CWE-345;CWE-354;CWE-367;CWE-369;CWE-400;CWE-401;CWE-404;CWE-407;CWE-415;CWE-416;CWE-426;CWE-427;CWE-434;CWE-440;CWE-476;CWE-502;CWE-522;CWE-601;CWE-611;CWE-617;CWE-665;CWE-668;CWE-674;CWE-681;CWE-682;CWE-693;CWE-704;CWE-706;CWE-754;CWE-755;CWE-763;CWE-770;CWE-772;CWE-776;CWE-787;CWE-834;CWE-835;CWE-838;CWE-843;CWE-908;CWE-909;CWE-918;CWE-1286;CWE-1333,81,Critical Manufacturing,Germany,True,False,True,False,True
ICSA-23-348-11,2023-12-14,2023,False,ICSA,Siemens,Siemens SINUMERIK,High,7.5,1,False,0.01244,CWE-416,1,Critical Manufacturing,Germany,False,False,False,False,False
ICSA-23-348-12,2023-12-14,2023,False,ICSA,Siemens,Siemens SICAM Q100 Devices,Medium,5.5,2,False,0.00427,CWE-352;CWE-732,2,Multiple Critical Sectors,Germany,False,False,False,False,False
ICSA-23-348-13,2023-12-14,2023,False,ICSA,Siemens,Siemens SCALANCE and RUGGEDCOM M-800/S615 Family,High,7.2,2,False,0.00623,CWE-78;CWE-349,2,Critical Manufacturing,Germany,False,False,False,False,False
ICSA-23-348-14,2023-12-14,2023,False,ICSA,Siemens,Siemens RUGGEDCOM and SCALANCE M-800/S615 Family,Critical,9.1,9,False,0.01341,CWE-74;CWE-78;CWE-252;CWE-321;CWE-328;CWE-400;CWE-425;CWE-567;CWE-1284,9,Critical Manufacturing,Germany,False,False,False,False,False
ICSA-23-348-15,2023-12-14,2023,False,ICSA,Unitronics,Unitronics Vision and Samba Series (Update A),Critical,9.8,1,True,0.02072,CWE-1188,1,Water and Wastewater Systems,Israel,False,False,False,False,False
ICSA-23-348-16,2023-12-14,2023,False,ICSA,Siemens,Siemens SINEC INS,High,8.1,7,False,0.03658,CWE-20;CWE-78;CWE-295;CWE-392;CWE-394;CWE-754,6,Critical Manufacturing,Germany,False,False,False,False,False
ICSA-23-353-01,2023-12-19,2023,False,ICSA,SUBNET Solutions Inc.,Subnet Solutions Inc. PowerSYSTEM Center,High,7.8,1,False,0.00174,CWE-428,1,Multiple Critical Sectors,Canada,False,False,False,False,False
ICSA-23-353-02,2023-12-19,2023,False,ICSA,EFACEC,EFACEC BCU 500,Critical,9.6,2,False,0.00699,CWE-352;CWE-400,2,"Critical Manufacturing, Energy",Portugal,True,True,False,False,False
ICSA-23-353-03,2023-12-19,2023,False,ICSA,EFACEC,EFACEC UC 500E,Medium,6.3,4,False,0.00516,CWE-200;CWE-284;CWE-319;CWE-601,4,"Critical Manufacturing, Energy",Portugal,True,True,False,False,False
ICSA-23-353-04,2023-12-19,2023,False,ICSA,Open Design Alliance,Open Design Alliance Drawing SDK,High,7.8,3,False,0.0044,CWE-122;CWE-416,2,Multiple Critical Sectors,United States,False,False,False,False,False
ICSA-23-353-05,2023-12-19,2023,False,ICSA,EuroTel,EuroTel ETL3100 Radio Transmitter,Critical,9.8,3,False,0.00821,CWE-284;CWE-307;CWE-639,3,Communications,Italy,False,False,False,False,False
ICSA-23-355-01,2023-12-21,2023,False,ICSA,FXC,FXC AE1021/AE1021PE,High,8.0,1,True,0.50447,CWE-78,1,Information Technology; Commercial Facilities,Japan,False,False,False,False,False
ICSA-23-355-02,2023-12-21,2023,False,ICSA,QNAP,QNAP VioStor NVR,High,8.0,1,True,0.73277,CWE-78,1,Commercial Facilities,Taiwan,False,False,False,False,False
ICSA-24-004-01,2024-01-04,2024,True,ICSA,Rockwell Automation,Rockwell Automation FactoryTalk Activation,Critical,9.8,2,False,0.78483,CWE-787,1,Critical Manufacturing,United States,False,False,False,False,False
ICSA-24-004-02,2024-01-04,2024,True,ICSA,Mitsubishi Electric,Mitsubishi Electric Factory Automation Products,High,7.5,3,False,0.59501,CWE-208;CWE-415;CWE-843,3,Critical Manufacturing,Japan,False,False,False,False,False
ICSA-24-011-03,2024-01-11,2024,True,ICSA,Rapid Software LLC,Rapid Software LLC Rapid SCADA,Critical,9.6,7,False,0.01233,CWE-22;CWE-23;CWE-209;CWE-256;CWE-601;CWE-732;CWE-798,7,Energy; Transportation Systems,United States,True,True,False,False,False
ICSA-24-011-04,2024-01-11,2024,True,ICSA,Horner Automation,Horner Automation Cscape,High,7.8,1,False,0.00213,CWE-121,1,Critical Manufacturing,United States,False,False,False,False,False
ICSA-24-011-05,2024-01-11,2024,True,ICSA,Schneider Electric,Schneider Electric Easergy Studio,High,7.8,1,False,0.00487,CWE-502,1,Energy,France,True,True,False,False,False
ICSA-24-011-06,2024-01-11,2024,True,ICSA,Siemens,Siemens Teamcenter Visualization and JT2Go,High,7.8,4,False,0.00264,CWE-121;CWE-125;CWE-476,3,Critical Manufacturing,Germany,False,False,False,False,False
ICSA-24-011-07,2024-01-11,2024,True,ICSA,Siemens,Siemens Spectrum Power 7,High,7.8,1,False,0.00148,CWE-732,1,Critical Manufacturing,Germany,False,False,False,False,False
ICSA-24-011-08,2024-01-11,2024,True,ICSA,Siemens,Siemens SICAM A8000,Medium,6.6,1,False,0.00547,CWE-908,1,Critical Manufacturing,Germany,False,False,False,False,False
ICSA-24-011-09,2024-01-11,2024,True,ICSA,Siemens,Siemens SIMATIC CN 4100,Critical,9.8,3,False,0.00597,CWE-20;CWE-639;CWE-1392,3,Critical Manufacturing,Germany,True,False,True,False,False
ICSA-24-011-10,2024-01-11,2024,True,ICSA,Siemens,Siemens SIMATIC,Critical,10.0,1,False,0.00646,CWE-20,1,Critical Manufacturing,Germany,True,False,True,False,False
ICSA-24-011-11,2024-01-11,2024,True,ICSA,Siemens,Siemens Solid Edge,High,7.8,11,False,0.00205,CWE-121;CWE-122;CWE-125;CWE-787;CWE-824,5,Critical Manufacturing,Germany,False,False,False,False,False
ICSA-24-016-01,2024-01-16,2024,True,ICSA,SEW-EURODRIVE,SEW-EURODRIVE MOVITOOLS MotionStudio (Update A),Medium,5.6,1,False,0.00541,CWE-611,1,Multiple Critical Sectors,Germany,False,False,False,False,False
ICSA-24-016-02,2024-01-16,2024,True,ICSA,Integration Objects,Integration Objects OPC UA Server Toolkit (Update A),Medium,5.3,1,False,0.00362,CWE-117,1,Critical Manufacturing,United States,False,False,False,False,False
ICSA-24-018-01,2024-01-18,2024,True,ICSA,AVEVA,AVEVA PI Server,Critical,9.8,2,False,0.00555,CWE-703;CWE-772,2,Critical Manufacturing,United Kingdom,False,False,False,False,False
ICSA-24-023-01,2024-01-23,2024,True,ICSA,APsystems,APsystems Energy Communication Unit (ECU-C) Power Control Software,High,8.8,1,False,0.00649,CWE-284,1,Energy,United States,True,True,False,False,False
ICSA-24-023-02,2024-01-23,2024,True,ICSA,Crestron,Crestron AM-300,High,8.4,1,False,0.00529,CWE-78,1,Multiple Critical Sectors,United States,False,False,False,False,False
ICSA-24-023-03,2024-01-23,2024,True,ICSA,Voltronic Power,Voltronic Power ViewPower Pro,Critical,9.8,4,False,0.45744,CWE-78;CWE-306;CWE-502;CWE-749,4,Critical Manufacturing,United States,False,False,False,False,False
ICSA-24-023-05,2024-01-23,2024,True,ICSA,Lantronix,Lantronix XPort,Medium,5.7,1,False,0.00305,CWE-261,1,Critical Manufacturing; Energy; Healthcare and Public Health; Transportation Systems,United States,True,True,False,False,False
ICSA-24-025-01,2024-01-25,2024,True,ICSA,MachineSense LLC.,Opteev MachineSense FeverWarn,Critical,10.0,6,False,0.00798,CWE-20;CWE-284;CWE-306;CWE-798,4,Healthcare and Public Health Sector,United States,False,False,False,False,False
ICSA-24-025-02,2024-01-25,2024,True,ICSA,SystemK,SystemK NVR 504/508/516,Critical,9.8,1,False,0.01278,CWE-77,1,Commercial Facilities,Japan,False,False,False,False,False
ICSA-24-030-01,2024-01-30,2024,True,ICSA,Emerson,"Emerson Rosemount GC370XA, GC700XA, GC1500XA",Critical,9.8,4,False,0.00936,CWE-77;CWE-285;CWE-287,3,Energy; Chemical,United States,True,True,True,False,False
ICSA-24-030-02,2024-01-30,2024,True,ICSA,Mitsubishi Electric,Mitsubishi Electric FA Engineering Software Products (Update D),Critical,9.8,2,False,0.02133,CWE-306;CWE-470,2,Critical Manufacturing,Japan,False,False,False,False,False
ICSA-24-030-03,2024-01-30,2024,True,ICSA,Mitsubishi Electric,Mitsubishi Electric MELSEC WS Series Ethernet Interface Module,Medium,5.9,1,False,0.00755,CWE-294,1,Critical Manufacturing,Japan,False,False,False,False,False
ICSA-24-030-04,2024-01-30,2024,True,ICSA,Hitron Systems,Hitron Systems Security Camera DVR,High,8.1,6,False,0.00562,CWE-20,1,Commercial Facilities,South Korea,False,False,False,False,False
ICSA-24-030-05,2024-01-30,2024,True,ICSA,Rockwell Automation,Rockwell Automation ControlLogix and GuardLogix,High,8.6,1,False,0.00648,CWE-119,1,Critical Manufacturing,United States,True,False,True,False,False
ICSA-24-030-06,2024-01-30,2024,True,ICSA,Rockwell Automation,Rockwell Automation FactoryTalk Service Platform,Critical,9.8,1,False,0.00858,CWE-347,1,Critical manufacturing,United States,False,False,False,False,False
ICSA-24-030-07,2024-01-30,2024,True,ICSA,Rockwell Automation,Rockwell Automation LP30/40/50 and BM40 Operator Interface,High,8.8,15,False,0.01974,CWE-121;CWE-787;CWE-822;CWE-1288,4,Critical Manufacturing,United States,False,False,False,False,False
ICSA-24-032-01,2024-02-01,2024,True,ICSA,Gessler GmbH,Gessler GmbH WEB-MASTER,Critical,9.8,2,False,0.00719,CWE-328;CWE-1391,2,Multiple Critical Sectors,Germany,False,False,False,False,False
ICSA-24-032-03,2024-02-01,2024,True,ICSA,AVEVA,AVEVA Edge products (formerly known as InduSoft Web Studio),High,7.3,1,False,0.00193,CWE-427,1,Multiple Critical Sectors,United States,False,False,False,False,False
ICSA-24-037-01,2024-02-06,2024,True,ICSA,HID Global,HID Global Encoders,Medium,5.9,1,False,0.00168,CWE-285,1,Multiple Critical Sectors,United States,False,False,False,False,False
ICSA-24-037-02,2024-02-06,2024,True,ICSA,HID Global,HID Global Reader Configuration Cards,Medium,5.3,1,False,0.00253,CWE-285,1,Multiple Critical Sectors,United States,False,False,False,False,False
ICSA-24-039-01,2024-02-08,2024,True,ICSA,"Qolsys, Inc. (Subsidiary of Johnson Controls)","Qolsys IQ Panel 4, IQ4 HUB",High,7.3,1,False,0.00585,CWE-200,1,Critical Manufacturing,Ireland,False,False,False,False,False
ICSA-24-044-01,2024-02-13,2024,True,ICSA,Mitsubishi Electric,Mitsubishi Electric MELSEC iQ-R Series Safety CPU and SIL2 Process CPU (Update A),Medium,6.5,1,False,0.00697,CWE-266,1,Critical Manufacturing,Japan,False,False,False,False,False
ICSA-24-046-01,2024-02-15,2024,True,ICSA,Siemens,Siemens SCALANCE W1750D,Critical,9.8,14,False,0.02132,CWE-20;CWE-77;CWE-120,3,Multiple Critical Sectors,Germany,False,False,False,False,False
ICSA-24-046-02,2024-02-15,2024,True,ICSA,Siemens,Siemens SIDIS Prime,Critical,9.1,5,False,0.73188,CWE-330;CWE-476;CWE-835,3,Multiple Critical Sectors,Germany,False,False,False,False,False
ICSA-24-046-03,2024-02-15,2024,True,ICSA,Siemens,Siemens SIMATIC RTLS Gateways,High,7.7,1,False,0.36852,CWE-130,1,Multiple Critical Sectors,Germany,True,False,True,False,False
ICSA-24-046-04,2024-02-15,2024,True,ICSA,Siemens,Siemens CP343-1 Devices,High,8.7,1,False,0.00597,CWE-940,1,Multiple Critical Sectors,Germany,True,False,True,False,False
ICSA-24-046-05,2024-02-15,2024,True,ICSA,Siemens,Siemens Location Intelligence,Critical,9.3,1,False,0.00733,CWE-798,1,Multiple Critical Sectors,Germany,False,False,False,False,False
ICSA-24-046-06,2024-02-15,2024,True,ICSA,Siemens,Siemens Unicam FX,High,8.5,1,False,0.00148,CWE-648,1,Multiple Critical Sectors,Germany,False,False,False,False,False
ICSA-24-046-07,2024-02-15,2024,True,ICSA,Siemens,Siemens Tecnomatix Plant Simulation,High,7.3,10,False,0.00318,CWE-121;CWE-122;CWE-125;CWE-476;CWE-787,5,Critical Manufacturing,Germany,False,False,False,False,False
ICSA-24-046-08,2024-02-15,2024,True,ICSA,Siemens,Siemens RUGGEDCOM APE1808,Medium,5.3,1,False,0.00451,CWE-200,1,Critical Manufacturing,Germany,False,False,False,False,False
ICSA-24-046-09,2024-02-15,2024,True,ICSA,Siemens,Siemens SCALANCE SC-600 Family,Critical,9.1,8,False,0.01341,CWE-74;CWE-78;CWE-252;CWE-328;CWE-349;CWE-400;CWE-425,7,Critical Manufacturing,Germany,False,False,False,False,False
ICSA-24-046-10,2024-02-15,2024,True,ICSA,Siemens,Siemens Simcenter Femap,High,7.3,6,False,0.00318,CWE-119;CWE-125;CWE-787;CWE-824,4,Critical Manufacturing,Germany,False,False,False,False,False
ICSA-24-046-11,2024-02-15,2024,True,ICSA,Siemens,Siemens SCALANCE XCM-/XRM-300,Critical,9.8,160,True,0.84508,CWE-20;CWE-22;CWE-59;CWE-74;CWE-78;CWE-79;CWE-94;CWE-113;CWE-116;CWE-120;CWE-122;CWE-124;CWE-125;CWE-131;CWE-190;CWE-203;CWE-212;CWE-252;CWE-276;CWE-282;CWE-284;CWE-287;CWE-311;CWE-327;CWE-330;CWE-345;CWE-347;CWE-354;CWE-362;CWE-369;CWE-400;CWE-401;CWE-407;CWE-415;CWE-416;CWE-436;CWE-444;CWE-476;CWE-522;CWE-667;CWE-668;CWE-697;CWE-704;CWE-732;CWE-754;CWE-770;CWE-787;CWE-824;CWE-843;CWE-863;CWE-908;CWE-1284;CWE-1333,53,Critical Manufacturing,Germany,False,False,False,False,True
ICSA-24-046-12,2024-02-15,2024,True,ICSA,Siemens,"Siemens SIMATIC WinCC, OpenPCS",High,7.1,2,False,0.0027,CWE-476,1,Multiple Critical Sectors,Germany,True,False,True,False,False
ICSA-24-046-13,2024-02-15,2024,True,ICSA,Siemens,Siemens Parasolid,High,7.8,2,False,0.00199,CWE-125;CWE-476,2,Critical Manufacturing,Germany,False,False,False,False,False
ICSA-24-046-14,2024-02-15,2024,True,ICSA,Siemens,Siemens Polarion ALM,High,8.5,2,False,0.00589,CWE-276;CWE-287,2,Critical Manufacturing,Germany,False,False,False,False,False
ICSA-24-046-15,2024-02-15,2024,True,ICSA,Siemens,Siemens SINEC NMS,Critical,9.8,62,False,0.84508,CWE-20;CWE-22;CWE-74;CWE-78;CWE-89;CWE-122;CWE-124;CWE-125;CWE-193;CWE-287;CWE-295;CWE-311;CWE-326;CWE-330;CWE-362;CWE-400;CWE-415;CWE-416;CWE-434;CWE-444;CWE-476;CWE-601;CWE-732;CWE-770;CWE-834;CWE-843;CWE-862;CWE-863;CWE-1333,29,Critical Manufacturing,Germany,False,False,False,False,True
ICSA-24-046-16,2024-02-15,2024,True,ICSA,Rockwell Automation,Rockwell Automation FactoryTalk Service Platform,High,7.8,1,False,0.0099,CWE-279,1,Critical Manufacturing,United States,False,False,False,False,False
ICSA-24-051-01,2024-02-20,2024,True,ICSA,Commend,Commend WS203VICM,Critical,9.4,3,False,0.00647,CWE-88;CWE-261;CWE-284,3,Commercial Facilities,Austria,False,False,False,False,False
ICSA-24-051-02,2024-02-20,2024,True,ICSA,CISA,Ethercat Zeek Plugin,Critical,9.8,3,False,0.00819,CWE-125;CWE-787,2,Multiple Critical Sectors,United States,False,False,False,False,False
ICSA-24-051-03,2024-02-20,2024,True,ICSA,Mitsubishi Electric,Mitsubishi Electric Electrical Discharge Machines (Update A),Critical,9.3,1,False,0.95454,CWE-20,1,Critical Manufacturing,Japan,False,False,False,True,False
ICSA-24-053-01,2024-02-22,2024,True,ICSA,Delta Electronics,Delta Electronics CNCSoft-B DOPSoft,High,7.8,1,False,0.0039,CWE-427,1,Critical Manufacturing,Taiwan,False,False,False,False,False
ICSA-24-058-01,2024-02-27,2024,True,ICSA,Mitsubishi Electric,Mitsubishi Electric Multiple Factory Automation Products (Update A),Medium,5.3,1,False,0.00847,CWE-410,1,Critical Manufacturing,Japan,False,False,False,False,False
ICSA-24-060-01,2024-02-29,2024,True,ICSA,Delta Electronics,Delta Electronics CNCSoft-B,High,7.8,1,False,0.00739,CWE-121,1,Critical Manufacturing,Taiwan,False,False,False,False,False
ICSA-24-065-01,2024-03-05,2024,True,ICSA,Nice,Nice Linear eMerge E3-Series,Critical,10.0,12,True,0.97136,CWE-22;CWE-78;CWE-79;CWE-200;CWE-352;CWE-434;CWE-522;CWE-787;CWE-798;CWE-863,10,Commercial Facilities,Italy,False,False,False,False,False
ICSA-24-067-01,2024-03-07,2024,True,ICSA,Chirp Systems,Chirp Systems Chirp Access (Update C),Low,2.3,1,False,0.00283,CWE-259,1,Commercial Facilities,United States,False,False,False,False,False
ICSA-24-072-01,2024-03-12,2024,True,ICSA,Schneider Electric,Schneider Electric EcoStruxure Power Design,High,7.8,1,False,0.00423,CWE-502,1,Commercial Facilities; Information Technology; Healthcare and Public Health; Critical Manufacturing; Transportation Systems; Energy; Chemical,France,True,True,False,False,False
ICSA-24-074-01,2024-03-14,2024,True,ICSA,Siemens,Siemens SENTRON 7KM PAC3x20,Medium,4.6,1,False,0.00223,CWE-284,1,Critical Manufacturing,Germany,False,False,False,False,False
ICSA-24-074-02,2024-03-14,2024,True,ICSA,Siemens,Siemens Solid Edge,High,7.8,1,False,0.00199,CWE-125,1,Critical Manufacturing; Commercial Facilities; Energy; Healthcare and Public Health,Germany,True,True,False,False,False
ICSA-24-074-03,2024-03-14,2024,True,ICSA,Siemens,Siemens SINEMA Remote Connect Server,Critical,9.8,2,False,0.0084,CWE-79;CWE-284,2,Critical Manufacturing; Commercial Facilities; Energy; Food and Agriculture; Healthcare and Public Health; Transportation Systems; Water and Wastewater Systems,Germany,True,True,False,False,False
ICSA-24-074-04,2024-03-14,2024,True,ICSA,Siemens,Siemens SINEMA Remote Connect Client,High,7.6,1,False,0.00431,CWE-538,1,Critical Manufacturing; Commercial Facilities; Energy; Food and Agriculture; Healthcare and Public Health; Transportation Systems; Water and Wastewater Systems,Germany,True,True,False,False,False
ICSA-24-074-05,2024-03-14,2024,True,ICSA,Siemens,Siemens RUGGEDCOM APE1808,Critical,9.8,7,True,0.99999,CWE-73;CWE-122;CWE-134;CWE-269;CWE-295;CWE-400;CWE-787,7,Critical Manufacturing,Germany,False,False,False,False,False
ICSA-24-074-06,2024-03-14,2024,True,ICSA,Siemens,Siemens SENTRON,High,7.5,1,False,0.00523,CWE-912,1,Energy,Germany,True,True,False,False,False
ICSA-24-074-07,2024-03-14,2024,True,ICSA,Siemens,Siemens SIMATIC,Critical,9.8,157,True,0.84925,CWE-20;CWE-74;CWE-116;CWE-119;CWE-120;CWE-125;CWE-190;CWE-191;CWE-269;CWE-281;CWE-287;CWE-295;CWE-311;CWE-312;CWE-326;CWE-330;CWE-362;CWE-415;CWE-416;CWE-440;CWE-502;CWE-610;CWE-665;CWE-667;CWE-668;CWE-681;CWE-732;CWE-754;CWE-755;CWE-787;CWE-834;CWE-835;CWE-862;CWE-863;CWE-908;CWE-909;CWE-1021;CWE-1188,38,Critical Manufacturing,Germany,True,False,True,False,True
ICSA-24-074-08,2024-03-14,2024,True,ICSA,Siemens,Siemens SCALANCE XB-200/XC-200/XP-200/XF-200BA/XR-300WG Family,Medium,4.9,2,False,0.01001,CWE-321;CWE-400,2,Energy,Germany,True,True,False,False,False
ICSA-24-074-09,2024-03-14,2024,True,ICSA,Siemens,Siemens Sinteso EN Cerberus PRO EN Fire Protection Systems,Critical,10.0,3,False,0.00832,CWE-119;CWE-120;CWE-125,3,Critical Manufacturing,Germany,False,False,False,False,False
ICSA-24-074-10,2024-03-14,2024,True,ICSA,Siemens,Siemens Siveillance Control,Medium,5.5,1,False,0.00142,CWE-863,1,Energy,Germany,True,True,False,False,False
ICSA-24-074-11,2024-03-14,2024,True,ICSA,Siemens,Siemens RUGGEDCOM APE1808 with Fortigate NGFW Devices,Critical,9.8,38,True,0.85689,CWE-20;CWE-22;CWE-23;CWE-79;CWE-80;CWE-121;CWE-122;CWE-124;CWE-134;CWE-183;CWE-200;CWE-284;CWE-285;CWE-295;CWE-307;CWE-319;CWE-354;CWE-416;CWE-436;CWE-476;CWE-532;CWE-598;CWE-601;CWE-613;CWE-787;CWE-824;CWE-835,27,Energy,Germany,True,True,False,False,False
ICSA-24-074-12,2024-03-14,2024,True,ICSA,Delta Electronics,Delta Electronics DIAEnergie,High,8.8,10,False,0.0879,CWE-22;CWE-79;CWE-89;CWE-285,4,Critical Manufacturing,Taiwan,False,False,False,False,False
ICSA-24-074-13,2024-03-14,2024,True,ICSA,Softing Industrial Automation GmbH,Softing edgeConnector,High,7.2,2,False,0.71188,CWE-22;CWE-319,2,Critical Manufacturing,Germany,False,False,False,False,False
ICSA-24-074-14,2024-03-14,2024,True,ICSA,Mitsubishi Electric,Mitsubishi Electric MELSEC-Q/L Series (Update B),Critical,9.8,5,False,0.01066,CWE-190;CWE-468,2,Critical Manufacturing,Japan,False,False,False,False,False
ICSA-24-079-01,2024-03-19,2024,True,ICSA,Franklin Fueling System,Franklin Fueling System EVO 550/5000,High,8.7,1,False,0.00696,CWE-25,1,Critical Manufacturing; Transportation Systems,United States,False,False,False,False,False
ICSA-24-081-01,2024-03-21,2024,True,ICSA,Advantech,Advantech WebAccess/SCADA,High,7.1,1,False,0.003,CWE-89,1,Critical Manufacturing; Energy; Water and Wastewater Systems,Taiwan,True,True,False,False,False
ICSA-24-086-01,2024-03-26,2024,True,ICSA,AutomationDirect,Automation-Direct C-MORE EA9 HMI,High,7.5,3,False,0.00618,CWE-22;CWE-121;CWE-256,3,Commercial Facilities; Critical Manufacturing; Energy; Water and Wastewater Systems,United States,True,True,False,False,False
ICSA-24-086-02,2024-03-26,2024,True,ICSA,Rockwell Automation,Rockwell Automation PowerFlex 527,High,8.7,3,False,0.0282,CWE-120;CWE-400,2,Critical Manufacturing,United States,False,False,False,False,False
ICSA-24-086-03,2024-03-26,2024,True,ICSA,Rockwell Automation,Rockwell Automation Arena Simulation,High,7.8,6,False,0.00349,CWE-119;CWE-122;CWE-125;CWE-416;CWE-787;CWE-824,6,Food and Agriculture; Healthcare and Public Health; Critical Manufacturing; Transportation Systems,United States,False,False,False,False,False
ICSA-24-086-04,2024-03-26,2024,True,ICSA,Rockwell Automation,Rockwell Automation FactoryTalk View ME,Medium,6.9,1,False,0.00658,CWE-79,1,Critical Manufacturing,United States,False,False,False,False,False
ICSA-24-093-01,2024-04-02,2024,True,ICSA,IOSiX,IOSIX IO-1020 Micro ELD,Critical,9.4,3,False,0.004,CWE-494;CWE-1392,2,Transportation Systems,United States,False,False,False,False,False
ICSA-24-095-01,2024-04-04,2024,True,ICSA,Hitachi Energy,Hitachi Energy Asset Suite 9,Medium,6.9,1,False,0.00371,CWE-287,1,Energy,Switzerland,True,True,False,False,False
ICSA-24-095-02,2024-04-04,2024,True,ICSA,Schweitzer Engineering Laboratories,Schweitzer Engineering Laboratories SEL,Medium,5.9,1,False,0.00455,CWE-1242,1,Energy,United States,True,True,False,False,False
ICSA-24-100-01,2024-04-09,2024,True,ICSA,SUBNET Solutions Inc.,SUBNET PowerSYSTEM Server and Substation Server,High,8.6,1,False,0.00256,CWE-1357,1,Critical Manufacturing; Energy,Canada,True,True,False,False,False
ICSA-24-102-01,2024-04-11,2024,True,ICSA,Siemens,Siemens SIMATIC S7-1500,High,7.8,7,False,0.04459,CWE-20;CWE-416;CWE-754;CWE-787,4,Critical Manufacturing,Germany,True,False,True,False,False
ICSA-24-102-02,2024-04-11,2024,True,ICSA,Siemens,Siemens SIMATIC WinCC,Medium,6.9,1,False,0.00182,CWE-120,1,Critical Manufacturing,Germany,True,False,True,False,False
ICSA-24-102-03,2024-04-11,2024,True,ICSA,Siemens,Siemens RUGGEDCOM APE1808 before V11.0.1,Medium,6.1,6,True,0.02383,CWE-73;CWE-79;CWE-406;CWE-497;CWE-522;CWE-610,6,Critical Manufacturing,Germany,False,False,False,False,False
ICSA-24-102-04,2024-04-11,2024,True,ICSA,Siemens,Siemens RUGGEDCOM APE1808,High,8.2,5,False,0.93305,CWE-79;CWE-222;CWE-269;CWE-613;CWE-754,5,Critical Manufacturing,Germany,False,False,False,False,False
ICSA-24-102-05,2024-04-11,2024,True,ICSA,Siemens,Siemens Scalance W1750D,Critical,9.8,3,False,0.02068,CWE-120,1,Critical Manufacturing,Germany,False,False,False,False,False
ICSA-24-102-06,2024-04-11,2024,True,ICSA,Siemens,Siemens Parasolid,High,7.3,3,False,0.00225,CWE-125;CWE-476;CWE-770,3,Energy,Germany,True,True,False,False,False
ICSA-24-102-07,2024-04-11,2024,True,ICSA,Siemens,Siemens SINEC NMS,High,7.2,2,False,0.04459,CWE-22;CWE-754,2,Critical Manufacturing,Germany,False,False,False,False,False
ICSA-24-102-08,2024-04-11,2024,True,ICSA,Siemens,Siemens Telecontrol Server Basic,High,8.8,47,False,0.76714,CWE-20;CWE-22;CWE-73;CWE-119;CWE-190;CWE-295;CWE-311;CWE-326;CWE-415;CWE-416;CWE-476;CWE-754;CWE-1333,13,Energy; Transportation Systems; Water and Wastewater Systems,Germany,True,True,False,False,False
ICSA-24-102-09,2024-04-11,2024,True,ICSA,Rockwell Automation,Rockwell Automation 5015-AENFTXT (Update A),High,8.7,1,False,0.02615,CWE-20,1,Critical Manufacturing,United States,False,False,False,False,False
ICSA-24-107-01,2024-04-16,2024,True,ICSA,Measuresoft,Measuresoft ScadaPro,Medium,6.8,1,False,0.00182,CWE-284,1,Energy; Critical Manufacturing,Ireland,True,True,False,False,False
ICSA-24-107-02,2024-04-16,2024,True,ICSA,Electrolink,Electrolink FM/DAB/TV Transmitter,High,8.8,7,False,0.01418,CWE-302;CWE-306;CWE-312;CWE-565,4,Communications,Italy,False,False,False,False,False
ICSA-24-107-03,2024-04-16,2024,True,ICSA,Rockwell Automation,Rockwell Automation ControlLogix and GuardLogix (Update A),Critical,9.2,1,False,0.00637,CWE-20,1,Critical Manufacturing,United States,True,False,True,False,False
ICSA-24-107-04,2024-04-16,2024,True,ICSA,RoboDK,RoboDK RoboDK,Low,3.3,1,False,0.00201,CWE-122,1,Critical Manufacturing,Canada,False,False,False,False,False
ICSA-24-109-01,2024-04-18,2024,True,ICSA,Unitronics,Unitronics Vision Legacy Series (Update A),High,8.7,1,False,0.00503,CWE-257,1,Water and Wastewater Systems,Israel,False,False,False,False,False
ICSA-24-116-01,2024-04-25,2024,True,ICSA,Hitachi Energy,Multiple Vulnerabilities in Hitachi Energy RTU500 Series,High,7.0,2,False,0.00568,CWE-434,1,Energy,Switzerland,True,True,False,False,False
ICSA-24-116-02,2024-04-25,2024,True,ICSA,Hitachi Energy,Hitachi Energy MACH SCM (Update A),High,7.7,2,False,0.00628,CWE-94;CWE-95,2,Energy,Switzerland,True,True,False,False,False
ICSA-24-116-03,2024-04-25,2024,True,ICSA,Siemens,Siemens RUGGEDCOM APE1808 Devices Configured with Palo Alto Networks Virtual NGFW,Critical,10.0,1,True,0.99999,CWE-77,1,Critical Manufacturing,Germany,False,False,False,False,False
ICSA-24-116-04,2024-04-25,2024,True,ICSA,Honeywell,"Honeywell Experion PKS, Experion LX, PlantCruise by Experion, Safety Manager, Safety Manager SC",Critical,9.1,11,False,0.00779,CWE-20;CWE-36;CWE-119;CWE-121;CWE-122;CWE-130;CWE-749;CWE-787;CWE-805;CWE-1295;CWE-1327,11,Chemical; Critical Manufacturing; Energy; Water and Wastewater Systems,United States,True,True,True,False,False
ICSA-24-121-01,2024-04-30,2024,True,ICSA,Delta Electronics,Delta Electronics CNCSoft-G2 DOPSoft (Update A),High,8.5,2,False,0.00322,CWE-121,1,Energy; Critical Manufacturing,Taiwan,True,True,False,False,False
ICSA-24-123-01,2024-05-02,2024,True,ICSA,CyberPower,CyberPower PowerPanel,Critical,9.8,8,False,0.00713,CWE-23;CWE-89;CWE-257;CWE-259;CWE-285;CWE-321;CWE-489;CWE-798,8,Critical Manufacturing,United States,False,False,False,False,False
ICSA-24-123-02,2024-05-02,2024,True,ICSA,Delta Electronics,Delta Electronics DIAEnergie,Critical,9.3,3,False,0.08742,CWE-22;CWE-89,2,Energy,Taiwan,True,True,False,False,False
ICSA-24-128-01,2024-05-07,2024,True,ICSA,PTC,PTC Codebeamer,Medium,5.1,1,False,0.00348,CWE-79,1,Information Technology; Critical Manufacturing,United States,False,False,False,False,False
ICSA-24-128-02,2024-05-07,2024,True,ICSA,SUBNET Solutions Inc.,SUBNET Substation Server,High,8.6,1,False,0.00209,CWE-1357,1,Critical Manufacturing; Energy,Canada,True,True,False,False,False
ICSA-24-130-01,2024-05-09,2024,True,ICSA,Rockwell Automation,Rockwell Automation FactoryTalk Historian SE,High,7.7,2,False,0.00555,CWE-703;CWE-772,2,Critical Manufacturing,United States,False,False,False,False,False
ICSA-24-130-02,2024-05-09,2024,True,ICSA,alpitronic,alpitronic Hypercharger EV Charger,High,8.3,1,False,0.00489,CWE-1392,1,Transportation Systems,Italy,False,False,False,True,False
ICSA-24-130-03,2024-05-09,2024,True,ICSA,Delta Electronics,Delta Electronics InfraSuite Device Master,Critical,9.3,1,True,0.99723,CWE-502,1,Critical Manufacturing,Taiwan,False,False,False,False,False
ICSA-24-135-01,2024-05-14,2024,True,ICSA,Rockwell Automation,Rockwell Automation FactoryTalk Remote Access,High,7.0,1,False,0.00272,CWE-428,1,Chemical; Commercial Facilities; Critical Manufacturing; Energy; Government Facilities; Water and Wastewater Systems,United States,True,True,False,False,False
ICSA-24-135-02,2024-05-14,2024,True,ICSA,SUBNET Solutions Inc.,SUBNET PowerSYSTEM Center and Substation Server,High,8.6,1,False,0.00209,CWE-1357,1,Critical Manufacturing; Energy,Canada,True,True,False,False,False
ICSA-24-135-03,2024-05-14,2024,True,ICSA,Johnson Controls Inc.,Johnson Controls Software House C-CURE 9000,High,7.7,1,False,0.00164,CWE-532,1,Critical Manufacturing,Ireland,False,False,False,False,False
ICSA-24-135-04,2024-05-14,2024,True,ICSA,Mitsubishi Electric,Mitsubishi Electric Multiple FA Engineering Software Products (Update F),Medium,6.0,12,False,0.00335,CWE-269;CWE-400;CWE-787,3,Critical Manufacturing,"United States, Japan",False,False,False,False,False
ICSA-24-137-01,2024-05-16,2024,True,ICSA,Siemens,Siemens Parasolid,High,7.3,3,False,0.00279,CWE-125;CWE-476,2,Critical Manufacturing; Energy,Germany,True,True,False,False,False
ICSA-24-137-02,2024-05-16,2024,True,ICSA,Siemens,Siemens SICAM Products,High,8.6,3,False,0.02437,CWE-77;CWE-170;CWE-312,3,Critical Manufacturing,Germany,False,False,False,False,False
ICSA-24-137-03,2024-05-16,2024,True,ICSA,Siemens,Siemens Teamcenter Visualization and JT2Go,High,7.8,2,False,0.00239,CWE-121;CWE-787,2,Critical Manufacturing,Germany,False,False,False,False,False
ICSA-24-137-04,2024-05-16,2024,True,ICSA,Siemens,Siemens Polarion ALM,High,7.1,1,False,0.00423,CWE-284,1,Critical Manufacturing,Germany,False,False,False,False,False
ICSA-24-137-05,2024-05-16,2024,True,ICSA,Siemens,Siemens Simcenter Nastran,High,7.8,1,False,0.00231,CWE-121,1,Critical Manufacturing,Germany,False,False,False,False,False
ICSA-24-137-06,2024-05-16,2024,True,ICSA,Siemens,Siemens SIMATIC CN 4100 Before V3.0,Critical,10.0,3,False,0.00703,CWE-259;CWE-798;CWE-1326,3,Critical Manufacturing,Germany,True,False,True,False,False
ICSA-24-137-07,2024-05-16,2024,True,ICSA,Siemens,Siemens SIMATIC RTLS Locating Manager,Critical,10.0,21,False,0.78483,CWE-20;CWE-73;CWE-122;CWE-311;CWE-319;CWE-321;CWE-345;CWE-400;CWE-494;CWE-522;CWE-732;CWE-754;CWE-770;CWE-834;CWE-912,15,Critical Manufacturing; Transportation Systems,Germany,True,False,True,False,False
ICSA-24-137-08,2024-05-16,2024,True,ICSA,Siemens,Siemens PS/IGES Parasolid Translator Component,High,7.8,11,False,0.0039,CWE-119;CWE-125;CWE-843,3,Critical Manufacturing,Germany,False,False,False,False,False
ICSA-24-137-09,2024-05-16,2024,True,ICSA,Siemens,Siemens Solid Edge,High,7.8,8,False,0.00299,CWE-121;CWE-122;CWE-125,3,Critical Manufacturing,Germany,False,False,False,False,False
ICSA-24-137-10,2024-05-16,2024,True,ICSA,Siemens,Siemens RUGGEDCOM CROSSBOW,Critical,9.8,9,False,0.01406,CWE-22;CWE-73;CWE-89;CWE-200;CWE-306;CWE-862,6,Critical Manufacturing; Energy,Germany,True,True,False,False,False
ICSA-24-137-11,2024-05-16,2024,True,ICSA,Siemens,Siemens RUGGEDCOM APE1808,High,7.5,2,False,0.0057,CWE-20;CWE-522,2,Critical Manufacturing,Germany,False,False,False,False,False
ICSA-24-137-12,2024-05-16,2024,True,ICSA,Siemens,Siemens Desigo Fire Safety UL and Cerberus PRO UL Fire Protection Systems,Critical,10.0,3,False,0.00832,CWE-119;CWE-120;CWE-125,3,Emergency Services,Germany,False,False,False,False,False
ICSA-24-137-13,2024-05-16,2024,True,ICSA,Siemens,Siemens Industrial Products,High,8.2,1,False,0.00262,CWE-125,1,Critical Manufacturing,Germany,True,False,True,False,False
ICSA-24-137-14,2024-05-16,2024,True,ICSA,Rockwell Automation,Rockwell Automation FactoryTalk View SE,High,8.8,1,False,0.00652,CWE-20,1,Chemical; Commercial Facilities; Critical Manufacturing; Energy; Government Facilities; Water and Wastewater Systems,United States,True,True,False,False,False
ICSA-24-142-01,2024-05-21,2024,True,ICSA,LCDS - Leao Consultoria e Desenvolvimento de Sistemas Ltda ME,LCDS LAquis SCADA,High,8.5,1,False,0.00411,CWE-22,1,Chemical; Commercial Facilities; Energy; Food and Agriculture; Transportation Systems; Water and Wastewater Systems,Brazil,False,True,False,False,False
ICSA-24-144-01,2024-05-23,2024,True,ICSA,AutomationDirect,AutomationDirect Productivity PLCs,Critical,9.3,15,False,0.01512,CWE-121;CWE-284;CWE-345;CWE-489;CWE-805,5,Commercial Facilities; Critical Manufacturing; Information Technology,United States,False,False,False,False,False
ICSA-24-149-01,2024-05-28,2024,True,ICSA,Campbell Scientific,Campbell Scientific CSI Web Server,Medium,6.9,2,False,0.00487,CWE-22;CWE-261,2,Energy; Food and Agriculture; Water and Wastewater Systems; Transportation Systems,United States,True,True,False,False,False
ICSA-24-151-01,2024-05-30,2024,True,ICSA,LenelS2,LenelS2 NetBox,Critical,9.3,3,False,0.00523,CWE-78;CWE-88;CWE-259,3,Commercial Facilities,United States,False,False,False,False,False
ICSA-24-151-02,2024-05-30,2024,True,ICSA,Fuji Electric,Fuji Electric Monitouch V-SFT (Update A),High,8.5,3,False,0.0056,CWE-121;CWE-787;CWE-843,3,Critical Manufacturing; Energy,Japan,True,True,False,False,False
ICSA-24-151-03,2024-05-30,2024,True,ICSA,Inosoft,Inosoft VisiWin,High,8.5,1,False,0.00978,CWE-276,1,Critical manufacturing,Germany,False,False,False,False,False
ICSA-24-151-04,2024-05-30,2024,True,ICSA,Westermo,Westermo EDW-100,Critical,9.8,2,False,0.00569,CWE-259;CWE-522,2,Energy; Water and Wastewater Systems; Transportation Systems,Sweden,True,True,False,False,False
ICSA-24-156-01,2024-06-04,2024,True,ICSA,Uniview,Uniview NVR301-04S2-P4 (Update A),Medium,5.1,1,False,0.00893,CWE-79,1,Commercial Facilities,China,False,False,False,False,False
ICSA-24-158-01,2024-06-06,2024,True,ICSA,Emerson,Emerson PACSystem and Fanuc,Medium,5.6,4,False,,CWE-319;CWE-345;CWE-494;CWE-522,4,Energy,United States,True,True,False,False,False
ICSA-24-158-02,2024-06-06,2024,True,ICSA,Emerson,Emerson Ovation,Critical,9.8,2,False,,CWE-306;CWE-345,2,Energy,United States,True,True,True,False,False
ICSA-24-158-03,2024-06-06,2024,True,ICSA,Mitsubishi Electric,Mitsubishi Electric CC-Link IE TSN Industrial Managed Switch,Medium,5.1,1,False,0.75116,CWE-770,1,Critical Manufacturing,Japan,False,False,False,False,False
ICSA-24-158-04,2024-06-06,2024,True,ICSA,Johnson Controls Inc.,Johnson Controls Software House iStar Pro Door Controller (Update A),High,8.8,1,False,0.00591,CWE-306,1,Critical Manufacturing; Commercial Facilities; Government Facilities; Transportation Systems; Energy,Ireland,True,True,False,False,False
ICSA-24-163-01,2024-06-11,2024,True,ICSA,Rockwell Automation,"Rockwell Automation ControlLogix, GuardLogix, and CompactLogix",High,8.3,1,False,0.00311,CWE-670,1,Critical Manufacturing,United States,True,False,True,False,False
ICSA-24-163-02,2024-06-11,2024,True,ICSA,AVEVA,AVEVA PI Web API,High,8.4,1,False,0.00417,CWE-502,1,Critical Manufacturing,United Kingdom,False,False,False,False,False
ICSA-24-163-03,2024-06-11,2024,True,ICSA,AVEVA,AVEVA PI Asset Framework Client,High,7.0,1,False,0.00188,CWE-502,1,Critical Manufacturing,United Kingdom,False,False,False,False,False
ICSA-24-163-04,2024-06-11,2024,True,ICSA,Intrado,Intrado 911 Emergency Gateway,Critical,10.0,1,False,0.0054,CWE-89,1,Emergency Services,United States,False,False,False,False,False
ICSA-24-165-01,2024-06-13,2024,True,ICSA,Siemens,Siemens Mendix Applications,High,7.4,1,False,0.00298,CWE-269,1,Commercial Facilities; Critical Manufacturing; Defense Industrial Base; Energy; Financial Services; Government Facilities; Healthcare and Public Health; Transportation Systems,Germany,True,True,False,False,False
ICSA-24-165-02,2024-06-13,2024,True,ICSA,Siemens,Siemens SIMATIC S7-200 SMART Devices,High,8.8,1,False,0.00387,CWE-330,1,Chemical; Critical Manufacturing; Energy; Food and Agriculture; Water and Wastewater Systems,Germany,True,True,True,False,False
ICSA-24-165-03,2024-06-13,2024,True,ICSA,Siemens,Siemens TIA Administrator,Medium,4.8,1,False,0.00147,CWE-379,1,Critical Manufacturing,Germany,False,False,False,False,False
ICSA-24-165-04,2024-06-13,2024,True,ICSA,Siemens,Siemens ST7 ScadaConnect,High,8.2,37,True,0.99999,CWE-20;CWE-119;CWE-190;CWE-295;CWE-311;CWE-400;CWE-415;CWE-476;CWE-754;CWE-1333,10,Commercial Facilities; Energy; Critical Manufacturing,Germany,True,True,False,False,False
ICSA-24-165-05,2024-06-13,2024,True,ICSA,Siemens,Siemens SITOP UPS1600,Medium,5.6,3,False,0.00703,CWE-787,1,Critical Manufacturing,Germany,False,False,False,False,False
ICSA-24-165-06,2024-06-13,2024,True,ICSA,Siemens,Siemens TIM 1531 IRC,Medium,6.9,32,False,0.59501,CWE-20;CWE-125;CWE-190;CWE-295;CWE-311;CWE-326;CWE-415;CWE-416;CWE-667;CWE-681;CWE-787;CWE-835,12,Chemical; Critical Manufacturing; Energy; Food and Agriculture; Water and Wastewater Systems,Germany,True,True,False,False,False
ICSA-24-165-07,2024-06-13,2024,True,ICSA,Siemens,Siemens PowerSys,High,8.5,1,False,0.00155,CWE-287,1,Critical Manufacturing,Germany,False,False,False,False,False
ICSA-24-165-08,2024-06-13,2024,True,ICSA,Siemens,Siemens Teamcenter Visualization and JT2Go,High,7.8,3,False,0.00225,CWE-125;CWE-476;CWE-770,3,Chemical; Critical Manufacturing; Defense Industrial Base; Energy,Germany,True,True,False,False,False
ICSA-24-165-09,2024-06-13,2024,True,ICSA,Siemens,Siemens SICAM AK3/BC/TM,High,7.8,1,False,0.00468,CWE-170,1,Critical Manufacturing; Energy,Germany,True,True,False,False,False
ICSA-24-165-10,2024-06-13,2024,True,ICSA,Siemens,Siemens SIMATIC and SIPLUS,Critical,9.8,23,False,0.59501,CWE-20;CWE-74;CWE-119;CWE-125;CWE-190;CWE-295;CWE-326;CWE-362;CWE-401;CWE-415;CWE-416;CWE-476;CWE-667;CWE-835,14,Chemical; Critical Manufacturing; Energy; Transportation; Water and Wastewater Systems,Germany,True,True,True,False,False
ICSA-24-165-11,2024-06-13,2024,True,ICSA,Siemens,"Siemens SCALANCE XM-400, XR-500",High,7.5,8,False,0.59501,CWE-20;CWE-295;CWE-326;CWE-415;CWE-416,5,"Chemical; Critical Manufacturing; Energy; Nuclear Reactors, Materials, and Waste",Germany,True,True,False,False,False
ICSA-24-165-12,2024-06-13,2024,True,ICSA,Siemens,Siemens SCALANCE W700,Critical,9.1,7,False,0.01341,CWE-74;CWE-78;CWE-321;CWE-328;CWE-349;CWE-567;CWE-664,7,"Chemical; Critical Manufacturing; Energy; Nuclear Reactors, Materials, and Waste",Germany,True,True,False,False,False
ICSA-24-165-13,2024-06-13,2024,True,ICSA,Siemens,Siemens SINEC Traffic Analyzer,High,8.7,8,False,0.01119,CWE-20;CWE-319;CWE-352;CWE-522;CWE-613;CWE-614;CWE-749;CWE-787,8,Energy,Germany,True,True,False,False,False
ICSA-24-165-14,2024-06-13,2024,True,ICSA,Fuji Electric,Fuji Electric Tellus Lite V-Simulator,High,8.5,2,False,0.00332,CWE-121;CWE-787,2,Critical Manufacturing,Japan,False,False,False,False,False
ICSA-24-165-16,2024-06-13,2024,True,ICSA,Rockwell Automation,Rockwell Automation FactoryTalk View SE,High,8.2,1,False,0.00498,CWE-287,1,Critical Manufacturing,United States,False,False,False,False,False
ICSA-24-165-17,2024-06-13,2024,True,ICSA,Rockwell Automation,Rockwell Automation FactoryTalk View SE,High,8.5,1,False,0.00333,CWE-732,1,Critical Manufacturing,United States,False,False,False,False,False
ICSA-24-165-18,2024-06-13,2024,True,ICSA,Rockwell Automation,Rockwell Automation FactoryTalk View SE,High,8.2,1,False,0.00498,CWE-287,1,Critical Manufacturing,United States,False,False,False,False,False
ICSA-24-165-19,2024-06-13,2024,True,ICSA,Motorola Solutions,Motorola Solutions Vigilant License Plate Readers,High,8.7,7,False,0.00388,CWE-288;CWE-294;CWE-311;CWE-313;CWE-522;CWE-798,6,Emergency Services,United States,False,False,False,False,False
ICSA-24-170-01,2024-06-18,2024,True,ICSA,RAD Data Communications,RAD Data Communications SecFlow-2,High,8.7,1,False,0.0082,CWE-29,1,Communications,Israel,False,False,False,False,False
ICSA-24-172-01,2024-06-20,2024,True,ICSA,Yokogawa,Yokogawa CENTUM,High,7.7,1,False,0.00339,CWE-284,1,Critical Manufacturing; Energy; Food and Agriculture,Japan,True,True,True,False,False
ICSA-24-172-02,2024-06-20,2024,True,ICSA,CAREL,CAREL Boss-Mini,Critical,9.3,1,False,0.75363,CWE-73,1,Commercial Facilities,Italy,False,False,False,False,False
ICSA-24-172-03,2024-06-20,2024,True,ICSA,Westermo,Westermo L210-F2G,High,8.7,3,False,0.00478,CWE-319;CWE-799,2,Critical Manufacturing; Transportation Systems,Sweden,False,False,False,False,False
ICSA-24-177-01,2024-06-05,2024,True,ICSA,ABB,ABB 800xA Base (Update A),Medium,5.7,1,False,0.0026,CWE-1284,1,Chemical; Critical Manufacturing; Dams; Energy; Food and Agriculture; Water and Wastewater Systems,Switzerland,True,True,True,False,False
ICSA-24-177-02,2024-06-25,2024,True,ICSA,PTC,PTC Creo Elements/Direct License Server (Update A),Critical,10.0,1,False,0.01118,CWE-862,1,Information Technology,United States,False,False,False,False,False
ICSA-24-179-01,2024-06-27,2024,True,ICSA,marKoni,TELSAT marKoni FM Transmitter,Critical,9.3,4,False,0.01211,CWE-77;CWE-284;CWE-603;CWE-798,4,Communications,Italy,False,False,False,False,False
ICSA-24-179-02,2024-06-27,2024,True,ICSA,SDG Technologies,SDG Technologies PnPSCADA,Critical,9.3,1,False,0.00656,CWE-862,1,Energy; Water and Wastewater Systems; Critical Manufacturing,South Africa,True,True,False,False,False
ICSA-24-179-03,2024-06-27,2024,True,ICSA,Yokogawa,Yokogawa FAST/TOOLS and CI Server,Medium,6.9,2,False,0.00477,CWE-79;CWE-258,2,Critical Manufacturing; Energy; Food and Agriculture,Japan,True,True,False,False,False
ICSA-24-179-04,2024-06-27,2024,True,ICSA,Johnson Controls Inc.,Johnson Controls Illustra Essentials Gen 4 (Update A),Critical,9.1,1,False,0.00512,CWE-20,1,Critical Manufacturing; Commercial Facilities; Government Facilities; Transportation Systems; Energy,Ireland,True,True,False,False,False
ICSA-24-179-05,2024-06-27,2024,True,ICSA,Johnson Controls Inc.,Johnson Controls Illustra Essentials Gen 4 (Update A),Medium,6.8,1,False,0.00353,CWE-257,1,Critical Manufacturing; Commercial Facilities; Government Facilities; Transportation Systems; Energy,Ireland,True,True,False,False,False
ICSA-24-179-06,2024-06-27,2024,True,ICSA,Johnson Controls Inc.,Johnson Controls Illustra Essentials Gen 4 (Update A),Medium,6.8,1,False,0.00372,CWE-532,1,Critical Manufacturing; Commercial Facilities; Government Facilities; Transportation Systems; Energy,Ireland,True,True,False,False,False
ICSA-24-179-07,2024-06-27,2024,True,ICSA,Johnson Controls Inc.,Johnson Controls Illustra Essentials Gen 4 (Update A),Medium,6.8,1,False,0.00384,CWE-257,1,Critical Manufacturing; Commercial Facilities; Government Facilities; Transportation Systems; Energy,Ireland,True,True,False,False,False
ICSA-24-184-01,2024-07-02,2024,True,ICSA,Johnson Controls Inc.,Johnson Controls Kantech Door Controllers,Low,3.1,1,False,0.00222,CWE-200,1,Critical Manufacturing,Ireland,False,False,False,False,False
ICSA-24-184-02,2024-07-02,2024,True,ICSA,mySCADA Technologies,mySCADA myPRO,Critical,9.3,1,False,0.00995,CWE-259,1,Critical Manufacturing,Czech Republic,False,False,False,False,False
ICSA-24-184-03,2024-06-27,2024,True,ICSA,Mitsubishi Electric Iconics Digital Solutions,Mitsubishi Electric Iconics Digital Solutions and Mitsubishi Electric Products (Update E),High,7.0,5,False,0.75116,CWE-306;CWE-347;CWE-427;CWE-470;CWE-770,5,Critical Manufacturing,Japan,False,False,False,False,False
ICSA-24-191-01,2024-07-09,2024,True,ICSA,Delta Electronics,Delta Electronics CNCSoft-G2 (Update A),High,8.4,6,False,0.00738,CWE-121;CWE-122;CWE-125;CWE-787,4,Critical Manufacturing; Energy,Taiwan,True,True,False,False,False
ICSA-24-191-02,2024-07-09,2024,True,ICSA,Mitsubishi Electric,Mitsubishi Electric MELIPC Series MI5122-VW,High,8.8,1,False,0.00165,CWE-276,1,Critical Manufacturing,Japan,False,False,False,False,False
ICSA-24-191-03,2024-07-09,2024,True,ICSA,Johnson Controls Inc.,Johnson Controls Illustra Pro Gen 4,High,7.0,1,False,0.00405,CWE-1395,1,Critical Manufacturing,Ireland,False,False,False,False,False
ICSA-24-191-04,2024-07-09,2024,True,ICSA,Johnson Controls Inc.,Johnson Controls Software House C-CURE 9000,High,7.3,1,False,0.00419,CWE-1391,1,Critical Manufacturing; Commercial Facilities; Government Facilities; Transportation Systems; Energy,Ireland,True,True,False,False,False
ICSA-24-191-05,2024-07-09,2024,True,ICSA,Johnson Controls Inc.,Johnson Controls Inc. Software House C-CURE 9000 (Update B),High,8.5,1,False,0.00148,CWE-276,1,Critical Manufacturing; Commercial Facilities; Government Facilities; Transportation Systems; Energy,Ireland,True,True,False,False,False
ICSA-24-193-01,2024-07-11,2024,True,ICSA,Siemens,Siemens Remote Connect Server,Critical,9.6,13,False,0.00747,CWE-267;CWE-286;CWE-307;CWE-378;CWE-425;CWE-434;CWE-602;CWE-732;CWE-754;CWE-770;CWE-863,11,"Critical Manufacturing; Energy; Nuclear Reactors, Materials, and Waste",Germany,True,True,False,False,False
ICSA-24-193-02,2024-07-11,2024,True,ICSA,Siemens,Siemens RUGGEDCOM APE 1808,High,7.5,4,False,0.03469,CWE-79;CWE-121;CWE-916,3,Communications; Critical Manufacturing; Energy; Transportation Systems,Germany,True,True,False,False,False
ICSA-24-193-03,2024-07-11,2024,True,ICSA,Siemens,Siemens Teamcenter Visualization and JT2Go,High,7.8,1,False,0.00167,CWE-125,1,Critical Manufacturing,Germany,False,False,False,False,False
ICSA-24-193-04,2024-07-11,2024,True,ICSA,Siemens,Siemens Simcenter Femap,High,7.3,15,False,0.0039,CWE-119;CWE-121;CWE-125;CWE-787;CWE-843,5,Critical Manufacturing,Germany,False,False,False,False,False
ICSA-24-193-05,2024-07-11,2024,True,ICSA,Siemens,"Siemens SCALANCE, RUGGEDCOM, SIPLUS, and SINEC",Critical,9.1,1,False,0.14859,CWE-924,1,Critical Manufacturing; Communications,Germany,False,False,False,False,False
ICSA-24-193-06,2024-07-11,2024,True,ICSA,Siemens,Siemens RUGGEDCOM,High,8.7,4,False,0.00444,CWE-200;CWE-266;CWE-497,3,Energy; Communications,Germany,True,True,False,False,False
ICSA-24-193-07,2024-07-11,2024,True,ICSA,Siemens,Siemens SIMATIC and SIMIT,Medium,5.3,1,False,0.00465,CWE-1325,1,Critical manufacturing,Germany,True,False,True,False,False
ICSA-24-193-08,2024-07-11,2024,True,ICSA,Siemens,Siemens Mendix Encryption Module,High,8.7,1,False,0.00244,CWE-547,1,Critical Manufacturing,Germany,False,False,False,False,False
ICSA-24-193-09,2024-07-11,2024,True,ICSA,Siemens,Siemens SINEMA Remote Connect Server,High,8.7,2,False,0.01353,CWE-77,1,Critical Manufacturing,Germany,False,False,False,False,False
ICSA-24-193-10,2024-07-11,2024,True,ICSA,Siemens,Siemens JT Open and PLM XML SDK,High,7.3,2,False,0.0017,CWE-121;CWE-476,2,Critical Manufacturing,Germany,False,False,False,False,False
ICSA-24-193-11,2024-07-11,2024,True,ICSA,Siemens,Siemens RUGGEDCOM APE 1808,High,8.2,1,False,0.93305,CWE-222,1,Critical Manufacturing,Germany,False,False,False,False,False
ICSA-24-193-12,2024-07-11,2024,True,ICSA,Siemens,Siemens TIA Portal and SIMATIC STEP 7,High,7.0,1,False,0.00178,CWE-502,1,Critical Manufacturing,Germany,True,False,True,False,False
ICSA-24-193-13,2024-07-11,2024,True,ICSA,Siemens,"Siemens TIA Portal, SIMATIC, and SIRIUS",High,7.0,1,False,0.00213,CWE-502,1,Chemical; Critical Manufacturing; Energy; Transportation Systems; Water and Wastewater Systems.,Germany,True,True,True,False,False
ICSA-24-193-14,2024-07-11,2024,True,ICSA,Siemens,Siemens SIPROTEC,Medium,5.9,1,False,0.00205,CWE-326,1,Energy,Germany,True,True,False,False,False
ICSA-24-193-15,2024-07-11,2024,True,ICSA,Siemens,Siemens SINEMA Remote Connect Server,High,8.5,3,False,0.01028,CWE-77,1,Critical Manufacturing; Commercial Facilities; Energy; Food and Agriculture; Healthcare and Public Health; Transportation Systems; Water and Wastewater Systems,Germany,True,True,False,False,False
ICSA-24-193-16,2024-07-11,2024,True,ICSA,Siemens,Siemens SIMATIC WinCC,High,8.2,1,False,0.00514,CWE-359,1,Critical Manufacturing,Germany,True,False,True,False,False
ICSA-24-193-17,2024-07-11,2024,True,ICSA,Siemens,Siemens SIMATIC STEP 7 (TIA Portal),High,8.5,1,False,0.00227,CWE-502,1,Critical Manufacturing,Germany,True,False,True,False,False
ICSA-24-193-18,2024-07-11,2024,True,ICSA,Rockwell Automation,Rockwell Automation ThinManager ThinServer,Critical,9.3,3,False,0.02654,CWE-20,1,Critical Manufacturing,United States,False,False,False,False,False
ICSA-24-193-19,2024-07-11,2024,True,ICSA,Rockwell Automation,Rockwell Automation FactoryTalk System Services and Policy Manager,Medium,6.0,2,False,0.00744,CWE-269,1,Critical Manufacturing,United States,False,False,False,False,False
ICSA-24-193-20,2024-07-11,2024,True,ICSA,HMS Industrial Networks,HMS Industrial Networks Anybus-CompactCom 30,Medium,6.3,1,False,0.00256,CWE-79,1,Critical Manufacturing,Sweden,False,False,False,False,False
ICSA-24-198-01,2024-07-16,2024,True,ICSA,Rockwell Automation,Rockwell Automation Pavilion8,High,8.7,1,False,0.00488,CWE-732,1,Critical Manufacturing,United States,False,False,False,False,False
ICSA-24-200-01,2024-07-18,2024,True,ICSA,Mitsubishi Electric,Mitsubishi Electric MELSOFT MaiLab and MELSOFT VIXIO (Update A),High,8.2,1,False,0.00843,CWE-347,1,Critical Manufacturing,Japan,False,False,False,False,False
ICSA-24-200-02,2024-07-18,2024,True,ICSA,SUBNET Solutions Inc.,Subnet Solutions PowerSYSTEM Center,Medium,6.9,1,False,0.02542,CWE-1321,1,Critical Manufacturing; Energy,Canada,True,True,False,False,False
ICSA-24-205-01,2024-07-23,2024,True,ICSA,National Instruments Corp (NI),National Instruments IO Trace,High,8.4,1,False,0.00306,CWE-121,1,Critical Manufacturing; Defense Industrial Base; Information Technology; Transportation Systems,United States,False,False,False,False,False
ICSA-24-205-02,2024-07-23,2024,True,ICSA,Hitachi Energy,Hitachi Energy AFS/AFR Series Products,High,7.5,4,False,0.59501,CWE-203;CWE-415;CWE-416;CWE-843,4,Energy,Switzerland,True,True,False,False,False
ICSA-24-205-03,2024-07-23,2024,True,ICSA,National Instruments Corp (NI),National Instruments LabVIEW,High,8.4,3,False,0.00281,CWE-119;CWE-125,2,Critical Manufacturing; Defense Industrial Base; Information Technology; Transportation Systems,United States,False,False,False,False,False
ICSA-24-207-01,2024-07-25,2024,True,ICSA,Siemens,Siemens SICAM Products,Critical,9.3,2,False,0.00524,CWE-306;CWE-620,2,Critical Manufacturing,Germany,False,False,False,False,False
ICSA-24-207-02,2024-07-25,2024,True,ICSA,Positron S.R.L,Positron Broadcast Signal Processor,High,8.7,1,False,0.00641,CWE-288,1,Communications,Italy,False,False,False,False,False
ICSA-24-214-01,2024-08-01,2024,True,ICSA,Johnson Controls Inc.,Johnson Controls exacqVision Client and exacqVision Server,Critical,9.0,1,False,0.00438,CWE-326,1,Critical Manufacturing; Commercial Facilities; Government Facilities; Transportation Systems; Energy,Ireland,True,True,False,False,False
ICSA-24-214-02,2024-08-01,2024,True,ICSA,Johnson Controls Inc.,Johnson Controls exacqVision Server Web Service,High,7.6,1,False,0.00431,CWE-942,1,Critical Manufacturing; Commercial Facilities; Government Facilities; Transportation Systems; Energy,Ireland,True,True,False,False,False
ICSA-24-214-03,2024-08-01,2024,True,ICSA,Johnson Controls Inc.,Johnson Controls exacqVision Web Service,Medium,6.8,1,False,0.00204,CWE-352,1,Critical Manufacturing; Commercial Facilities; Government Facilities; Transportation Systems; Energy,Ireland,True,True,False,False,False
ICSA-24-214-04,2024-08-01,2024,True,ICSA,Johnson Controls Inc.,Johnson Controls exacqVision Web Service,Medium,6.4,1,False,0.00222,CWE-319,1,Critical Manufacturing; Commercial Facilities; Government Facilities; Transportation Systems; Energy,Ireland,True,True,False,False,False
ICSA-24-214-05,2024-08-01,2024,True,ICSA,Johnson Controls Inc.,Johnson Controls exacqVision Web Service,Medium,6.4,1,False,0.00131,CWE-295,1,Critical Manufacturing; Commercial Facilities; Government Facilities; Transportation Systems; Energy,Ireland,True,True,False,False,False
ICSA-24-214-06,2024-08-01,2024,True,ICSA,Johnson Controls Inc.,Johnson Controls exacqVision Web Service,Medium,5.7,1,False,0.00376,CWE-598,1,Critical Manufacturing; Commercial Facilities; Government Facilities; Transportation Systems; Energy,Ireland,True,True,False,False,False
ICSA-24-214-07,2024-08-01,2024,True,ICSA,AVTECH SECURITY Corporation,AVTECH IP Camera,Critical,9.3,1,False,0.38998,CWE-77,1,Commercial Facilities; Financial Services; Healthcare and Public Health; Transportation Systems,Taiwan,False,False,False,False,False
ICSA-24-214-08,2024-08-01,2024,True,ICSA,Vonets,Vonets WiFi Bridges,Critical,10.0,7,False,0.01705,CWE-22;CWE-77;CWE-121;CWE-284;CWE-425;CWE-703;CWE-798,7,Communications,China,False,False,False,False,False
ICSA-24-214-09,2024-08-01,2024,True,ICSA,Rockwell Automation,Rockwell Automation Logix Controllers,High,7.3,1,False,0.09499,CWE-420,1,Critical Manufacturing,United States,True,False,True,False,False
ICSA-24-219-01,2024-08-06,2024,True,ICSA,Delta Electronics,Delta Electronics DIAScreen,High,8.5,1,False,0.00424,CWE-121,1,Energy,Taiwan,True,True,False,False,False
ICSA-24-221-01,2024-08-08,2024,True,ICSA,Dorsett Controls,Dorsett Controls InfoScan,Medium,6.9,3,False,0.00384,CWE-22;CWE-200,2,Water and Wastewater Systems,United States,False,False,False,False,False
ICSA-24-226-01,2024-08-13,2024,True,ICSA,AVEVA,AVEVA SuiteLink Server,High,8.7,1,False,0.00498,CWE-770,1,Critical Manufacturing,United Kingdom,False,False,False,False,False
ICSA-24-226-02,2024-08-13,2024,True,ICSA,Rockwell Automation,Rockwell Automation AADvance Standalone OPC-DA Server,Critical,9.8,2,False,0.17366,CWE-20;CWE-134,2,Critical Manufacturing,United States,False,False,False,False,False
ICSA-24-226-03,2024-08-13,2024,True,ICSA,Rockwell Automation,Rockwell Automation GuardLogix/ControlLogix 5580 Controller,High,8.7,1,False,0.00577,CWE-754,1,Critical Manufacturing,United States,True,False,True,False,False
ICSA-24-226-04,2024-08-13,2024,True,ICSA,Rockwell Automation,Rockwell Automation Pavilion8,Medium,5.3,1,False,0.00186,CWE-311,1,Critical Manufacturing,United States,False,False,False,False,False
ICSA-24-226-05,2024-08-13,2024,True,ICSA,Rockwell Automation,Rockwell Automation DataMosaix Private Cloud,High,8.6,1,False,0.00378,CWE-287,1,Critical Manufacturing,United States,False,False,False,False,False
ICSA-24-226-06,2024-08-13,2024,True,ICSA,Rockwell Automation,Rockwell Automation FactoryTalk View Site Edition (Update A),High,8.5,1,False,0.01656,CWE-732,1,Chemical; Commercial Facilities; Critical Manufacturing; Energy; Government Facilities; Water and Wastewater Systems,United States,True,True,False,False,False
ICSA-24-226-07,2024-08-13,2024,True,ICSA,Rockwell Automation,Rockwell Automation Micro850/870,Medium,6.9,1,False,0.00539,CWE-400,1,Critical Manufacturing,United States,False,False,False,False,False
ICSA-24-226-08,2024-08-13,2024,True,ICSA,Ocean Data Systems,Ocean Data Systems Dream Report,High,8.5,2,False,0.00302,CWE-22;CWE-732,2,Critical Manufacturing; Chemical; Energy; Water and Wastewater Systems,France,True,True,False,False,False
ICSA-24-226-09,2024-08-13,2024,True,ICSA,Rockwell Automation,"Rockwell Automation ControlLogix, GuardLogix 5580, CompactLogix, Compact GuardLogix 5380",High,8.7,1,False,0.005,CWE-20,1,Critical Manufacturing,United States,True,False,True,False,False
ICSA-24-226-10,2024-08-13,2024,True,ICSA,Rockwell Automation,"Rockwell Automation ControlLogix, GuardLogix 5580, CompactLogix, and Compact GuardLogix 5380",High,8.7,1,False,0.00517,CWE-20,1,Critical Manufacturing,United States,True,False,True,False,False
ICSA-24-228-01,2024-08-15,2024,True,ICSA,Siemens,"Siemens SCALANCE M-800, RUGGEDCOM RM1224",High,8.6,4,False,0.01001,CWE-20;CWE-400;CWE-488;CWE-532,4,Chemical; Energy; Food and Agriculture; Healthcare and Public Health; Transportation Systems; Water and Wastewater Systems,Germany,True,True,False,False,False
ICSA-24-228-02,2024-08-15,2024,True,ICSA,Siemens,Siemens INTRALOG WMS,High,8.8,2,False,0.01248,CWE-122;CWE-319,2,Chemical; Energy; Food and Agriculture; Healthcare and Public Health; Transportation Systems; Water and Wastewater Systems,Germany,True,True,False,False,False
ICSA-24-228-03,2024-08-15,2024,True,ICSA,Siemens,Siemens Teamcenter Visualization and JT2Go,High,7.3,3,False,0.00279,CWE-125;CWE-476,2,Chemical; Energy; Food and Agriculture; Healthcare and Public Health; Transportation Systems; Water and Wastewater Systems,Germany,True,True,False,False,False
ICSA-24-228-04,2024-08-15,2024,True,ICSA,Siemens,Siemens SINEC Traffic Analyzer,High,8.7,5,False,0.00539,CWE-269;CWE-284;CWE-307;CWE-358;CWE-524,5,Energy,Germany,True,True,False,False,False
ICSA-24-228-05,2024-08-15,2024,True,ICSA,Siemens,Siemens LOGO! V8.3 BM Devices,Medium,5.1,1,False,0.00213,CWE-256,1,Critical Manufacturing,Germany,False,False,False,False,False
ICSA-24-228-06,2024-08-15,2024,True,ICSA,Siemens,Siemens SINEC NMS,Critical,9.4,29,True,0.99999,CWE-20;CWE-22;CWE-119;CWE-125;CWE-250;CWE-271;CWE-400;CWE-416;CWE-502;CWE-770;CWE-776;CWE-863,12,Critical Manufacturing,Germany,False,False,False,False,False
ICSA-24-228-07,2024-08-15,2024,True,ICSA,Siemens,Siemens Location Intelligence,Medium,6.9,3,False,0.00444,CWE-307;CWE-326;CWE-521,3,Critical Manufacturing,Germany,False,False,False,False,False
ICSA-24-228-08,2024-08-15,2024,True,ICSA,Siemens,Siemens COMOS,High,7.8,2,False,0.0044,CWE-416;CWE-787,2,Critical Manufacturing,Germany,False,False,False,False,False
ICSA-24-228-09,2024-08-15,2024,True,ICSA,Siemens,Siemens NX,High,7.3,1,False,0.00182,CWE-125,1,Critical Manufacturing,Germany,False,False,False,False,False
ICSA-24-228-10,2024-08-15,2024,True,ICSA,AVEVA,AVEVA Historian Web Server,High,8.5,1,False,0.00423,CWE-89,1,Critical Manufacturing,United Kingdom,False,False,False,False,False
ICSA-24-228-11,2024-08-15,2024,True,ICSA,PTC,PTC Kepware ThingWorx Kepware Server,Medium,5.9,1,False,0.004,CWE-770,1,Critical Manufacturing,United States,False,False,False,False,False
ICSA-24-235-01,2024-08-22,2024,True,ICSA,Rockwell Automation,Rockwell Automation Emulate3D,Medium,5.4,1,False,0.00219,CWE-610,1,Critical Manufacturing,United States,False,False,False,False,False
ICSA-24-235-02,2024-08-22,2024,True,ICSA,Rockwell Automation,Rockwell Automation 5015 – AENFTXT,High,8.7,1,False,0.02123,CWE-20,1,Critical Manufacturing,United States,False,False,False,False,False
ICSA-24-235-03,2024-08-22,2024,True,ICSA,MOBOTIX,MOBOTIX P3 and Mx6 Cameras,High,8.7,1,False,0.00449,CWE-146,1,Commercial Facilities,Germany,False,False,False,False,False
ICSA-24-235-04,2024-08-22,2024,True,ICSA,Avtec,Avtec Outpost 0810,High,8.7,2,False,0.00391,CWE-219;CWE-321,2,Communications,United States,False,False,False,False,False
ICSA-24-242-01,2024-08-29,2024,True,ICSA,Rockwell Automation,Rockwell Automation ThinManager ThinServer,Critical,9.3,3,False,0.04784,CWE-20;CWE-269;CWE-732,3,Critical Manufacturing,United States,False,False,False,False,False
ICSA-24-242-02,2024-08-29,2024,True,ICSA,Delta Electronics,Delta Electronics DTN Soft,High,8.4,1,False,0.00828,CWE-502,1,Energy; Critical Manufacturing,Taiwan,True,True,False,False,False
ICSA-24-247-01,2024-09-03,2024,True,ICSA,LOYTEC electronics GmbH,LOYTEC Electronics LINX Series,Critical,9.3,10,False,0.07381,CWE-284;CWE-306;CWE-312;CWE-319,4,Critical Manufacturing,Austria,False,False,False,False,False
ICSA-24-249-01,2024-09-05,2024,True,ICSA,Hughes Network Systems,Hughes Network Systems WL3000 Fusion Software,High,7.1,2,False,0.00299,CWE-311;CWE-522,2,Information Technology,United States,False,False,False,False,False
ICSA-24-254-01,2024-09-10,2024,True,ICSA,Viessmann Climate Solutions SE,Viessmann Climate Solutions SE Vitogate 300,Critical,9.3,3,False,0.74525,CWE-77;CWE-425;CWE-798,3,Commercial Facilities,United States,False,False,False,False,False
ICSA-24-254-02,2024-09-10,2024,True,ICSA,iniNet Solutions GmbH,iniNet Solutions SpiderControl SCADA Web Server,High,8.7,1,False,0.13075,CWE-434,1,Critical Manufacturing,Switzerland,False,False,False,False,False
ICSA-24-254-03,2024-09-10,2024,True,ICSA,Rockwell Automation,Rockwell Automation SequenceManager,High,8.7,1,False,0.00652,CWE-428,1,Critical Manufacturing,United States,False,False,False,False,False
ICSA-24-256-01,2024-09-12,2024,False,ICSA,Siemens,Siemens SINEMA Remote Connect Server,Medium,5.3,1,False,0.00339,CWE-384,1,Critical Manufacturing; Commercial Facilities; Energy; Food and Agriculture; Healthcare and Public Health; Transportation Systems; Water and Wastewater Systems,Germany,True,True,False,False,False
ICSA-24-256-02,2024-09-12,2024,False,ICSA,Siemens,"Siemens SINUMERIK ONE, SINUMERIK 840D and SINUMERIK 828D",Critical,9.3,1,False,0.0014,CWE-732,1,Critical Manufacturing,Germany,False,False,False,False,False
ICSA-24-256-03,2024-09-12,2024,False,ICSA,Siemens,Siemens User Management Component (UMC),Critical,9.3,1,False,0.01055,CWE-122,1,Critical Manufacturing,Germany,True,False,True,False,False
ICSA-24-256-04,2024-09-12,2024,False,ICSA,Siemens,Siemens SINUMERIK Systems,Medium,6.8,1,False,0.00155,CWE-532,1,Critical Manufacturing,Germany,False,False,False,False,False
ICSA-24-256-05,2024-09-12,2024,False,ICSA,Siemens,Siemens Mendix Runtime,Medium,6.9,1,False,0.0044,CWE-204,1,Critical Manufacturing,Germany,False,False,False,False,False
ICSA-24-256-06,2024-09-12,2024,False,ICSA,Siemens,Siemens Automation License Manager,Critical,9.2,1,False,0.10873,CWE-190,1,Critical Manufacturing,Germany,False,False,False,False,False
ICSA-24-256-07,2024-09-12,2024,False,ICSA,Siemens,Siemens SIMATIC RFID Readers,High,7.0,6,False,0.00411,CWE-200;CWE-284;CWE-703;CWE-912,4,Critical Manufacturing,Germany,True,False,True,False,False
ICSA-24-256-08,2024-09-12,2024,False,ICSA,Siemens,Siemens Industrial Products,Medium,6.9,1,False,0.0069,CWE-20,1,Critical Manufacturing,Germany,True,False,True,False,False
ICSA-24-256-09,2024-09-12,2024,False,ICSA,Siemens,"Siemens SIMATIC, SIPLUS, and TIM",High,8.2,3,False,0.00453,CWE-476,1,Energy; Critical Manufacturing;,Germany,True,True,True,False,False
ICSA-24-256-10,2024-09-12,2024,False,ICSA,Siemens,Siemens SINEMA,Medium,5.3,7,False,0.36081,CWE-20;CWE-295;CWE-297;CWE-416;CWE-532;CWE-613;CWE-772,7,Energy; Critical Manufacturing,Germany,True,True,False,False,False
ICSA-24-256-11,2024-09-12,2024,False,ICSA,Siemens,Siemens Industrial Edge Management,Critical,10.0,1,False,0.00764,CWE-639,1,Energy,Germany,True,True,False,False,False
ICSA-24-256-12,2024-09-12,2024,False,ICSA,Siemens,Siemens Tecnomatix Plant Simulation,High,7.3,1,False,0.00165,CWE-121,1,Energy,Germany,True,True,False,False,False
ICSA-24-256-13,2024-09-12,2024,False,ICSA,Siemens,Siemens SCALANCE W700,Critical,9.4,1,False,0.01341,CWE-74,1,"Chemical Sector; Critical Manufacturing; Energy Sector; Nuclear Reactors, Materials, and Waste",Germany,True,True,False,False,False
ICSA-24-256-14,2024-09-12,2024,False,ICSA,Siemens,Siemens SIMATIC SCADA and PCS 7 Systems,Critical,9.4,1,False,0.0061,CWE-250,1,Chemical; Energy; Food and Agriculture; Water and Wastewater Systems,Germany,True,True,True,False,False
ICSA-24-256-15,2024-09-12,2024,False,ICSA,Siemens,Siemens Industrial Products,High,8.1,1,False,0.99506,CWE-364,1,Critical Manufacturing,Germany,False,False,False,False,False
ICSA-24-256-16,2024-09-12,2024,False,ICSA,Siemens,Siemens Third Party Component in SICAM and SITIPE Products,High,8.8,1,False,0.00444,CWE-120,1,Chemical; Critical Manufacturing; Energy; Food and Agriculture; Water and Wastewater Systems,Germany,True,True,False,False,False
ICSA-24-256-17,2024-09-12,2024,False,ICSA,AutomationDirect,AutomationDirect DirectLogic H2-DM1E,High,8.7,2,False,0.00342,CWE-294;CWE-384,2,Critical Manufacturing; Dams; Food and Agriculture,United States,False,False,False,False,False
ICSA-24-256-18,2024-09-12,2024,False,ICSA,Rockwell Automation,Rockwell Automation ControlLogix/GuardLogix 5580 and CompactLogix/Compact GuardLogix 5380,High,8.7,1,False,0.00558,CWE-20,1,Critical Manufacturing,United States,True,False,True,False,False
ICSA-24-256-19,2024-09-12,2024,False,ICSA,Rockwell Automation,Rockwell Automation OptixPanel,High,7.7,1,False,0.01284,CWE-269,1,Critical Manufacturing,United States,False,False,False,False,False
ICSA-24-256-20,2024-09-12,2024,False,ICSA,Rockwell Automation,Rockwell Automation AADvance Trusted SIS Workstation,High,7.8,2,False,0.57135,CWE-20;CWE-787,2,Critical Manufacturing,United States,False,False,False,False,False
ICSA-24-256-21,2024-09-12,2024,False,ICSA,Rockwell Automation,Rockwell Automation 5015-U8IHFT,High,8.7,1,False,0.00517,CWE-20,1,Critical Manufacturing,United States,False,False,False,False,False
ICSA-24-256-22,2024-09-12,2024,False,ICSA,Rockwell Automation,Rockwell Automation FactoryTalk Batch View,Critical,9.2,1,False,0.00544,CWE-287,1,Critical Manufacturing,United States,False,False,False,False,False
ICSA-24-256-23,2024-09-12,2024,False,ICSA,Rockwell Automation,Rockwell Automation FactoryTalk View Site,Critical,9.2,1,False,0.01284,CWE-77,1,Critical Manufacturing,United States,False,False,False,False,False
ICSA-24-256-24,2024-09-12,2024,False,ICSA,Rockwell Automation,Rockwell Automation Pavilion8,High,8.8,2,False,0.00956,CWE-22;CWE-269,2,Critical Manufacturing,United States,False,False,False,False,False
ICSA-24-256-25,2024-09-12,2024,False,ICSA,Rockwell Automation,Rockwell Automation ThinManager,High,8.5,1,False,0.12341,CWE-610,1,Critical Manufacturing,United States,False,False,False,False,False
ICSA-24-261-01,2024-09-17,2024,False,ICSA,Siemens,Siemens SIMATIC S7-200 SMART Devices,High,8.7,1,False,0.0056,CWE-400,1,Critical Manufacturing,Germany,True,False,True,False,False
ICSA-24-261-02,2024-09-17,2024,False,ICSA,Millbeck Communications,Millbeck Communications Proroute H685t-w,High,8.8,2,False,0.02023,CWE-77;CWE-79,2,Commercial Facilities; Energy,United Kingdom,True,True,False,False,False
ICSA-24-261-03,2024-09-17,2024,False,ICSA,Yokogawa,Yokogawa Dual-redundant Platform for Computer (PC2CKM),High,7.5,1,False,0.00425,CWE-252,1,Critical Manufacturing; Energy; Food and Agriculture,Japan,True,True,False,False,False
ICSA-24-263-01,2024-09-19,2024,False,ICSA,Rockwell Automation,Rockwell Automation RSLogix 5 and RSLogix 500,High,8.8,1,False,0.00185,CWE-345,1,Critical Manufacturing,United States,False,False,False,False,False
ICSA-24-263-02,2024-09-19,2024,False,ICSA,IDEC Corporation,IDEC Products (Update A),Medium,5.3,2,False,0.00761,CWE-319;CWE-340,2,Critical Manufacturing; Energy; Food and Agriculture; Transportation Systems,Japan,True,True,False,False,False
ICSA-24-263-03,2024-09-19,2024,False,ICSA,IDEC Corporation,IDEC CORPORATION WindLDR and WindO/I-NV4,Medium,5.9,1,False,0.00447,CWE-312,1,Food and Agriculture; Critical Manufacturing; Energy; Transportation Systems,Japan,True,True,False,False,False
ICSA-24-263-04,2024-09-19,2024,False,ICSA,MegaSys Computer Technologies,MegaSys Computer Technologies Telenium Online Web Application (Update A),Critical,9.3,1,False,0.01019,CWE-20,1,Information Technology; Communications,Canada,False,False,False,False,False
ICSA-24-263-05,2024-09-19,2024,False,ICSA,Kastle Systems,Kastle Systems Access Control System,Critical,9.2,2,False,0.0037,CWE-312;CWE-798,2,Commercial Facilities; Government Facilities,United States,False,False,False,False,False
ICSA-24-268-01,2024-09-24,2024,False,ICSA,OPW Fuel Management Systems,OPW Fuel Management Systems SiteSentinel,Critical,9.3,1,False,0.00722,CWE-306,1,Energy; Transportation Systems,United States,True,True,False,False,False
ICSA-24-268-02,2024-09-24,2024,False,ICSA,Alisonic,Alisonic Sibylla,Critical,9.3,1,False,0.00561,CWE-89,1,Transportation Systems,United States,False,False,False,False,False
ICSA-24-268-03,2024-09-24,2024,False,ICSA,Franklin Fueling System,Franklin Fueling Systems TS-550 EVO,High,8.7,1,False,0.00581,CWE-36,1,Energy,United States,True,True,False,False,False
ICSA-24-268-04,2024-09-24,2024,False,ICSA,Dover Fueling Solutions (DFS),Dover Fueling Solutions ProGauge MAGLINK LX CONSOLE,Critical,10.0,6,False,0.00788,CWE-77;CWE-79;CWE-259;CWE-269;CWE-288,5,Energy; Transportation Systems,United States,True,True,False,False,False
ICSA-24-268-05,2024-09-24,2024,False,ICSA,Moxa,Moxa MXview One,Medium,6.8,3,False,0.00554,CWE-24;CWE-313;CWE-367,3,Critical Manufacturing; Energy; Transportation Systems,Taiwan,True,True,False,False,False
ICSA-24-268-06,2024-09-24,2024,False,ICSA,"OMNTEC Mfg., Inc.",OMNTEC Proteus Tank Monitoring (Update A),Critical,9.3,1,False,0.00586,CWE-306,1,Critical Manufacturing,United States,False,False,False,False,False
ICSA-24-270-01,2024-09-26,2024,False,ICSA,Advantech,Advantech ADAM-5550,High,8.7,2,False,0.00367,CWE-79;CWE-261,2,Energy; Water and Wastewater Systems,Taiwan,True,True,False,False,False
ICSA-24-270-02,2024-09-26,2024,False,ICSA,Advantech,Advantech ADAM-5630,High,8.5,4,False,0.00411,CWE-261;CWE-306;CWE-352;CWE-539,4,Energy; Water and Wastewater Systems,Taiwan,True,True,False,False,False
ICSA-24-270-03,2024-09-26,2024,False,ICSA,Atelmo,Atelmo Atemio AM 520 HD Full HD Satellite Receiver,Critical,9.3,1,False,0.01578,CWE-78,1,Communications; Commercial Facilities,Germany,False,False,False,False,False
ICSA-24-270-04,2024-09-26,2024,False,ICSA,goTenna,goTenna Pro X and Pro X2 (Update A),High,8.7,10,False,0.00238,CWE-201;CWE-204;CWE-306;CWE-319;CWE-338;CWE-353;CWE-521;CWE-922;CWE-923;CWE-1390,10,Communications; Government Facilities,United States,False,False,False,False,False
ICSA-24-270-05,2024-09-26,2024,False,ICSA,goTenna,goTenna Pro ATAK Plugin (Update A),High,7.1,9,False,0.00148,CWE-201;CWE-204;CWE-319;CWE-338;CWE-353;CWE-521;CWE-922;CWE-1390,8,Communications; Government Facilities,United States,False,False,False,False,False
ICSA-24-275-01,2024-10-01,2024,False,ICSA,Optigo Networks,Optigo Networks ONS-S8 Spectra Aggregation Switch,Critical,9.3,2,False,0.00696,CWE-98;CWE-1390,2,Critical Manufacturing; Commercial Facilities,Canada,False,False,False,False,False
ICSA-24-275-02,2024-10-01,2024,False,ICSA,Mitsubishi Electric,Mitsubishi Electric MELSEC iQ-F FX5-OPC,High,7.5,1,False,0.03187,CWE-476,1,Critical Manufacturing,Japan,False,False,False,False,False
ICSA-24-277-01,2024-10-03,2024,False,ICSA,TEM,TEM Opera Plus FM Family Transmitter,Critical,9.3,2,False,0.0059,CWE-306;CWE-352,2,Communications,Italy,False,False,False,False,False
ICSA-24-277-02,2024-10-03,2024,False,ICSA,SUBNET Solutions Inc.,Subnet Solutions Inc. PowerSYSTEM Center,High,7.5,3,False,0.08515,CWE-352;CWE-918;CWE-1333,3,Critical Manufacturing; Energy,Canada,True,True,False,False,False
ICSA-24-277-03,2024-10-03,2024,False,ICSA,Delta Electronics,Delta Electronics DIAEnergie,Critical,9.3,2,False,0.07026,CWE-89,1,Critical Manufacturing,Taiwan,False,False,False,False,False
ICSA-24-284-01,2024-10-10,2024,False,ICSA,Siemens,Siemens SIMATIC S7-1500 and S7-1200 CPUs,Medium,5.1,1,False,0.00378,CWE-601,1,Critical Manufacturing,Germany,True,False,True,False,False
ICSA-24-284-02,2024-10-10,2024,False,ICSA,Siemens,Siemens Simcenter Nastran,High,7.3,2,False,0.00241,CWE-119;CWE-122,2,Critical Manufacturing,Germany,False,False,False,False,False
ICSA-24-284-03,2024-10-10,2024,False,ICSA,Siemens,Siemens Teamcenter Visualization and JT2Go,High,7.3,2,False,0.0017,CWE-121;CWE-476,2,Critical Manufacturing,Germany,False,False,False,False,False
ICSA-24-284-04,2024-10-10,2024,False,ICSA,Siemens,Siemens SENTRON PAC3200 Devices,Critical,9.3,1,False,0.00542,CWE-287,1,Critical Manufacturing,Germany,False,False,False,False,False
ICSA-24-284-05,2024-10-10,2024,False,ICSA,Siemens,Siemens Questa and ModelSim,Medium,5.4,3,False,0.00151,CWE-427,1,Critical Manufacturing,Germany,False,False,False,False,False
ICSA-24-284-06,2024-10-10,2024,False,ICSA,Siemens,Siemens SINEC Security Monitor,Critical,9.4,4,False,0.00847,CWE-22;CWE-77;CWE-88;CWE-183,4,Critical Manufacturing,Germany,False,False,False,False,False
ICSA-24-284-07,2024-10-10,2024,False,ICSA,Siemens,Siemens JT2Go,High,7.3,1,False,0.00191,CWE-121,1,Critical Manufacturing,Germany,False,False,False,False,False
ICSA-24-284-08,2024-10-10,2024,False,ICSA,Siemens,Siemens HiMed Cockpit,Critical,9.3,1,False,0.00171,CWE-424,1,Healthcare and Public Health,Germany,False,False,False,False,False
ICSA-24-284-09,2024-10-10,2024,False,ICSA,Siemens,Siemens PSS SINCAL,Critical,9.3,2,False,0.0022,CWE-119,1,Energy,Germany,True,True,False,False,False
ICSA-24-284-10,2024-10-10,2024,False,ICSA,Siemens,Siemens SIMATIC S7-1500 CPUs,Medium,6.9,1,False,0.00557,CWE-288,1,Energy,Germany,True,True,True,False,False
ICSA-24-284-11,2024-10-10,2024,False,ICSA,Siemens,Siemens RUGGEDCOM APE1808,Medium,6.0,1,False,0.00221,CWE-863,1,Energy,Germany,True,True,False,False,False
ICSA-24-284-12,2024-10-10,2024,False,ICSA,Siemens,Siemens Sentron Powercenter 1000,Critical,9.2,1,False,0.00351,CWE-754,1,Energy,Germany,True,True,False,False,False
ICSA-24-284-13,2024-10-10,2024,False,ICSA,Siemens,Siemens Tecnomatix Plant Simulation,High,7.3,14,False,0.00263,CWE-119;CWE-125;CWE-476;CWE-787,4,Energy,Germany,True,True,False,False,False
ICSA-24-284-14,2024-10-10,2024,False,ICSA,Schneider Electric,Schneider Electric Zelio Soft 2,High,7.8,2,False,0.00209,CWE-20;CWE-416,2,Energy; Critical Manufacturing,France,True,True,False,False,False
ICSA-24-284-15,2024-10-10,2024,False,ICSA,Rockwell Automation,Rockwell Automation DataMosaix Private Cloud,High,8.7,3,False,0.00408,CWE-200;CWE-862;CWE-863,3,Critical Manufacturing,United States,False,False,False,False,False
ICSA-24-284-16,2024-10-10,2024,False,ICSA,Rockwell Automation,Rockwell Automation DataMosaix Private Cloud,Critical,9.3,6,False,0.09116,CWE-273;CWE-326;CWE-476;CWE-787;CWE-1357,5,Critical Manufacturing,United States,False,False,False,False,False
ICSA-24-284-17,2024-10-10,2024,False,ICSA,Rockwell Automation,Rockwell Automation Verve Asset Manager,High,8.4,1,False,0.00408,CWE-842,1,Chemical; Critical Manufacturing; Water and Wastewater Systems; Healthcare and Public Health; Energy,United States,True,True,False,False,False
ICSA-24-284-18,2024-10-10,2024,False,ICSA,Rockwell Automation,Rockwell Automation Logix Controllers,High,8.7,1,False,0.00521,CWE-400,1,Critical Manufacturing,United States,True,False,True,False,False
ICSA-24-284-19,2024-10-10,2024,False,ICSA,Rockwell Automation,Rockwell Automation PowerFlex 6000T,High,8.2,1,False,0.00516,CWE-754,1,Critical Manufacturing,United States,False,False,False,False,False
ICSA-24-284-20,2024-10-10,2024,False,ICSA,Rockwell Automation,Rockwell Automation ControlLogix,High,8.7,1,False,0.00551,CWE-20,1,Critical Manufacturing,United States,True,False,True,False,False
ICSA-24-284-21,2024-10-10,2024,False,ICSA,Delta Electronics,Delta Electronics CNCSoft-G2,High,8.4,5,False,0.0342,CWE-121;CWE-122;CWE-125;CWE-457;CWE-787,5,Energy; Critical Manufacturing,Taiwan,True,True,False,False,False
ICSA-24-289-01,2024-10-15,2024,False,ICSA,Siemens,Siemens Siveillance Video Camera,High,7.3,1,False,0.00225,CWE-120,1,Critical Manufacturing,Germany,False,False,False,False,False
ICSA-24-289-02,2024-10-15,2024,False,ICSA,Schneider Electric,Schneider Electric Data Center Expert,High,8.6,2,False,0.00548,CWE-306;CWE-347,2,Commercial Facilities; Energy; Food and Agriculture; Government Facilities; Transportation Systems; Water and Wastewater Systems,France,True,True,False,False,False
ICSA-24-291-01,2024-10-17,2024,False,ICSA,Elvaco,Elvaco M-Bus Metering Gateway CMe3100 (Update A),Critical,9.2,4,False,0.0052,CWE-79;CWE-306;CWE-434;CWE-522,4,Critical Manufacturing; Energy,Sweden,True,True,False,False,False
ICSA-24-291-02,2024-10-17,2024,False,ICSA,LCDS - Leao Consultoria e Desenvolvimento de Sistemas Ltda ME,LCDS LAquis SCADA,High,7.0,1,False,0.00651,CWE-79,1,Chemical; Commercial Facilities; Energy; Food and Agriculture; Transportation Systems; Water and Wastewater Systems,Brazil,False,True,False,False,False
ICSA-24-291-03,2024-10-17,2024,False,ICSA,Mitsubishi Electric,Mitsubishi Electric CNC Series (Update D),Medium,5.9,1,False,0.00563,CWE-1284,1,Critical Manufacturing,Japan,False,False,False,False,False
ICSA-24-291-04,2024-10-17,2024,False,ICSA,HMS Networks,HMS Networks EWON FLEXY 202,High,7.1,1,False,0.00282,CWE-522,1,Water and Wastewater Systems; Energy; Food and Agriculture,Sweden,True,True,False,False,False
ICSA-24-291-05,2024-10-17,2024,False,ICSA,Kieback&Peter,Kieback&Peter DDC4000 Series,Critical,9.3,3,False,0.00635,CWE-22;CWE-522;CWE-1391,3,Critical Manufacturing; Commercial Facilities; Communications; Financial Services; Food and Agriculture; Government Facilities; Healthcare and Public Health; Information Technology,Germany,False,False,False,False,False
ICSA-24-296-01,2024-10-22,2024,False,ICSA,Mitsubishi Electric Iconics Digital Solutions,Mitsubishi Electric Iconics Digital Solutions and Mitsubishi Electric Products (Update C),High,7.8,1,False,0.00192,CWE-276,1,Critical Manufacturing,"United States, Japan",False,False,False,False,False
ICSA-24-298-01,2024-10-24,2024,False,ICSA,VIMESA,VIMESA VHF/FM Transmitter Blue Plus,Medium,6.9,1,False,0.00393,CWE-284,1,Communications,Spain,False,False,False,False,False
ICSA-24-298-02,2024-10-24,2024,False,ICSA,iniNet Solutions GmbH,iniNet Solutions SpiderControl SCADA PC HMI Editor,High,8.6,1,False,0.00472,CWE-22,1,Critical Manufacturing,Switzerland,False,False,False,False,False
ICSA-24-298-03,2024-10-24,2024,False,ICSA,Deep Sea Electronics,Deep Sea Electronics DSE855,High,7.1,1,False,0.02418,CWE-306,1,Energy,United Kingdom,True,True,False,False,False
ICSA-24-303-01,2024-10-29,2024,False,ICSA,Siemens,Siemens InterMesh Subscriber Devices,Critical,10.0,4,False,0.01249,CWE-78;CWE-250;CWE-266;CWE-306,4,Critical Manufacturing; Commercial Facilities; Government Facilities,Germany,False,False,False,False,False
ICSA-24-303-02,2024-10-29,2024,False,ICSA,Solar-Log,Solar-Log Base 15,Medium,5.1,1,False,0.0045,CWE-79,1,Energy,Germany,True,True,False,False,False
ICSA-24-303-03,2024-10-29,2024,False,ICSA,Delta Electronics,Delta Electronics InfraSuite Device Master,Critical,9.3,1,False,0.17589,CWE-502,1,Critical Manufacturing,Taiwan,False,False,False,False,False
ICSA-24-305-01,2024-10-31,2024,False,ICSA,Rockwell Automation,Rockwell Automation FactoryTalk ThinManager,Critical,9.3,2,False,0.19322,CWE-125;CWE-306,2,Critical Manufacturing,United States,False,False,False,False,False
ICSA-24-312-01,2024-11-07,2024,False,ICSA,Beckhoff Automation,Beckhoff Automation TwinCAT Package Manager,High,7.0,1,False,0.00189,CWE-78,1,Critical Manufacturing,Germany,False,False,False,False,False
ICSA-24-312-02,2024-11-07,2024,False,ICSA,Delta Electronics,Delta Electronics DIAScreen,High,8.4,3,False,0.02906,CWE-121,1,Energy,Taiwan,True,True,False,False,False
ICSA-24-312-03,2024-11-07,2024,False,ICSA,Bosch Rexroth,Bosch Rexroth IndraDrive,High,8.7,1,False,0.00491,CWE-400,1,Critical Manufacturing,Germany,False,False,False,False,False
ICSA-24-317-01,2024-11-12,2024,False,ICSA,SUBNET Solutions Inc.,Subnet Solutions PowerSYSTEM Center,Critical,9.8,3,False,0.01686,CWE-190;CWE-611,2,Critical Manufacturing; Energy,Canada,True,True,False,False,False
ICSA-24-317-02,2024-11-12,2024,False,ICSA,Hitachi Energy,Hitachi Energy TRO600,High,7.2,2,False,0.01606,CWE-77;CWE-212,2,Energy,Switzerland,True,True,False,False,False
ICSA-24-317-03,2024-11-12,2024,False,ICSA,Rockwell Automation,Rockwell Automation FactoryTalk View ME,High,7.0,1,False,0.00225,CWE-20,1,Critical Manufacturing,United States,False,False,False,False,False
ICSA-24-319-01,2024-11-14,2024,False,ICSA,Siemens,Siemens RUGGEDCOM CROSSBOW,Medium,5.5,2,False,0.01249,CWE-122;CWE-416,2,Critical Manufacturing; Energy,Germany,True,True,False,False,False
ICSA-24-319-02,2024-11-14,2024,False,ICSA,Siemens,Siemens SIPORT,High,8.5,1,False,0.00142,CWE-732,1,Commercial Facilities,Germany,False,False,False,False,False
ICSA-24-319-03,2024-11-14,2024,False,ICSA,Siemens,Siemens OZW672 and OZW772 Web Server,High,8.2,1,False,0.00297,CWE-79,1,Critical manufacturing,Germany,False,False,False,False,False
ICSA-24-319-04,2024-11-14,2024,False,ICSA,Siemens,Siemens SINEC NMS,High,8.3,17,False,0.91327,CWE-20;CWE-113;CWE-125;CWE-295;CWE-297;CWE-311;CWE-400;CWE-732;CWE-754;CWE-770;CWE-772;CWE-787,12,Critical Manufacturing,Germany,False,False,False,False,False
ICSA-24-319-05,2024-11-14,2024,False,ICSA,Siemens,Siemens Solid Edge,High,7.3,3,False,0.00189,CWE-125;CWE-427,2,Critical Manufacturing,Germany,False,False,False,False,False
ICSA-24-319-06,2024-11-14,2024,False,ICSA,Siemens,Siemens SCALANCE M-800 Family,High,8.6,16,False,0.54026,CWE-20;CWE-22;CWE-74;CWE-79;CWE-117;CWE-125;CWE-190;CWE-203;CWE-284;CWE-311;CWE-400;CWE-416;CWE-667;CWE-772;CWE-834,15,Critical Manufacturing; Communications,Germany,False,False,False,False,False
ICSA-24-319-07,2024-11-14,2024,False,ICSA,Siemens,Siemens Engineering Platforms,High,7.0,1,False,0.00218,CWE-502,1,Critical Manufacturing,Germany,True,False,True,False,False
ICSA-24-319-08,2024-11-14,2024,False,ICSA,Siemens,Siemens SINEC INS,Critical,9.9,59,True,0.99999,CWE-20;CWE-22;CWE-27;CWE-78;CWE-94;CWE-122;CWE-190;CWE-200;CWE-222;CWE-250;CWE-287;CWE-311;CWE-321;CWE-385;CWE-400;CWE-416;CWE-444;CWE-613;CWE-617;CWE-732;CWE-754;CWE-787;CWE-789;CWE-834;CWE-918;CWE-1333,26,Critical Manufacturing,Germany,False,False,False,False,True
ICSA-24-319-09,2024-11-14,2024,False,ICSA,Siemens,Siemens Spectrum Power 7,High,8.5,1,False,0.00142,CWE-266,1,Critical Manufacturing,Germany,False,False,False,False,False
ICSA-24-319-10,2024-11-14,2024,False,ICSA,Siemens,Siemens TeleControl Server,Critical,10.0,1,False,0.00996,CWE-502,1,Critical Manufacturing,Germany,False,False,False,False,False
ICSA-24-319-11,2024-11-14,2024,False,ICSA,Siemens,Siemens SIMATIC CP,High,8.7,1,False,0.00481,CWE-863,1,Critical Manufacturing,Germany,True,False,True,False,False
ICSA-24-319-12,2024-11-14,2024,False,ICSA,Siemens,Siemens Mendix Runtime,Medium,6.9,1,False,0.00275,CWE-362,1,Critical Manufacturing,Germany,False,False,False,False,False
ICSA-24-319-13,2024-11-14,2024,False,ICSA,Rockwell Automation,Rockwell Automation Verve Asset Manager,High,8.6,1,False,0.01648,CWE-1395,1,Critical Manufacturing,United States,False,False,False,False,False
ICSA-24-319-14,2024-11-14,2024,False,ICSA,Rockwell Automation,Rockwell Automation FactoryTalk Updater,Critical,9.1,3,False,0.0051,CWE-20;CWE-358;CWE-922,3,Critical Manufacturing,United States,False,False,False,False,False
ICSA-24-319-15,2024-11-14,2024,False,ICSA,Rockwell Automation,Rockwell Automation Arena Input Analyzer,High,7.0,1,False,0.00248,CWE-1284,1,Critical Manufacturing,United States,False,False,False,False,False
ICSA-24-319-16,2024-10-29,2024,False,ICSA,Hitachi Energy,Hitachi Energy MSM (Update A),High,8.6,2,False,0.45063,CWE-772;CWE-835,2,Energy,Switzerland,True,True,False,False,False
ICSA-24-319-17,2024-11-14,2024,False,ICSA,2N,2N Access Commander (Update A),High,8.6,4,False,0.00953,CWE-22;CWE-321;CWE-345,3,Government Facilities; Commercial Facilities; Communications; Information Technology,United States,False,False,False,False,False
ICSA-24-324-01,2024-11-19,2024,False,ICSA,Mitsubishi Electric,Mitsubishi Electric MELSEC iQ-F Series (Update A),High,7.5,1,False,0.00678,CWE-1287,1,Critical Manufacturing,Japan,False,False,False,False,False
ICSA-24-326-01,2024-11-21,2024,False,ICSA,Automated Logic,Automated Logic WebCTRL Premium Server,Critical,10.0,2,False,0.01421,CWE-434;CWE-601,2,Critical Manufacturing,United States,False,False,False,False,False
ICSA-24-326-02,2024-11-21,2024,False,ICSA,CODESYS GmbH,OSCAT Basic Library,Medium,5.1,1,False,0.00189,CWE-125,1,Critical Manufacturing; Energy; Water and Wastewater Systems,Germany,True,True,False,False,False
ICSA-24-326-03,2024-11-12,2024,False,ICSA,Schneider Electric,"Schneider Electric Modicon M340, MC80, and Momentum Unity M1E & EcoStruxure (Update A)",High,7.5,2,False,0.00501,CWE-290;CWE-924,2,Commercial Facilities; Critical Manufacturing; Energy,France,True,True,True,False,False
ICSA-24-326-04,2024-11-12,2024,False,ICSA,Schneider Electric,"Schneider Electric Modicon M340, MC80, and Momentum Unity M1E (Update B)",High,8.1,3,False,0.00586,CWE-20;CWE-119,2,Commercial Facilities; Critical Manufacturing; Energy,France,True,True,True,False,False
ICSA-24-326-05,2024-11-21,2024,False,ICSA,Schneider Electric,Schneider Electric EcoStruxure IT Gateway,Critical,10.0,1,False,0.00647,CWE-862,1,Commercial Facilities; Information Technology; Healthcare and Public Health; Critical Manufacturing; Transportation Systems; Energy; Chemical,France,True,True,False,False,False
ICSA-24-326-06,2024-11-21,2024,False,ICSA,Schneider Electric,Schneider Electric PowerLogic PM5300 Series,High,8.7,1,False,0.00816,CWE-400,1,Commercial Facilities; Critical Manufacturing; Energy,France,True,True,False,False,False
ICSA-24-326-07,2024-11-21,2024,False,ICSA,mySCADA Technologies,mySCADA myPRO Manager,Critical,10.0,5,False,0.6397,CWE-35;CWE-78;CWE-287;CWE-306,4,Critical Manufacturing,Czech Republic,False,False,False,False,False
ICSA-24-331-01,2024-11-26,2024,False,ICSA,Schneider Electric,Schneider Electric PowerLogic PM55xx and PowerLogic PM8ECC,Critical,9.5,2,False,0.01874,CWE-287;CWE-640,2,Energy,France,True,True,False,False,False
ICSA-24-331-02,2024-11-26,2024,False,ICSA,Schneider Electric,Schneider Electric PowerLogic P5,Medium,6.1,1,False,0.0018,CWE-327,1,Critical Manufacturing,France,False,False,False,False,False
ICSA-24-331-03,2024-11-26,2024,False,ICSA,Schneider Electric,"Schneider Electric EcoStruxure Control Expert, EcoStruxure Process Expert, and Modicon M340, M580 and M580 Safety PLCs (Update A)",High,8.1,3,False,0.00317,CWE-522;CWE-798;CWE-924,3,Critical Manufacturing,France,True,False,True,False,False
ICSA-24-331-04,2024-11-26,2024,False,ICSA,Hitachi Energy,Hitachi Energy MicroSCADA Pro/X SYS600 (Update A),Critical,9.9,5,False,0.00611,CWE-22;CWE-294;CWE-306;CWE-601;CWE-943,5,Energy,Switzerland,True,True,False,False,False
ICSA-24-331-05,2024-11-26,2024,False,ICSA,Hitachi Energy,Hitachi Energy RTU500 Scripting Interface,High,7.4,1,False,0.00316,CWE-295,1,Energy; Water and Wastewater Systems,Switzerland,True,True,False,False,False
ICSA-24-338-01,2024-12-03,2024,False,ICSA,Ruijie,Ruijie Reyee OS (Update A),Critical,9.3,10,False,0.00686,CWE-155;CWE-242;CWE-280;CWE-359;CWE-402;CWE-640;CWE-826;CWE-918;CWE-922;CWE-1391,10,Communications,China,False,False,False,False,False
ICSA-24-338-02,2024-12-03,2024,False,ICSA,Siemens,Siemens RUGGEDCOM APE1808,Critical,9.3,4,True,0.99718,CWE-22;CWE-78;CWE-306;CWE-476,4,Energy,Germany,True,True,False,False,False
ICSA-24-338-03,2024-12-03,2024,False,ICSA,Open Automation Software,Open Automation Software,High,8.5,1,False,0.00152,CWE-279,1,Critical Manufacturing,United States,False,False,False,False,False
ICSA-24-338-04,2024-12-03,2024,False,ICSA,Mitsubishi Electric Iconics Digital Solutions and Mitsubishi Electric,Mitsubishi Electric Iconics Digital Solutions and Mitsubishi Electric Products (Update C),High,7.8,3,False,0.00242,CWE-427;CWE-561,2,Critical Manufacturing,"United States, Japan",False,False,False,False,False
ICSA-24-338-05,2024-12-03,2024,False,ICSA,Fuji Electric,Fuji Electric Monitouch V-SFT (Update A),High,8.4,10,False,0.00286,CWE-787,1,Critical Manufacturing; Energy,Japan,True,True,False,False,False
ICSA-24-338-06,2024-12-03,2024,False,ICSA,Fuji Electric,Fuji Electric Tellus Lite V-Simulator (Update A),High,8.4,5,False,0.00267,CWE-787,1,Critical Manufacturing,Japan,False,False,False,False,False
ICSA-24-340-01,2024-12-05,2024,False,ICSA,AutomationDirect,AutomationDirect C-More EA9 Programming Software,High,8.4,3,False,0.00307,CWE-121,1,Commercial Facilities; Critical Manufacturing; Energy; Water and Wastewater Systems,United States,True,True,False,False,False
ICSA-24-340-02,2024-12-05,2024,False,ICSA,Planet Technology,Planet Technology Planet WGS-804HPT,Critical,9.3,3,False,0.02325,CWE-78;CWE-121;CWE-191,3,Critical Manufacturing,Taiwan,False,False,False,False,False
ICSA-24-345-01,2024-12-10,2024,False,ICSA,MOBATIME,MOBATIME Network Master Clock,Critical,9.3,1,False,0.00432,CWE-1392,1,Healthcare and Public Health; Transportation Systems,Switzerland,False,False,False,False,False
ICSA-24-345-02,2024-12-10,2024,False,ICSA,Schneider Electric,Schneider Electric EcoStruxure Foxboro DCS Core Control Services,High,7.8,3,False,0.00241,CWE-20;CWE-129;CWE-787,3,Commercial Facilities; Energy; Food and Agriculture; Government Facilities; Transportation Systems; Water and Wastewater Systems,France,True,True,True,False,False
ICSA-24-345-03,2024-12-10,2024,False,ICSA,Schneider Electric,Schneider Electric FoxRTU Station,High,7.3,1,False,0.00281,CWE-22,1,Critical Manufacturing; Energy; Water and Wastewater; Chemical,France,True,True,False,False,False
ICSA-24-345-04,2024-12-10,2024,False,ICSA,National Instruments Corp (NI),National Instruments LabVIEW,High,8.5,3,False,0.00194,CWE-125,1,Critical Manufacturing; Defense Industrial Base; Information Technology; Transportation Systems,United States,False,False,False,False,False
ICSA-24-345-05,2024-12-10,2024,False,ICSA,Horner Automation,Horner Automation Cscape,High,8.5,2,False,0.00205,CWE-125,1,Critical Manufacturing,United States,False,False,False,False,False
ICSA-24-345-06,2024-12-10,2024,False,ICSA,Rockwell Automation,Rockwell Automation Arena (Update C),High,7.8,11,False,0.00442,CWE-125;CWE-416;CWE-665;CWE-787;CWE-1395,5,Critical Manufacturing,United States,False,False,False,False,False
ICSA-24-347-01,2024-12-12,2024,False,ICSA,Siemens,Siemens CPCI85 Central Processing/Communication,Medium,5.1,1,False,0.00292,CWE-522,1,Critical Manufacturing,Germany,False,False,False,False,False
ICSA-24-347-02,2024-12-12,2024,False,ICSA,Siemens,Siemens Engineering Platforms,High,7.0,1,False,0.00179,CWE-20,1,Critical Manufacturing,Germany,True,False,True,False,False
ICSA-24-347-03,2024-12-12,2024,False,ICSA,Siemens,Siemens RUGGEDCOM ROX II,High,8.6,1,False,0.00204,CWE-352,1,Critical Manufacturing,Germany,False,False,False,False,False
ICSA-24-347-04,2024-12-12,2024,False,ICSA,Siemens,Siemens Parasolid,High,7.3,1,False,0.00176,CWE-787,1,Critical Manufacturing; Energy,Germany,True,True,False,False,False
ICSA-24-347-05,2024-12-12,2024,False,ICSA,Siemens,Siemens Engineering Platforms,High,8.4,1,False,0.00218,CWE-502,1,Critical Manufacturing,Germany,True,False,True,False,False
ICSA-24-347-06,2024-12-12,2024,False,ICSA,Siemens,Siemens Simcenter Femap,High,7.3,2,False,0.00241,CWE-119;CWE-122,2,Critical Manufacturing,Germany,False,False,False,False,False
ICSA-24-347-07,2024-12-12,2024,False,ICSA,Siemens,Siemens Solid Edge SE2024,High,7.3,3,False,0.00211,CWE-122;CWE-191,2,Critical Manufacturing,Germany,False,False,False,False,False
ICSA-24-347-08,2024-12-12,2024,False,ICSA,Siemens,Siemens COMOS,Medium,5.9,2,False,0.00186,CWE-611,1,Critical Manufacturing,Germany,False,False,False,False,False
ICSA-24-347-09,2024-12-12,2024,False,ICSA,Siemens,Siemens Teamcenter Visualization,High,7.3,26,False,0.00271,CWE-119;CWE-121;CWE-125;CWE-416;CWE-476;CWE-787,6,Critical Manufacturing,Germany,False,False,False,False,False
ICSA-24-347-10,2024-12-12,2024,False,ICSA,Siemens,Siemens SENTRON Powercenter 1000 (Update A),High,7.1,1,False,0.00197,CWE-821,1,Energy,Germany,True,True,False,False,False
ICSA-24-352-01,2024-12-17,2024,False,ICSA,ThreatQuotient Inc.,ThreatQuotient ThreatQ Platform,High,8.7,1,False,0.00706,CWE-77,1,Information Technology,United States,False,False,False,False,False
ICSA-24-352-02,2024-12-17,2024,False,ICSA,Hitachi Energy,Hitachi Energy TropOS Devices Series 1400/2400/6400,Medium,5.3,1,False,0.97549,CWE-20,1,Energy,Switzerland,True,True,False,False,False
ICSA-24-352-03,2024-12-17,2024,False,ICSA,Rockwell Automation,Rockwell Automation PowerMonitor 1000 Remote,Critical,9.3,3,False,0.00862,CWE-120;CWE-122;CWE-420,3,Critical Manufacturing,United States,False,False,False,False,False
ICSA-24-352-04,2024-12-17,2024,False,ICSA,Schneider Electric,Schneider Electric Modicon (Update B),Critical,9.3,1,False,0.00641,CWE-20,1,Commercial Facilities; Critical Manufacturing; Energy,France,True,True,True,False,False
ICSA-24-354-01,2024-12-19,2024,False,ICSA,Hitachi Energy,Hitachi Energy RTU500 series CMU,Medium,5.9,1,False,0.00669,CWE-120,1,Energy,Switzerland,True,True,False,False,False
ICSA-24-354-02,2024-12-19,2024,False,ICSA,Hitachi Energy,Hitachi Energy SDM600,High,8.0,2,False,0.00216,CWE-346;CWE-863,2,Energy,Switzerland,True,True,False,False,False
ICSA-24-354-03,2024-12-19,2024,False,ICSA,Delta Electronics,Delta Electronics DTM Soft,High,8.5,1,False,0.00333,CWE-502,1,Critical Manufacturing,Taiwan,False,False,False,False,False
ICSA-24-354-04,2024-12-19,2024,False,ICSA,Siemens,Siemens User Management Component,Critical,9.3,1,False,0.01509,CWE-122,1,Critical Manufacturing,Germany,True,False,True,False,False
ICSA-24-354-05,2024-12-19,2024,False,ICSA,Tibbo,Tibbo AggreGate Network Manager,High,8.7,1,False,0.00575,CWE-434,1,Communications; Critical Manufacturing,Taiwan,False,False,False,False,False
ICSA-24-354-06,2024-12-19,2024,False,ICSA,Schneider Electric,Schneider Electric Accutech Manager,High,7.5,1,False,0.00484,CWE-120,1,Energy; Water and Wastewater Systems; Critical Manufacturing,France,True,True,False,False,False
ICSA-24-354-07,2024-12-19,2024,False,ICSA,Schneider Electric,Schneider Electric Modicon Controllers (Update A),Medium,5.4,1,False,0.00259,CWE-79,1,Commercial Facilities; Critical Manufacturing; and Energy,France,True,True,True,False,False
ICSA-25-007-01,2025-01-07,2025,True,ICSA,ABB,"ABB ASPECT-Enterprise, NEXUS, and MATRIX Series Products",Critical,10.0,26,False,0.1901,CWE-15;CWE-36;CWE-79;CWE-94;CWE-98;CWE-193;CWE-319;CWE-328;CWE-352;CWE-384;CWE-434;CWE-521;CWE-522;CWE-552;CWE-770;CWE-918;CWE-943;CWE-1287;CWE-1392;CWE-1393,20,Critical Manufacturing,Switzerland,False,False,False,False,False
ICSA-25-007-02,2025-01-07,2025,True,ICSA,Nedap Librix,Nedap Librix Ecoreader,Critical,9.3,1,False,0.00523,CWE-306,1,Commercial Facilities,Netherlands,False,False,False,False,False
ICSA-25-010-01,2025-01-10,2025,True,ICSA,Schneider Electric,Schneider Electric PowerChute Serial Shutdown,Medium,6.3,1,False,0.00978,CWE-287,1,Critical Manufacturing,France,False,False,False,False,False
ICSA-25-010-02,2025-01-10,2025,True,ICSA,Schneider Electric,Schneider Electric Harmony HMI and Pro-face HMI Products,High,8.7,1,False,0.00636,CWE-1104,1,Chemical; Critical Manufacturing; Energy; Water and Wastewater Systems,France,True,True,False,False,False
ICSA-25-010-03,2025-01-09,2025,True,ICSA,Delta Electronics,Delta Electronics DRASimuCAD (Update A),High,8.4,3,False,0.00351,CWE-787;CWE-843,2,Critical Manufacturing,Taiwan,False,False,False,False,False
ICSA-25-014-01,2025-01-14,2025,True,ICSA,Hitachi Energy,Hitachi Energy FOXMAN-UN,Critical,10.0,8,False,0.0068,CWE-88;CWE-122;CWE-259;CWE-286;CWE-288;CWE-295;CWE-307;CWE-312,8,Energy,Switzerland,True,True,False,False,False
ICSA-25-014-02,2025-01-14,2025,True,ICSA,Schneider Electric,Schneider Electric Vijeo Designer (Update A),High,7.8,1,False,0.00209,CWE-269,1,Commercial Facilities; Critical Manufacturing; Energy,France,True,True,False,False,False
ICSA-25-014-03,2025-01-14,2025,True,ICSA,Schneider Electric,Schneider Electric EcoStruxure,Medium,5.4,1,False,0.00298,CWE-79,1,Commercial Facilities; Critical Manufacturing; Energy,France,True,True,False,False,False
ICSA-25-014-04,2025-01-14,2025,True,ICSA,Belledonne Communications,Belledonne Communications Linphone-Desktop,High,8.7,1,False,0.00486,CWE-476,1,Communications,France,False,False,False,False,False
ICSA-25-016-01,2025-01-16,2025,True,ICSA,Siemens,Siemens Mendix LDAP,High,7.4,1,False,0.00499,CWE-90,1,Commercial Facilities; Critical Manufacturing; Energy,Germany,True,True,False,False,False
ICSA-25-016-02,2025-01-16,2025,True,ICSA,Siemens,Siemens Industrial Edge Management,Low,2.1,1,False,0.00283,CWE-79,1,Energy,Germany,True,True,False,False,False
ICSA-25-016-03,2025-01-16,2025,True,ICSA,Siemens,Siemens Siveillance Video Camera,Medium,5.2,1,False,0.00148,CWE-532,1,Commercial Facilities; Critical Manufacturing,Germany,False,False,False,False,False
ICSA-25-016-04,2025-01-16,2025,True,ICSA,Siemens,Siemens SIPROTEC 5 Products,High,7.1,1,False,0.00616,CWE-552,1,Critical Manufacturing,Germany,False,False,False,False,False
ICSA-25-016-05,2025-01-16,2025,True,ICSA,Fuji Electric,Fuji Electric Alpha5 SMART,High,8.5,1,False,0.00341,CWE-121,1,Critical Manufacturing,Japan,False,False,False,False,False
ICSA-25-016-06,2025-01-16,2025,True,ICSA,Hitachi Energy,"Hitachi Energy FOX61x, FOXCST, and FOXMAN-UN Products",Medium,4.9,1,False,0.00219,CWE-297,1,Critical Manufacturing,Switzerland,False,False,False,False,False
ICSA-25-016-07,2025-01-16,2025,True,ICSA,Hitachi Energy,Hitachi Energy FOX61x Products,Medium,4.9,1,False,0.00498,CWE-23,1,Critical Manufacturing,Switzerland,False,False,False,False,False
ICSA-25-016-08,2025-01-16,2025,True,ICSA,Schneider Electric,Schneider Electric Data Center Expert,High,7.2,2,False,0.00548,CWE-306;CWE-347,2,Critical Manufacturing,France,False,False,False,False,False
ICSA-25-021-01,2025-01-21,2025,True,ICSA,Traffic Alert and Collision Avoidance System (TCAS) II,Traffic Alert and Collision Avoidance System (TCAS) II,High,7.1,2,False,0.0028,CWE-15;CWE-807,2,Transportation Systems,United States,False,False,False,False,False
ICSA-25-021-02,2025-01-21,2025,True,ICSA,Siemens,Siemens SIMATIC S7-1200 CPUs,High,7.2,1,False,0.00243,CWE-352,1,Critical Manufacturing,Germany,True,False,True,False,False
ICSA-25-021-03,2025-01-21,2025,True,ICSA,ZF,ZF Roll Stability Support Plus (RSSPlus),Medium,5.9,1,False,0.00238,CWE-305,1,Transportation Systems,Germany,False,False,False,False,False
ICSA-25-023-01,2025-01-23,2025,True,ICSA,mySCADA,mySCADA myPRO Manager,Critical,9.3,2,False,0.01279,CWE-78,1,Critical Manufacturing,Czech Republic,False,False,False,False,False
ICSA-25-023-02,2024-04-30,2024,True,ICSA,Hitachi Energy,Hitachi Energy RTU500 Series Product (Update B),High,7.2,1,False,0.00666,CWE-358,1,Energy,Switzerland,True,True,False,False,False
ICSA-25-023-03,2025-01-23,2025,True,ICSA,Schneider Electric,Schneider Electric EVlink Home Smart and Schneider Charge,High,8.5,1,False,0.00113,CWE-312,1,Transportation Systems,France,False,False,False,True,False
ICSA-25-023-04,2025-01-23,2025,True,ICSA,Schneider Electric,Schneider Electric Easergy Studio,High,7.8,1,False,0.00172,CWE-269,1,Commercial Facilities; Energy; Healthcare and Public Health; Information Technology; Transportation Systems,France,True,True,False,False,False
ICSA-25-023-05,2025-01-23,2025,True,ICSA,Schneider Electric,Schneider Electric EcoStruxure Power Build Rapsody (Update A),Medium,4.6,1,False,0.00228,CWE-119,1,Commercial Facilities; Energy; Food and Agriculture; Government Facilities; Transportation Systems; Water and Wastewater Systems,France,True,True,False,False,False
ICSA-25-023-06,2025-01-23,2025,True,ICSA,HMS Networks,HMS Networks Ewon Flexy 202,Medium,6.9,1,False,0.00142,CWE-319,1,Critical Manufacturing,Sweden,False,False,False,False,False
ICSA-25-028-01,2025-01-28,2025,True,ICSA,B&R Industrial Automation GmbH,B&R Automation Runtime,High,7.5,1,False,0.00337,CWE-327,1,Critical Manufacturing,Austria,False,False,False,False,False
ICSA-25-028-02,2025-01-28,2025,True,ICSA,Schneider Electric,Schneider Electric Power Logic,High,8.8,2,False,0.00559,CWE-119;CWE-639,2,Energy,France,True,True,False,False,False
ICSA-25-028-03,2025-01-28,2025,True,ICSA,Rockwell Automation,Rockwell Automation FactoryTalk,Critical,9.3,2,False,0.00727,CWE-78;CWE-863,2,Critical Manufacturing,United States,False,False,False,False,False
ICSA-25-028-04,2025-01-28,2025,True,ICSA,Rockwell Automation,Rockwell Automation FactoryTalk,High,7.0,2,False,0.00252,CWE-94;CWE-732,2,Critical Manufacturing,United States,False,False,False,False,False
ICSA-25-028-05,2025-01-28,2025,True,ICSA,Rockwell Automation,Rockwell Automation DataMosaix Private Cloud,Critical,9.3,2,False,0.0761,CWE-200;CWE-1395,2,Critical Manufacturing,United States,False,False,False,False,False
ICSA-25-028-06,2025-01-14,2025,True,ICSA,Schneider Electric,Schneider Electric RemoteConnect and SCADAPack x70 Utilities (Update A),High,7.8,1,False,0.00305,CWE-502,1,Energy; Critical Manufacturing,France,True,True,True,False,False
ICSA-25-030-01,2025-01-30,2025,True,ICSA,Hitachi Energy,Hitachi Energy UNEM,Critical,10.0,8,False,0.0068,CWE-88;CWE-122;CWE-259;CWE-286;CWE-288;CWE-295;CWE-307;CWE-312,8,Critical Manufacturing,Switzerland,False,False,False,False,False
ICSA-25-030-02,2025-01-30,2025,True,ICSA,New Rock Technologies,New Rock Technologies Cloud Connected Devices,Critical,9.3,2,False,0.00621,CWE-78;CWE-155,2,Communications; Healthcare and Public Health,China,False,False,False,False,False
ICSA-25-030-03,2025-01-30,2025,True,ICSA,Schneider Electric,Schneider Electric System Monitor Application in Harmony and Pro-face PS5000 Legacy Industrial PCs,Critical,9.8,1,False,0.00583,CWE-200,1,Commercial Facilities; Critical Manufacturing; Energy,France,True,True,False,False,False
ICSA-25-030-04,2025-01-30,2025,True,ICSA,Rockwell Automation,Rockwell Automation KEPServer,High,7.5,1,False,0.00757,CWE-400,1,Critical Manufacturing,United States,False,False,False,False,False
ICSA-25-030-05,2025-01-30,2025,True,ICSA,Rockwell Automation,Rockwell Automation FactoryTalk AssetCentre,Critical,9.3,3,False,0.00382,CWE-326;CWE-522,2,Critical Manufacturing,United States,False,False,False,False,False
ICSA-25-035-01,2025-02-04,2025,True,ICSA,Western Telematic Inc,"Western Telematic Inc NPS Series, DSM Series, CPM Series",Medium,6.0,1,False,0.00424,CWE-73,1,Communications,United States,False,False,False,False,False
ICSA-25-035-02,2025-02-04,2025,True,ICSA,Rockwell Automation,Rockwell Automation GuardLogix 5380 and 5580 (Update A),High,7.1,1,False,0.00468,CWE-755,1,Critical Manufacturing,United States,False,False,False,False,False
ICSA-25-035-03,2025-02-04,2025,True,ICSA,Elber,Elber Communications Equipment,Critical,9.3,2,False,0.03654,CWE-288;CWE-912,2,Communications,Italy,False,False,False,False,False
ICSA-25-035-04,2025-02-04,2025,True,ICSA,Schneider Electric,"Schneider Electric Modicon M580 PLCs, BMENOR2200H and EVLink Pro AC (Update A)",High,8.7,1,False,0.00628,CWE-131,1,Commercial Facilities; Critical Manufacturing; Energy,France,True,True,True,False,False
ICSA-25-035-05,2025-02-04,2025,True,ICSA,Schneider Electric,Schneider Electric Web Designer for Modicon,High,7.8,1,False,0.00278,CWE-611,1,Commercial Facilities; Energy; Food and Agriculture; Government Facilities; Transportation Systems; Water and Wastewater Systems,France,True,True,True,False,False
ICSA-25-035-06,2025-02-04,2025,True,ICSA,Schneider Electric,"Schneider Electric Modicon M340 and BMXNOE0100/0110, BMXNOR0200H (Update B)",High,8.6,1,False,0.00349,CWE-200,1,Commercial Facilities; Critical Manufacturing; Energy,France,True,True,True,False,False
ICSA-25-035-07,2025-02-04,2025,True,ICSA,Schneider Electric,Schneider Electric Pro-Face GP-Pro EX and Remote HMI (Update A),Medium,6.1,1,False,0.00172,CWE-924,1,Energy,France,True,True,False,False,False
ICSA-25-035-08,2025-02-04,2025,True,ICSA,AutomationDirect,AutomationDirect C-more EA9 HMI,Critical,9.3,1,False,0.0089,CWE-120,1,Critical Manufacturing,United States,False,False,False,False,False
ICSA-25-037-01,2025-02-06,2025,True,ICSA,Schneider Electric,Schneider Electric EcoStruxure Power Monitoring Expert (PME) (Update B),High,7.3,1,False,0.00342,CWE-502,1,Commercial Facilities; Critical Manufacturing; Energy,France,True,True,False,False,False
ICSA-25-037-02,2025-01-14,2025,True,ICSA,Schneider Electric,Schneider Electric EcoStruxure (Update D),High,7.8,1,False,0.00806,CWE-427,1,Commercial Facilities; Energy; Food and Agriculture; Government Facilities; Transportation Systems; Water and Wastewater Systems,France,True,True,False,False,False
ICSA-25-037-03,2025-02-06,2025,True,ICSA,ABB,ABB Drive Composer,Critical,9.3,1,False,0.02018,CWE-22,1,Critical Manufacturing,Switzerland,False,False,False,False,False
ICSA-25-037-04,2025-02-06,2025,True,ICSA,Trimble,Trimble Cityworks (Update A),High,8.6,1,True,0.31309,CWE-502,1,Water and Wastewater Systems; Energy; Transportation Systems; Government Facilities; Communications,United States,True,True,False,False,False
ICSA-25-044-01,2025-02-13,2025,True,ICSA,Siemens,Siemens SIMATIC S7-1200 CPU Family,High,8.7,2,False,0.00613,CWE-404;CWE-1286,2,Critical Manufacturing,Germany,True,False,True,False,False
ICSA-25-044-02,2025-02-13,2025,True,ICSA,Siemens,iemens SIMATIC,Medium,6.9,1,False,0.00505,CWE-203,1,Critical Manufacturing,Germany,True,False,True,False,False
ICSA-25-044-03,2025-02-13,2025,True,ICSA,Siemens,Siemens SIPROTEC 5,Medium,5.1,1,False,0.00163,CWE-312,1,Critical Manufacturing,Germany,False,False,False,False,False
ICSA-25-044-04,2025-02-13,2025,True,ICSA,Siemens,Siemens SIPROTEC 5,High,7.0,1,False,0.00314,CWE-489,1,Energy,Germany,True,True,False,False,False
ICSA-25-044-05,2025-02-13,2025,True,ICSA,Siemens,Siemens SIPROTEC 5 Devices,High,8.7,1,False,0.00584,CWE-1392,1,Critical Manufacturing,Germany,False,False,False,False,False
ICSA-25-044-06,2025-02-13,2025,True,ICSA,Siemens,Siemens RUGGEDCOM APE1808 Devices,High,7.5,10,False,0.15308,CWE-22;CWE-113;CWE-125;CWE-190;CWE-201;CWE-770;CWE-787,7,Critical Manufacturing,Germany,False,False,False,False,False
ICSA-25-044-07,2025-02-13,2025,True,ICSA,Siemens,Siemens Teamcenter,High,7.4,1,False,0.0056,CWE-601,1,Critical Manufacturing,Germany,False,False,False,False,False
ICSA-25-044-08,2025-02-13,2025,True,ICSA,Siemens,Siemens OpenV2G,Medium,6.2,1,False,0.004,CWE-120,1,Critical Manufacturing,Germany,False,False,False,False,False
ICSA-25-044-09,2025-02-13,2025,True,ICSA,Siemens,Siemens SCALANCE W700,Critical,9.8,72,False,0.93305,CWE-20;CWE-74;CWE-78;CWE-79;CWE-119;CWE-125;CWE-183;CWE-190;CWE-200;CWE-203;CWE-222;CWE-252;CWE-284;CWE-295;CWE-304;CWE-326;CWE-362;CWE-369;CWE-400;CWE-401;CWE-404;CWE-415;CWE-416;CWE-425;CWE-476;CWE-610;CWE-684;CWE-754;CWE-787;CWE-834;CWE-843;CWE-923;CWE-1333,33,Chemical; Critical Manufacturing; Energy; Food and Agriculture; Water and Wastewater Systems,Germany,True,True,False,False,True
ICSA-25-044-10,2025-02-13,2025,True,ICSA,Siemens,Siemens Questa and ModelSim,Medium,6.7,1,False,0.00155,CWE-427,1,Critical Manufacturing,Germany,False,False,False,False,False
ICSA-25-044-11,2025-02-13,2025,True,ICSA,Siemens,Siemens APOGEE PXC and TALON TC Series,High,8.7,2,False,0.00436,CWE-125;CWE-326,2,Critical Manufacturing,Germany,False,False,False,False,False
ICSA-25-044-12,2025-02-13,2025,True,ICSA,Siemens,Siemens SIMATIC IPC DiagBase and SIMATIC IPC DiagMonitor,High,7.3,1,False,0.00149,CWE-732,1,Critical Manufacturing,Germany,True,False,True,False,False
ICSA-25-044-13,2025-02-13,2025,True,ICSA,Siemens,Siemens SIMATIC PCS neo and TIA Administrator,High,8.7,1,False,0.00556,CWE-613,1,Critical Manufacturing,Germany,True,False,True,False,False
ICSA-25-044-14,2025-02-13,2025,True,ICSA,Siemens,Siemens Opcenter Intelligence,Critical,9.4,5,True,0.99723,CWE-22;CWE-287;CWE-502;CWE-532;CWE-918,5,Critical Manufacturing,Germany,False,False,False,False,False
ICSA-25-044-15,2025-02-13,2025,True,ICSA,ORing,ORing IAP-420,High,8.6,2,False,0.234,CWE-77;CWE-79,2,Commercial Facilities; Critical Manufacturing; Energy; Transportation Systems,Taiwan,True,True,False,False,False
ICSA-25-044-16,2025-02-13,2025,True,ICSA,mySCADA Technologies,mySCADA myPRO Manager,Critical,10.0,4,False,0.07245,CWE-78;CWE-306;CWE-312;CWE-352,4,Critical Manufacturing,Czech Republic,False,False,False,False,False
ICSA-25-044-17,2025-02-13,2025,True,ICSA,Outback Power,Outback Power Mojave Inverter,High,8.7,3,False,0.00545,CWE-77;CWE-200;CWE-598,3,Energy,United States,True,True,False,False,False
ICSA-25-044-18,2025-02-13,2025,True,ICSA,Dingtian,Dingtian DT-R0 Series,Critical,9.3,1,False,0.00591,CWE-288,1,Critical Manufacturing,China,False,False,False,False,False
ICSA-25-051-01,2025-02-20,2025,True,ICSA,ABB,"ABB ASPECT-Enterprise, NEXUS, and MATRIX Series",Critical,9.3,1,False,0.00618,CWE-798,1,Critical Manufacturing,Switzerland,False,False,False,False,False
ICSA-25-051-02,2025-02-20,2025,True,ICSA,ABB,ABB FLXEON Controllers,Critical,10.0,3,False,0.04402,CWE-77;CWE-532;CWE-1385,3,Critical Manufacturing,Switzerland,False,False,False,False,False
ICSA-25-051-03,2025-02-20,2025,True,ICSA,Carrier,Carrier Block Load,High,7.1,1,False,0.00367,CWE-427,1,Commercial Facilities,United States,False,False,False,False,False
ICSA-25-051-04,2025-02-20,2025,True,ICSA,Siemens,Siemens SiPass Integrated,Critical,9.3,1,False,0.02018,CWE-22,1,Critical Manufacturing; Transportation Systems; Energy; Healthcare and Public Health; Financial Services; Government Facilities,Germany,True,True,False,False,False
ICSA-25-051-05,2025-02-20,2025,True,ICSA,Rapid Response Monitoring,Rapid Response Monitoring My Security Account App,High,8.7,1,False,0.00351,CWE-639,1,Emergency Services,United States,False,False,False,False,False
ICSA-25-051-06,2025-02-20,2025,True,ICSA,Elseta,Elseta Vinci Protocol Analyzer,Critical,9.4,1,False,0.01425,CWE-78,1,Critical Manufacturing; Communications,Lithuania,False,False,False,False,False
ICSA-25-056-01,2025-02-25,2025,True,ICSA,Rockwell Automation,Rockwell Automation PowerFlex 755,High,8.7,1,False,0.00275,CWE-319,1,Critical Manufacturing,United States,False,False,False,False,False
ICSA-25-058-01,2025-02-27,2025,True,ICSA,Schneider Electric,Schneider Electric Communication Modules for Modicon M580 and Quantum controllers (Update B),Critical,9.3,1,False,0.01789,CWE-787,1,Commercial Facilities; Critical Manufacturing; Energy,France,True,True,True,False,False
ICSA-25-063-01,2025-03-04,2025,True,ICSA,Carrier,Carrier Block Load,High,7.1,1,False,0.00367,CWE-427,1,Commercial Facilities,United States,False,False,False,False,False
ICSA-25-063-02,2025-03-04,2025,True,ICSA,Keysight Technologies Inc.,Keysight Ixia Vision Product Family (Update A),High,8.7,5,False,0.01245,CWE-22;CWE-321;CWE-611,3,Information Technology,United States,False,False,False,False,False
ICSA-25-063-03,2025-03-04,2025,True,ICSA,Hitachi Energy,Hitachi Energy MACH PS700,Medium,6.7,1,False,0.00191,CWE-427,1,Energy,Switzerland,True,True,False,False,False
ICSA-25-063-04,2025-03-04,2025,True,ICSA,Hitachi Energy,Hitachi Energy XMC20,Medium,6.9,1,False,0.00498,CWE-23,1,Energy; Government Facilities; Transportation Systems,Switzerland,True,True,False,False,False
ICSA-25-063-05,2025-03-04,2025,True,ICSA,Hitachi Energy,Hitachi Energy UNEM/ECST,Medium,6.8,1,False,0.00219,CWE-297,1,Critical Manufacturing,Switzerland,False,False,False,False,False
ICSA-25-063-06,2025-03-04,2025,True,ICSA,Delta Electronics,Delta Electronics CNCSoft-G2,High,8.5,1,False,0.00274,CWE-122,1,Energy; Critical Manufacturing,Taiwan,True,True,False,False,False
ICSA-25-063-07,2025-03-04,2025,True,ICSA,GMOD,GMOD Apollo,Critical,9.3,4,False,0.00648,CWE-23;CWE-209;CWE-266;CWE-306,4,Food and Agriculture; Government Facilities; Healthcare and Public Health,United States,False,False,False,False,False
ICSA-25-063-08,2025-03-04,2025,True,ICSA,Edimax,Edimax IC-7100 IP Camera,Critical,9.3,1,True,0.74482,CWE-78,1,Commercial Facilities,Taiwan,False,False,False,False,False
ICSA-25-065-01,2025-03-06,2025,True,ICSA,Hitachi Energy,Hitachi Energy PCU400,High,7.5,8,False,0.59501,CWE-125;CWE-203;CWE-415;CWE-416;CWE-476;CWE-843,6,Energy,Switzerland,True,True,False,False,False
ICSA-25-065-02,2025-03-06,2025,True,ICSA,Hitachi Energy,Hitachi Energy Relion 670/650/SAM600-IO,High,8.6,1,False,0.01792,CWE-274,1,Energy,Switzerland,True,True,False,False,False
ICSA-25-070-01,2025-03-11,2025,True,ICSA,Schneider Electric,Schneider Electric Uni-Telway Driver (Update D),Medium,5.5,1,False,0.00153,CWE-20,1,Commercial Facilities; Critical Manufacturing; Energy,France,True,True,False,False,False
ICSA-25-070-02,2025-03-11,2025,True,ICSA,Optigo Networks,Optigo Networks Visual BACnet Capture Tool/Optigo Visual Networks Capture Tool (Update A),Critical,9.8,3,False,0.00436,CWE-288;CWE-547,2,Information Technology,Canada,False,False,False,False,False
ICSA-25-072-01,2025-03-13,2025,True,ICSA,Siemens,Siemens Teamcenter Visualization and Tecnomatrix Plant Simulation,High,7.3,8,False,0.00167,CWE-119;CWE-125;CWE-416;CWE-787,4,Critical Manufacturing,Germany,False,False,False,False,False
ICSA-25-072-02,2025-03-13,2025,True,ICSA,Siemens,Siemens SINEMA Remote Connect Server,High,7.1,2,False,0.00835,CWE-117;CWE-772,2,Commercial Facilities; Critical Manufacturing; Energy; Food and Agriculture; Healthcare and Public Health; Transportation Systems; Water and Wastewater Systems,Germany,True,True,False,False,False
ICSA-25-072-03,2025-03-13,2025,True,ICSA,Siemens,Siemens SIMATIC S7-1500 TM MFP,High,7.8,5,False,0.00435,CWE-415;CWE-416;CWE-457;CWE-476;CWE-805,5,Critical Manufacturing,Germany,True,False,True,False,False
ICSA-25-072-04,2025-03-13,2025,True,ICSA,Siemens,Siemens SiPass integrated AC5102/ACC-G2 and ACC-AP,Critical,9.4,3,False,0.0049,CWE-20;CWE-306,2,Critical Manufacturing,Germany,False,False,False,False,False
ICSA-25-072-05,2025-03-13,2025,True,ICSA,Siemens,Siemens SINAMICS S200,Critical,9.5,1,False,0.0054,CWE-287,1,Critical Manufacturing,Germany,False,False,False,False,False
ICSA-25-072-06,2025-03-13,2025,True,ICSA,Siemens,Siemens SCALANCE LPE9403,High,8.7,7,False,0.00728,CWE-22;CWE-78;CWE-273,3,Critical Manufacturing,Germany,False,False,False,False,False
ICSA-25-072-07,2025-03-13,2025,True,ICSA,Siemens,Siemens SCALANCE M-800 and SC-600 Families,Medium,6.3,1,False,0.00274,CWE-187,1,Critical Manufacturing,Germany,False,False,False,False,False
ICSA-25-072-08,2025-03-13,2025,True,ICSA,Siemens,Siemens Tecnomatix Plant Simulation,High,7.0,2,False,0.00162,CWE-552,1,Critical Manufacturing,Germany,False,False,False,False,False
ICSA-25-072-09,2025-03-13,2025,True,ICSA,Siemens,Siemens OPC UA,Critical,9.3,2,False,0.00599,CWE-208;CWE-305,2,Chemical; Critical Manufacturing; Energy; Food and Agriculture; Water and Wastewater Systems,Germany,True,True,True,False,False
ICSA-25-072-10,2025-03-13,2025,True,ICSA,Siemens,Siemens SINEMA Remote Connect Client,Critical,9.3,6,False,0.15379,CWE-121;CWE-190;CWE-420;CWE-434;CWE-772;CWE-923,6,Critical Manufacturing; Commercial Facilities; Energy; Food and Agriculture; Healthcare and Public Health; Transportation Systems; Water and Wastewater Systems,Germany,True,True,False,False,False
ICSA-25-072-11,2025-03-13,2025,True,ICSA,Siemens,"Siemens SIMATIC IPC Family, ITP1000, and Field PGs",High,8.4,2,False,0.00211,CWE-693,1,Critical Manufacturing,Germany,True,False,True,False,False
ICSA-25-072-12,2025-03-13,2025,True,ICSA,Sungrow,Sungrow iSolarCloud Android App and WiNet Firmware,Critical,9.5,15,False,0.00573,CWE-121;CWE-122;CWE-259;CWE-295;CWE-327;CWE-494;CWE-639;CWE-798,8,Energy,China,True,True,False,False,False
ICSA-25-077-01,2025-03-18,2025,True,ICSA,Schneider Electric,Schneider Electric EcoStruxure Power Automation System User Interface (EPAS-UI),High,7.0,1,False,0.00269,CWE-287,1,Commercial Facilities; Critical Manufacturing; Energy,France,True,True,False,False,False
ICSA-25-077-02,2025-03-18,2025,True,ICSA,Rockwell Automation,Rockwell Automation Lifecycle Services with VMware,Critical,9.4,3,True,0.01735,CWE-123;CWE-125;CWE-367,3,Critical Manufacturing,United States,False,False,False,False,False
ICSA-25-077-03,2025-03-18,2025,True,ICSA,Schneider Electric,Schneider Electric EcoStruxure Power Automation System,Critical,9.2,1,False,0.00504,CWE-1188,1,Commercial Facilities; Critical Manufacturing; Energy,France,True,True,False,False,False
ICSA-25-077-04,2025-03-18,2025,True,ICSA,Schneider Electric,Schneider Electric EcoStruxure Panel Server,Medium,4.0,1,False,0.00162,CWE-532,1,Commercial Facilities; Critical Manufacturing; Energy,France,True,True,False,False,False
ICSA-25-077-05,2025-03-18,2025,True,ICSA,Schneider Electric,Schneider Electric ASCO 5310/5350 Remote Annunciator,High,8.7,4,False,0.00479,CWE-319;CWE-434;CWE-494;CWE-770,4,Commercial Facilities; Critical Manufacturing; Energy,France,True,True,False,False,False
ICSA-25-079-01,2025-02-11,2025,True,ICSA,Schneider Electric,Schneider Electric EcoStruxure Process Expert (Update A),High,7.8,1,False,0.00165,CWE-269,1,Commercial Facilities; Critical Manufacturing; Energy; Water and Wastewater Systems,France,True,True,False,False,False
ICSA-25-079-02,2025-03-20,2025,True,ICSA,Schneider Electric,Schneider Electric Enerlin’X IFE and eIFE,High,7.1,3,False,0.00383,CWE-20,1,Critical Manufacturing; Energy,France,True,True,False,False,False
ICSA-25-079-03,2025-03-20,2025,True,ICSA,Siemens,Siemens Simcenter Femap,High,7.3,1,False,0.00193,CWE-119,1,Critical Manufacturing,Germany,False,False,False,False,False
ICSA-25-079-04,2025-03-20,2025,True,ICSA,SMA Solar Technology AG,SMA Sunny Portal,Medium,6.9,1,False,0.00711,CWE-434,1,Energy,Germany,True,True,False,False,False
ICSA-25-084-01,2025-03-25,2025,True,ICSA,ABB,ABB RMC-100,High,8.7,1,False,0.15064,CWE-1321,1,Critical Manufacturing,Switzerland,False,False,False,False,False
ICSA-25-084-02,2025-03-25,2025,True,ICSA,Rockwell Automation,Rockwell Automation Verve Asset Manager,High,8.9,1,False,0.00661,CWE-1287,1,Critical Manufacturing,United States,False,False,False,False,False
ICSA-25-084-03,2025-03-25,2025,True,ICSA,Rockwell Automation,Rockwell Automation 440G TLS-Z,High,7.3,1,False,0.00342,CWE-74,1,Commercial Facilities,United States,False,False,False,False,False
ICSA-25-084-04,2025-03-25,2025,True,ICSA,"Inaba Denki Sangyo Co., Ltd.",Inaba Denki Sangyo CHOCO TEI WATCHER Mini,Critical,9.3,4,False,0.01129,CWE-257;CWE-425;CWE-521;CWE-603,4,Critical Manufacturing,Japan,False,False,False,False,False
ICSA-25-091-01,2025-04-01,2025,True,ICSA,Rockwell Automation,Rockwell Automation Lifecycle Services with Veeam Backup and Replication,Critical,9.4,1,False,0.24,CWE-502,1,Critical Manufacturing,United States,False,False,False,False,False
ICSA-25-093-01,2025-04-03,2025,True,ICSA,Hitachi Energy,Hitachi Energy RTU500 Series (Update B),High,8.7,4,False,0.0039,CWE-410;CWE-476;CWE-820,3,Energy,Switzerland,True,True,False,False,False
ICSA-25-093-02,2025-04-03,2025,True,ICSA,Hitachi Energy,Hitachi Energy TRMTracker,Medium,6.9,3,False,0.00265,CWE-74;CWE-79;CWE-90,3,Energy,Switzerland,True,True,False,False,False
ICSA-25-093-03,2025-04-03,2025,True,ICSA,ABB,ABB ACS880 Drives Containing CODESYS RTS,High,8.8,15,False,0.00878,CWE-20;CWE-119;CWE-787,3,Critical Manufacturing,Switzerland,False,False,False,False,False
ICSA-25-093-04,2025-04-03,2025,True,ICSA,ABB,ABB Low Voltage DC Drives and Power Controllers CODESYS RTS,High,8.8,15,False,0.00878,CWE-20;CWE-119;CWE-787,3,Critical Manufacturing,Switzerland,False,False,False,False,False
ICSA-25-093-05,2025-04-03,2025,True,ICSA,B&R Industrial Automation GmbH,B&R APROL,Critical,9.2,13,False,0.00436,CWE-73;CWE-79;CWE-94;CWE-280;CWE-306;CWE-488;CWE-497;CWE-732;CWE-770;CWE-791;CWE-829;CWE-918,12,Critical Manufacturing,Austria,False,False,False,False,False
ICSA-25-100-01,2025-04-10,2025,True,ICSA,Siemens,Siemens License Server,Medium,5.4,2,False,0.00163,CWE-269;CWE-295,2,Chemical; Critical Manufacturing; Energy; Food and Agriculture; Water and Wastewater Systems,Germany,True,True,False,False,False
ICSA-25-100-02,2025-04-10,2025,True,ICSA,Siemens,Siemens SIDIS Prime,Critical,9.1,14,False,0.06531,CWE-20;CWE-122;CWE-200;CWE-319;CWE-354;CWE-363;CWE-400;CWE-416;CWE-440;CWE-476;CWE-606;CWE-684;CWE-787,13,Chemical; Critical Manufacturing; Energy; Food and Agriculture; Water and Wastewater Systems,Germany,True,True,False,False,False
ICSA-25-100-03,2025-04-10,2025,True,ICSA,Siemens,Siemens Solid Edge,High,7.3,1,False,0.00176,CWE-787,1,Critical Manufacturing,Germany,False,False,False,False,False
ICSA-25-100-04,2025-04-10,2025,True,ICSA,Siemens,Siemens Industrial Edge Devices,Critical,9.3,1,False,0.00748,CWE-1390,1,Critical Manufacturing,Germany,True,False,True,False,False
ICSA-25-100-05,2025-04-10,2025,True,ICSA,Siemens,Siemens Insights Hub Private Cloud,Critical,9.8,5,False,0.99525,CWE-20;CWE-653,2,Critical Manufacturing,Germany,False,False,False,False,False
ICSA-25-100-06,2025-04-10,2025,True,ICSA,Siemens,Siemens SENTRON 7KT PAC1260 Data Manager,Critical,10.0,9,False,0.00893,CWE-22;CWE-78;CWE-306;CWE-352;CWE-620;CWE-798,6,Energy,Germany,True,True,False,False,False
ICSA-25-100-07,2025-04-10,2025,True,ICSA,Rockwell Automation,Rockwell Automation Arena,High,8.5,11,False,0.00308,CWE-121;CWE-125;CWE-457;CWE-787,4,Critical Manufacturing,United States,False,False,False,False,False
ICSA-25-100-08,2025-04-10,2025,True,ICSA,SUBNET Solutions Inc.,Subnet Solutions PowerSYSTEM Center,Medium,6.9,2,False,0.00182,CWE-125;CWE-502,2,Critical Manufacturing; Energy,Canada,True,True,False,False,False
ICSA-25-100-09,2025-04-10,2025,True,ICSA,ABB,ABB Arctic Wireless Gateways,Critical,9.2,8,False,0.99506,CWE-22;CWE-120;CWE-200;CWE-269;CWE-362,5,Energy,Switzerland,True,True,False,False,False
ICSA-25-105-01,2025-04-15,2025,True,ICSA,Siemens,Siemens Mendix Runtime,Medium,6.9,1,False,0.00454,CWE-204,1,Critical Manufacturing,Germany,False,False,False,False,False
ICSA-25-105-02,2025-04-15,2025,True,ICSA,Siemens,Siemens Industrial Edge Device Kit,Critical,9.3,1,False,0.00748,CWE-1390,1,Critical Manufacturing,Germany,False,False,False,False,False
ICSA-25-105-03,2025-04-15,2025,True,ICSA,Siemens,"Siemens SIMOCODE, SIMATIC, SIPLUS, SIDOOR, SIWAREX",Medium,6.9,1,False,0.00621,CWE-400,1,Critical Manufacturing,Germany,True,False,True,False,False
ICSA-25-105-04,2025-04-15,2025,True,ICSA,Growatt,Growatt Cloud Applications,Critical,9.3,30,False,0.00837,CWE-15;CWE-79;CWE-351;CWE-639,4,Energy,China,True,True,False,False,False
ICSA-25-105-05,2025-04-15,2025,True,ICSA,Lantronix,Lantronix XPort (Update A),Critical,9.3,1,False,0.00498,CWE-306,1,Critical Manufacturing; Energy; Transportation Systems; Water and Wastewater Systems,United States,True,True,False,False,False
ICSA-25-105-06,2025-04-15,2025,True,ICSA,National Instruments Corp (NI),National Instruments LabVIEW,High,7.1,2,False,0.00202,CWE-787,1,Critical Manufacturing,United States,False,False,False,False,False
ICSA-25-105-07,2025-04-15,2025,True,ICSA,Delta Electronics,Delta Electronics COMMGR (Update A),Critical,9.3,1,False,0.00716,CWE-338,1,Commercial Facilities; Communications; Critical Manufacturing; Energy; Healthcare and Public Health,Taiwan,True,True,False,False,False
ICSA-25-105-08,2025-04-15,2025,True,ICSA,ABB,ABB M2M Gateway,High,8.8,42,False,0.93305,CWE-20;CWE-22;CWE-74;CWE-119;CWE-120;CWE-131;CWE-190;CWE-200;CWE-203;CWE-209;CWE-212;CWE-269;CWE-326;CWE-354;CWE-362;CWE-400;CWE-401;CWE-416;CWE-426;CWE-428;CWE-444;CWE-770;CWE-787;CWE-843,24,Energy,Switzerland,True,True,False,False,False
ICSA-25-105-09,2025-04-15,2025,True,ICSA,Mitsubishi Electric Europe B.V.,Mitsubishi Electric Europe B.V. smartRTU,Critical,9.3,2,False,0.00697,CWE-78;CWE-306,2,Critical Manufacturing,Japan,False,False,False,False,False
ICSA-25-107-01,2025-04-17,2025,True,ICSA,Schneider Electric,Schneider Electric Trio Q Licensed Data Radio,Medium,5.4,3,False,0.00249,CWE-922;CWE-1188,2,Commercial Facilities; Critical Manufacturing; Energy,France,True,True,False,False,False
ICSA-25-107-02,2025-04-17,2025,True,ICSA,Schneider Electric,Schneider Electric Sage Series,Critical,9.3,6,False,0.01025,CWE-22;CWE-120;CWE-125;CWE-252;CWE-276;CWE-787,6,Energy,France,True,True,False,False,False
ICSA-25-107-03,2025-04-17,2025,True,ICSA,Schneider Electric,Schneider Electric ConneXium Network Manager,High,8.4,2,False,0.00296,CWE-20;CWE-552,2,Commercial Facilities; Critical Manufacturing; Energy,France,True,True,False,False,False
ICSA-25-107-04,2025-04-17,2025,True,ICSA,Yokogawa,Yokogawa Recorder Products,Critical,9.3,1,False,0.00742,CWE-306,1,Critical Manufacturing; Energy; Food and Agriculture,Japan,True,True,False,False,False
ICSA-25-112-01,2025-04-22,2025,True,ICSA,Siemens,Siemens TeleControl Server Basic SQL,Critical,9.3,67,False,0.01024,CWE-89,1,Energy; Water and Wastewater Systems; Transportation Systems,Germany,True,True,False,False,True
ICSA-25-112-02,2025-04-22,2025,True,ICSA,Siemens,Siemens TeleControl Server Basic,Medium,6.3,1,False,0.00418,CWE-130,1,Energy; Water and Wastewater Systems; Transportation Systems,Germany,True,True,False,False,False
ICSA-25-112-03,2025-04-22,2025,True,ICSA,Schneider Electric,Schneider Electric Wiser Home Controller WHC-5918A,Critical,9.3,1,False,0.00426,CWE-200,1,Energy,France,True,True,False,False,False
ICSA-25-112-04,2025-04-22,2025,True,ICSA,ABB,ABB MV Drives,High,8.7,15,False,0.00878,CWE-20;CWE-119;CWE-787,3,Critical Manufacturing,Switzerland,False,False,False,False,False
ICSA-25-114-01,2019-05-14,2019,True,ICSA,Schneider Electric,Schneider Electric Modicon Controllers (Update A),Critical,10.0,22,False,0.35039,CWE-125;CWE-200;CWE-248;CWE-284;CWE-290;CWE-501;CWE-807,7,Commercial Facilities; Critical Manufacturing; Energy,France,True,True,True,False,False
ICSA-25-114-02,2025-04-24,2025,True,ICSA,ALBEDO Telecom,ALBEDO Telecom Net.Time - PTP/NTP Clock,High,8.5,1,False,0.00305,CWE-613,1,Communications; Financial Services; Information Technology,Spain,False,False,False,False,False
ICSA-25-114-03,2025-04-24,2025,True,ICSA,Vestel,Vestel AC Charger,High,8.7,1,False,0.00391,CWE-497,1,Transportation Systems,Turkey,False,False,False,True,False
ICSA-25-114-04,2025-04-24,2025,True,ICSA,Nice,Nice Linear eMerge E3,Critical,9.3,1,False,0.53472,CWE-78,1,Commercial Facilities,Italy,False,False,False,False,False
ICSA-25-114-05,2025-04-24,2025,True,ICSA,Johnson Controls Inc.,Johnson Controls ICU,Critical,9.3,1,False,0.00542,CWE-121,1,Critical Manufacturing; Commercial Facilities; Government Facilities; Transportation Systems; Energy,Ireland,True,True,False,False,False
ICSA-25-114-06,2025-04-24,2025,True,ICSA,Planet Technology,Planet Technology Network Products,Critical,9.3,5,False,0.02096,CWE-78;CWE-306;CWE-798,3,Critical Manufacturing,Taiwan,False,False,False,False,False
ICSA-25-119-01,2025-04-29,2025,True,ICSA,Rockwell Automation,Rockwell Automation ThinManager,High,8.7,2,False,0.01784,CWE-119;CWE-276,2,Critical Manufacturing,United States,False,False,False,False,False
ICSA-25-119-02,2025-04-29,2025,True,ICSA,Delta Electronics,Delta Electronics ISPSoft,High,8.4,3,False,0.00402,CWE-121;CWE-787,2,Critical Manufacturing,Taiwan,False,False,False,False,False
ICSA-25-121-01,2025-05-01,2025,True,ICSA,KUNBUS,KUNBUS GmbH Revolution Pi (Update A),Critical,9.3,4,False,0.27333,CWE-97;CWE-305;CWE-306,3,Critical Manufacturing; Energy; Transportation Systems; Water and Wastewater Systems,Germany,True,True,False,False,False
ICSA-25-126-01,2025-05-06,2025,True,ICSA,Optigo Networks,Optigo Networks ONS NC600,Critical,9.3,1,False,0.00669,CWE-798,1,Critical Manufacturing,Canada,False,False,False,False,False
ICSA-25-126-02,2025-05-06,2025,True,ICSA,Milesight,Milesight UG65-868M-EA,Medium,6.1,1,False,0.00333,CWE-1274,1,Energy,China,True,True,False,False,False
ICSA-25-126-03,2025-05-06,2025,True,ICSA,BrightSign,BrightSign Players (Update A),High,8.4,2,False,0.00188,CWE-250;CWE-1392,2,Commercial Facilities; Financial Services; Food and Agriculture; Healthcare and Public Health,United States,False,False,False,False,False
ICSA-25-128-01,2025-05-08,2025,True,ICSA,Horner Automation,Horner Automation Cscape,High,8.4,1,False,0.00288,CWE-125,1,Critical Manufacturing,United States,False,False,False,False,False
ICSA-25-128-02,2025-05-08,2025,True,ICSA,Hitachi Energy,Hitachi Energy RTU500 series,High,8.2,3,False,0.00412,CWE-79;CWE-1285,2,Critical Manufacturing,Switzerland,False,False,False,False,False
ICSA-25-128-03,2025-04-25,2025,True,ICSA,Mitsubishi Electric,Mitsubishi Electric Multiple FA Products (Update D),High,7.5,1,False,0.00876,CWE-1284,1,Critical Manufacturing,Japan,False,False,False,False,False
ICSA-25-133-01,2025-05-13,2025,True,ICSA,Hitachi Energy,Hitachi Energy Service Suite,Critical,9.3,16,False,0.89529,CWE-113;CWE-125;CWE-190;CWE-200;CWE-348;CWE-400;CWE-404;CWE-444;CWE-770;CWE-787;CWE-789,11,Energy,Switzerland,True,True,False,False,False
ICSA-25-133-02,2023-11-28,2023,False,ICSA,Hitachi Energy,Hitachi Energy Relion 670/650/SAM600-IO Series (Update B),Medium,6.5,1,False,0.00701,CWE-1284,1,Energy,Switzerland,True,True,False,False,False
ICSA-25-133-03,2025-05-13,2025,True,ICSA,Hitachi Energy,Hitachi Energy MACH GWS Products,Critical,9.4,4,False,0.00611,CWE-22;CWE-294;CWE-306;CWE-943,4,Energy,Switzerland,True,True,False,False,False
ICSA-25-133-04,2025-04-30,2025,True,ICSA,ABB,ABB Automation Builder (Update A),High,7.8,2,False,0.00145,CWE-732,1,Energy,Switzerland,True,True,False,False,False
ICSA-25-135-01,2025-05-15,2025,True,ICSA,Siemens,Siemens RUGGEDCOM APE1808 Devices,Medium,6.3,2,False,0.00764,CWE-522;CWE-787,2,Critical Manufacturing,Germany,False,False,False,False,False
ICSA-25-135-02,2025-05-15,2025,True,ICSA,Siemens,Siemens INTRALOG WMS,High,8.7,8,False,0.03052,CWE-20;CWE-59;CWE-319;CWE-400;CWE-407;CWE-416,6,Chemical; Energy; Food and Agriculture; Healthcare and Public Health; Transportation Systems; Water and Wastewater Systems,Germany,True,True,False,False,False
ICSA-25-135-03,2025-05-15,2025,True,ICSA,Siemens,Siemens BACnet ATEC Devices,High,7.1,1,False,0.0024,CWE-20,1,Commercial Facilities,Germany,False,False,False,False,False
ICSA-25-135-04,2025-05-15,2025,True,ICSA,Siemens,Siemens Desigo,High,8.7,1,False,0.00551,CWE-306,1,Commercial Facilities; Critical Manufacturing,Germany,False,False,False,False,False
ICSA-25-135-05,2025-05-15,2025,True,ICSA,Siemens,Siemens SIPROTEC and SICAM,Critical,9.1,1,False,0.14859,CWE-924,1,Critical Manufacturing,Germany,False,False,False,False,False
ICSA-25-135-06,2025-05-15,2025,True,ICSA,Siemens,Siemens Teamcenter Visualization,High,8.2,1,False,0.00176,CWE-125,1,Critical Manufacturing,Germany,False,False,False,False,False
ICSA-25-135-07,2025-05-15,2025,True,ICSA,Siemens,Siemens IPC RS-828A,Critical,10.0,1,True,0.60747,CWE-290,1,Commercial Facilities; Critical Manufacturing; Energy; Transportation Systems; Water and Wastewater Systems,Germany,True,True,True,False,False
ICSA-25-135-08,2025-05-15,2025,True,ICSA,Siemens,Siemens VersiCharge AC Series EV Chargers,High,8.7,2,False,0.00274,CWE-1188;CWE-1326,2,Energy,Germany,False,True,False,True,False
ICSA-25-135-09,2025-05-15,2025,True,ICSA,Siemens,Siemens User Management Component (UMC),High,8.7,3,False,0.00623,CWE-125;CWE-787,2,Critical Manufacturing,Germany,True,False,True,False,False
ICSA-25-135-10,2025-05-15,2025,True,ICSA,Siemens,Siemens OZW Web Servers,Critical,10.0,2,False,0.00947,CWE-78;CWE-89,2,Critical Manufacturing,Germany,False,False,False,False,False
ICSA-25-135-11,2025-05-15,2025,True,ICSA,Siemens,Siemens Polarion,High,7.1,4,False,0.00529,CWE-79;CWE-89;CWE-204;CWE-611,4,Critical Manufacturing,Germany,False,False,False,False,False
ICSA-25-135-12,2025-05-15,2025,True,ICSA,Siemens,Siemens SIMATIC PCS neo,High,8.7,1,False,0.00439,CWE-613,1,Critical Manufacturing,Germany,True,False,True,False,False
ICSA-25-135-13,2025-05-15,2025,True,ICSA,Siemens,Siemens SIRIUS 3SK2 Safety Relays and 3RK3 Modular Safety Systems,High,8.7,3,False,0.00409,CWE-311;CWE-327;CWE-732,3,Critical Manufacturing,Germany,False,False,False,False,False
ICSA-25-135-14,2025-05-15,2025,True,ICSA,Siemens,Siemens APOGEE PXC and TALON TC Series,Medium,5.3,1,False,0.0021,CWE-440,1,Commercial Facilities; Energy; Government Facilities; Healthcare and Public Health; Information Technology; Transportation Systems,Germany,True,True,False,False,False
ICSA-25-135-15,2025-05-15,2025,True,ICSA,Siemens,Siemens Mendix OIDC SSOICSA-25-135-16 Siemens MS/TP Point Pickup Module,Low,2.1,1,False,0.0027,CWE-266,1,Critical Manufacturing; Energy; Financial Services; Healthcare and Public Health; Transportation Systems,Germany,True,True,False,False,False
ICSA-25-135-16,2025-05-15,2025,True,ICSA,Siemens,Siemens MS/TP Point Pickup Module,High,7.1,1,False,0.00258,CWE-20,1,Commercial Facilities; Energy; Government Facilities; Healthcare and Public Health; Information Technology; Transportation Systems,Germany,True,True,False,False,False
ICSA-25-135-17,2025-05-15,2025,True,ICSA,Siemens,Siemens RUGGEDCOM ROX II,Critical,9.4,3,False,0.01208,CWE-602,1,Critical Manufacturing,Germany,False,False,False,False,False
ICSA-25-135-18,2025-05-15,2025,True,ICSA,Siemens,Siemens SCALANCE LPE9403,High,8.5,12,False,0.0046,CWE-35;CWE-78;CWE-121;CWE-125;CWE-288;CWE-319;CWE-457;CWE-476;CWE-732,9,Critical Manufacturing,Germany,False,False,False,False,False
ICSA-25-135-19,2025-05-15,2025,True,ICSA,ECOVACS,ECOVACS DEEBOT Vacuum and Base Station (Update A),High,8.6,3,False,0.00288,CWE-321;CWE-494,2,Commercial Facilities,China,False,False,False,False,False
ICSA-25-135-20,2025-05-15,2025,True,ICSA,Schneider Electric,Schneider Electric EcoStruxure Power Build Rapsody,Medium,4.6,1,False,0.00192,CWE-121,1,Commercial Facilities; Critical Manufacturing; Energy,France,True,True,False,False,False
ICSA-25-140-01,2025-05-20,2025,True,ICSA,ABUP,ABUP IoT Cloud Platform,Medium,5.9,1,False,0.00339,CWE-266,1,Communications,China,False,False,False,False,False
ICSA-25-140-02,2025-05-20,2025,True,ICSA,National Instruments Corp (NI),National Instruments Circuit Design Suite,High,8.4,5,False,0.002,CWE-121;CWE-125;CWE-787,3,Communications; Defense Industrial Base; Government Facilities,United States,False,False,False,False,False
ICSA-25-140-03,2025-05-20,2025,True,ICSA,Danfoss,Danfoss AK-SM 8xxA Series (Update A),High,8.7,3,False,0.00908,CWE-15;CWE-77;CWE-287,3,Commercial Facilities,Denmark,False,False,False,False,False
ICSA-25-140-04,2025-05-20,2025,True,ICSA,Mitsubishi Electric Iconics Digital Solutions and Mitsubishi Electric,Mitsubishi Electric Iconics Digital Solutions / Mitsubishi Electric GENESIS64 (Update E),Medium,6.5,1,False,0.00218,CWE-250,1,Critical Manufacturing,Japan,False,False,False,False,False
ICSA-25-140-05,2025-05-20,2025,True,ICSA,Siemens,Siemens Siveillance Video,Medium,5.5,1,False,0.00239,CWE-311,1,Critical Manufacturing,Germany,False,False,False,False,False
ICSA-25-140-06,2025-05-20,2025,True,ICSA,Schneider Electric,Schneider Electric PrismaSeT Active - Wireless Panel Server,Critical,9.8,1,False,0.00398,CWE-120,1,Commercial Facilities; Critical Manufacturing; Energy,France,True,True,False,False,False
ICSA-25-140-07,2025-05-20,2025,True,ICSA,Schneider Electric,"Schneider Electric Galaxy VS, Galaxy VL, Galaxy VXL (Update A)",Critical,10.0,1,True,0.98754,CWE-306,1,Commercial Facilities; Critical Manufacturing; Energy,France,True,True,False,False,False
ICSA-25-140-08,2025-05-20,2025,True,ICSA,Schneider Electric,Schneider Electric Modicon Controllers (Update B),High,8.7,1,False,0.00419,CWE-610,1,Commercial Facilities; Critical Manufacturing; Energy,France,True,True,True,False,False
ICSA-25-140-09,2025-05-20,2025,True,ICSA,AutomationDirect,AutomationDirect MB-Gateway,Critical,10.0,1,False,0.0104,CWE-306,1,Critical Manufacturing,United States,False,False,False,False,False
ICSA-25-140-10,2025-05-20,2025,True,ICSA,Vertiv,Vertiv Liebert RDU101 and UNITY,Critical,9.3,2,False,0.00752,CWE-121;CWE-288,2,Communications; Energy,United States,True,True,False,False,False
ICSA-25-140-11,2025-05-20,2025,True,ICSA,Assured Telematics Inc.,Assured Telematics Inc (ATI) Fleet Management System (Update A),High,8.7,1,False,0.00428,CWE-497,1,Transportation Systems,United States,False,False,False,False,False
ICSA-25-142-01,2025-05-22,2025,True,ICSA,Lantronix,Lantronix Device Installer,Medium,6.9,1,False,0.00229,CWE-611,1,Information Technology,United States,False,False,False,False,False
ICSA-25-142-02,2025-05-22,2025,True,ICSA,Rockwell Automation,Rockwell Automation FactoryTalk Historian ThingWorx,Critical,9.3,1,False,0.17366,CWE-611,1,Critical Manufacturing,United States,False,False,False,False,False
ICSA-25-146-01,2025-05-27,2025,True,ICSA,Johnson Controls Inc.,Johnson Controls iSTAR Configuration Utility (ICU) Tool,Medium,6.3,1,False,0.00241,CWE-457,1,Commercial Facilities; Critical Manufacturing; Energy; Government Facilities; Transportation Systems,Ireland,True,True,False,False,False
ICSA-25-148-01,2025-05-29,2025,True,ICSA,Siemens,Siemens SiPass,High,8.2,1,False,0.00152,CWE-347,1,Critical Manufacturing,Germany,False,False,False,False,False
ICSA-25-148-02,2025-05-29,2025,True,ICSA,Siemens,Siemens SiPass Integrated,High,8.7,1,False,0.00624,CWE-125,1,Commercial Facilities,Germany,False,False,False,False,False
ICSA-25-148-03,2025-05-29,2025,True,ICSA,Consilium Safety,Consilium Safety CS5000 Fire Panel (Update A),High,8.6,2,False,0.00728,CWE-798;CWE-1188,2,Commercial Facilities; Energy; Government Facilities; Healthcare and Public Health; Transportation Systems,Sweden,True,True,False,False,False
ICSA-25-148-04,2025-05-29,2025,True,ICSA,Instantel,Instantel Micromate (Update A),Critical,9.3,1,False,0.00821,CWE-306,1,Critical Manufacturing,Canada,False,False,False,False,False
ICSA-25-153-01,2025-06-03,2025,True,ICSA,Schneider Electric,Schneider Electric Wiser Home Automation,Critical,9.3,1,False,0.00398,CWE-120,1,Commercial Facilities; Energy,France,True,True,False,False,False
ICSA-25-153-02,2025-06-03,2025,True,ICSA,Schneider Electric,Schneider Electric EcoStruxure Power Build Rapsody,Medium,4.6,1,False,0.00192,CWE-121,1,Energy,France,True,True,False,False,False
ICSA-25-153-03,2025-06-03,2025,True,ICSA,Mitsubishi Electric,Mitsubishi Electric MELSEC iQ-F Series,Critical,9.1,1,False,0.00826,CWE-1285,1,Critical Manufacturing,Japan,False,False,False,False,False
ICSA-25-155-01,2025-06-05,2025,True,ICSA,CyberData,CyberData 011209 SIP Emergency Intercom,Critical,9.3,5,False,0.00566,CWE-35;CWE-89;CWE-288;CWE-306;CWE-522,5,Communications; Emergency Services; Commercial Facilities,United States,False,False,False,False,False
ICSA-25-155-02,2025-06-05,2025,True,ICSA,Hitachi Energy,"Hitachi Energy Relion 670, 650 series and SAM600-IO Product",Critical,9.8,2,False,0.02491,CWE-190,1,Energy,Switzerland,True,True,False,False,False
ICSA-25-160-01,2025-06-10,2025,True,ICSA,SinoTrack,SinoTrack GPS Receiver,High,8.8,2,False,0.00432,CWE-204;CWE-1390,2,Communications,China,False,False,False,False,False
ICSA-25-160-02,2023-06-27,2023,True,ICSA,Hitachi Energy,"Hitachi Energy’s Relion 670, 650, SAM600-IO series (Update A)",Medium,5.9,1,False,0.16195,CWE-203,1,Energy,Switzerland,True,True,False,False,False
ICSA-25-162-01,2025-06-12,2025,True,ICSA,Siemens,Siemens Tecnomatix Plant Simulation,High,7.3,1,False,0.00176,CWE-125,1,Critical Manufacturing,Germany,False,False,False,False,False
ICSA-25-162-02,2025-06-12,2025,True,ICSA,Siemens,Siemens RUGGEDCOM APE1808,Medium,5.1,1,False,0.46401,CWE-79,1,Critical Manufacturing,Germany,False,False,False,False,False
ICSA-25-162-03,2025-06-12,2025,True,ICSA,Siemens,Siemens SCALANCE and RUGGEDCOM,Medium,5.3,1,False,0.00378,CWE-269,1,Critical Manufacturing,Germany,False,False,False,False,False
ICSA-25-162-04,2025-06-12,2025,True,ICSA,Siemens,Siemens SCALANCE and RUGGEDCOM,High,7.1,3,False,0.00518,CWE-362;CWE-863,2,Critical Manufacturing,Germany,False,False,False,False,False
ICSA-25-162-05,2025-06-12,2025,True,ICSA,Siemens,Siemens SIMATIC S7-1500 CPU Family,High,8.7,63,True,0.99999,CWE-20;CWE-73;CWE-78;CWE-121;CWE-122;CWE-124;CWE-125;CWE-129;CWE-130;CWE-131;CWE-190;CWE-222;CWE-304;CWE-311;CWE-362;CWE-364;CWE-390;CWE-400;CWE-407;CWE-416;CWE-466;CWE-476;CWE-617;CWE-667;CWE-684;CWE-787;CWE-826;CWE-843;CWE-908,29,Energy,Germany,True,True,True,False,True
ICSA-25-162-06,2025-06-12,2025,True,ICSA,Siemens,Siemens Energy Services,Critical,9.5,1,False,0.00391,CWE-276,1,Energy,Germany,True,True,False,False,False
ICSA-25-162-07,2025-06-12,2025,True,ICSA,AVEVA,AVEVA PI Data Archive,High,7.1,2,False,0.00435,CWE-248,1,Critical Manufacturing,United Kingdom,False,False,False,False,False
ICSA-25-162-08,2025-06-12,2025,True,ICSA,AVEVA,AVEVA PI Web API,Medium,4.5,1,False,0.00226,CWE-79,1,Critical Manufacturing,United Kingdom,False,False,False,False,False
ICSA-25-162-09,2025-06-12,2025,True,ICSA,AVEVA,AVEVA PI Connector for CygNet,Medium,6.9,2,False,0.00139,CWE-79;CWE-354,2,Critical Manufacturing,United Kingdom,False,False,False,False,False
ICSA-25-162-10,2025-06-12,2025,True,ICSA,"ValueHD, PTZOptics, multiCAM Systems, SMTAV",PTZOptics and Other Pan-Tilt-Zoom Cameras,Critical,9.3,4,True,0.80964,CWE-78;CWE-287;CWE-798,3,Commercial Facilities; Critical Manufacturing; Government Facilities; Healthcare and Public Health,"United States, China",False,False,False,False,False
ICSA-25-168-01,2025-06-17,2025,True,ICSA,Siemens,Siemens Mendix Studio Pro,Medium,4.6,1,False,0.00432,CWE-22,1,Critical Manufacturing,Germany,False,False,False,False,False
ICSA-25-168-02,2025-06-17,2025,True,ICSA,LS Electric,LS Electric GMWin 4,High,8.4,3,False,0.00173,CWE-122;CWE-125;CWE-787,3,Critical Manufacturing,South Korea,False,False,False,False,False
ICSA-25-168-04,2025-06-17,2025,True,ICSA,Fuji Electric,Fuji Electric Smart Editor,High,8.4,3,False,0.00216,CWE-121;CWE-125;CWE-787,3,Critical Manufacturing,Japan,False,False,False,False,False
ICSA-25-168-05,2025-06-17,2025,True,ICSA,Dover Fueling Solutions (DFS),Dover Fueling Solutions ProGauge MagLink LX Consoles,Critical,9.2,1,False,0.00753,CWE-306,1,Transportation Systems,United States,False,False,False,False,False
ICSA-25-175-01,2025-06-24,2025,True,ICSA,Kaleris,Kaleris Navis N4 Terminal Operating System,Critical,9.3,2,False,0.00559,CWE-319;CWE-502,2,Transportation Systems,United States,False,False,False,False,False
ICSA-25-175-02,2025-06-24,2025,True,ICSA,Delta Electronics,Delta Electronics CNCSoft,High,7.3,4,False,0.00252,CWE-787,1,Critical Manufacturing; Energy,Taiwan,True,True,False,False,False
ICSA-25-175-03,2025-06-24,2025,True,ICSA,Schneider Electric,Schneider Electric Modicon Controllers (Update A),High,7.1,6,False,0.00617,CWE-20;CWE-79;CWE-400,3,Commercial Facilities; Critical Manufacturing; Energy,France,True,True,True,False,False
ICSA-25-175-04,2025-06-24,2025,True,ICSA,Schneider Electric,Schneider Electric EVLink WallBox (Update A),High,8.6,4,False,0.00913,CWE-22;CWE-78;CWE-79,3,Transportation Systems,France,False,False,False,True,False
ICSA-25-175-05,2025-06-24,2025,True,ICSA,ControlID,ControlID iDSecure On-Premises,Critical,9.3,3,False,0.00497,CWE-89;CWE-287;CWE-918,3,Commercial Facilities,Brazil,False,False,False,False,False
ICSA-25-175-06,2025-06-24,2025,True,ICSA,Parsons,Parsons AccuWeather Widget,High,8.7,1,False,0.00358,CWE-79,1,Communications,United States,False,False,False,False,False
ICSA-25-175-07,2025-06-24,2025,True,ICSA,MICROSENS,MICROSENS NMP Web+,Critical,9.3,3,False,0.00694,CWE-22;CWE-547;CWE-613,3,Critical Manufacturing,Germany,False,False,False,False,False
ICSA-25-177-01,2025-06-26,2025,True,ICSA,Mitsubishi Electric,Mitsubishi Electric Air Conditioning Systems (Update B),Critical,9.8,1,False,0.0111,CWE-306,1,Commercial Facilities,Japan,False,False,False,False,False
ICSA-25-177-02,2025-06-26,2025,True,ICSA,TrendMakers,TrendMakers Sight Bulb Pro,Medium,5.3,2,False,0.002,CWE-77;CWE-327,2,Commercial Facilities,United States,False,False,False,False,False
ICSA-25-182-01,2025-07-01,2025,True,ICSA,Festo Didactic SE,"FESTO Didactic CP, MPS 200, and MPS 400 Firmware",Critical,9.8,1,False,0.05184,CWE-119,1,Critical Manufacturing,Germany,True,False,True,False,False
ICSA-25-182-02,2025-07-01,2025,True,ICSA,"Festo, Festo Didactic SE","FESTO Automation Suite, FluidDraw, and Festo Didactic Products",Critical,9.8,1,False,0.01971,CWE-787,1,Critical Manufacturing,Germany,False,False,False,False,False
ICSA-25-182-03,2025-07-01,2025,True,ICSA,Festo,FESTO CODESYS,Critical,9.8,3,False,0.01301,CWE-187;CWE-400;CWE-789,3,Critical Manufacturing,Germany,False,False,False,False,False
ICSA-25-182-04,2025-07-01,2025,True,ICSA,Festo,"FESTO Hardware Controller, Hardware Servo Press Kit",Critical,9.8,4,False,0.02852,CWE-78,1,Critical Manufacturing,Germany,False,False,False,False,False
ICSA-25-182-05,2025-07-01,2025,True,ICSA,"Voltronic Power, PowerShield",Voltronic Power and PowerShield UPS Monitoring Software,Critical,10.0,2,False,0.00798,CWE-425;CWE-749,2,Commercial Facilities; Critical Manufacturing; Energy,"Taiwan, Australia",True,True,False,False,False
ICSA-25-182-06,2025-07-01,2025,True,ICSA,Hitachi Energy,Hitachi Energy Relion 670/650 and SAM600-IO Series (Update A),High,8.7,1,False,0.00316,CWE-770,1,Energy,Switzerland,True,True,False,False,False
ICSA-25-182-07,2025-07-01,2025,True,ICSA,Hitachi Energy,Hitachi Energy MSM,Medium,5.3,1,False,0.99019,CWE-79,1,Energy,Switzerland,True,True,False,False,False
ICSA-25-184-01,2025-07-03,2025,True,ICSA,Hitachi Energy,Hitachi Energy Relion 670/650 and SAM600-IO Series (Update C),Medium,6.5,1,False,0.00354,CWE-754,1,Energy,Switzerland,True,True,False,False,False
ICSA-25-184-02,2025-07-03,2025,True,ICSA,Hitachi Energy,Hitachi Energy MicroSCADA X SYS600,High,7.1,5,False,0.00318,CWE-73;CWE-202;CWE-276;CWE-295;CWE-354,5,Energy,Switzerland,True,True,False,False,False
ICSA-25-184-03,2025-07-03,2025,True,ICSA,Mitsubishi Electric,Mitsubishi Electric MELSOFT Update Manager (Update B),High,8.2,2,True,0.67071,CWE-191;CWE-693,2,Critical Manufacturing,Japan,False,False,False,False,False
ICSA-25-184-04,2025-07-03,2025,True,ICSA,Mitsubishi Electric,Mitsubishi Electric MELSEC iQ-F Series,Medium,6.9,1,False,0.00392,CWE-645,1,Critical Manufacturing,Japan,False,False,False,False,False
ICSA-25-189-01,2025-07-08,2025,True,ICSA,Emerson,Emerson ValveLink Products,Critical,9.3,5,False,0.00379,CWE-20;CWE-316;CWE-427;CWE-693,4,Critical Manufacturing,United States,True,False,True,False,False
ICSA-25-191-01,2025-07-10,2025,True,ICSA,Siemens,Siemens SINEC NMS,Critical,9.3,4,False,0.09427,CWE-22;CWE-89;CWE-306,3,Critical Manufacturing,Germany,False,False,False,False,False
ICSA-25-191-02,2025-07-10,2025,True,ICSA,Siemens,Siemens Solid Edge,High,7.3,3,False,0.00149,CWE-121;CWE-125,2,Critical Manufacturing,Germany,False,False,False,False,False
ICSA-25-191-03,2025-07-10,2025,True,ICSA,Siemens,Siemens TIA Administrator,High,8.5,2,False,0.00131,CWE-284;CWE-347,2,Critical Manufacturing,Germany,False,False,False,False,False
ICSA-25-191-04,2025-07-10,2025,True,ICSA,Siemens,Siemens SIMATIC CN 4100,High,7.1,1,False,0.0033,CWE-20,1,Critical Manufacturing,Germany,True,False,True,False,False
ICSA-25-191-05,2025-07-10,2025,True,ICSA,Siemens,Siemens TIA Project-Server and TIA Portal,Medium,5.3,1,False,0.00277,CWE-434,1,Critical Manufacturing,Germany,False,False,False,False,False
ICSA-25-191-06,2025-07-10,2025,True,ICSA,Siemens,Siemens SIPROTEC 5,Medium,6.0,1,False,0.00277,CWE-598,1,Energy; Critical Manufacturing,Siemens,True,True,False,False,False
ICSA-25-191-07,2025-07-10,2025,True,ICSA,Delta Electronics,Delta Electronics DTM Soft,High,8.4,1,False,0.00203,CWE-502,1,Critical Manufacturing,Taiwan,False,False,False,False,False
ICSA-25-191-08,2025-07-10,2025,True,ICSA,Advantech,Advantech iView,High,8.7,10,False,0.05696,CWE-22;CWE-79;CWE-88;CWE-89,4,Critical Manufacturing,Taiwan,False,False,False,False,False
ICSA-25-191-09,2025-07-10,2025,True,ICSA,KUNBUS,KUNBUS RevPi Webstatus,Critical,9.3,1,False,0.51548,CWE-303,1,Critical Manufacturing; Energy; Transportation Systems; Water and Wastewater Systems,Germany,True,True,False,False,False
ICSA-25-191-10,2025-07-10,2025,True,ICSA,End-of-Train and Head-of-Train remote linking protocol,End-of-Train and Head-of-Train Remote Linking Protocol (Update C),High,7.2,1,False,0.00625,CWE-1390,1,Transportation Systems,United States,False,False,False,False,False
ICSA-25-196-01,2025-07-15,2025,True,ICSA,Hitachi Energy,Hitachi Energy Asset Suite,Critical,9.1,6,False,0.00835,CWE-184;CWE-256;CWE-763;CWE-787,4,Energy,Switzerland,True,True,False,False,False
ICSA-25-196-02,2025-07-03,2025,True,ICSA,ABB,ABB RMC-100 (Update A),High,7.5,4,False,0.00373,CWE-121;CWE-321,2,Critical Manufacturing,Switzerland,False,False,False,False,False
ICSA-25-196-03,2025-07-15,2025,True,ICSA,LITEON,LITEON IC48A and IC80A EV Chargers,High,8.7,1,False,0.0036,CWE-256,1,Commercial Facilities; Energy; Transportation Systems,Taiwan,False,True,False,True,False
ICSA-25-198-01,2025-07-17,2025,True,ICSA,Leviton,Leviton AcquiSuite and Energy Monitoring Hub,High,8.7,1,False,0.00342,CWE-79,1,Critical Manufacturing; Commercial Facilities; Government Facilities; Energy; Food and Agriculture; Healthcare and Public Health; Information Technology,United States,True,True,False,False,False
ICSA-25-201-01,2025-07-24,2025,True,ICSA,Mitsubishi Electric,Mitsubishi Electric CNC Series (Update A),High,7.0,1,False,0.00503,CWE-427,1,Critical Manufacturing,Japan,False,False,False,False,False
ICSA-25-203-01,2025-07-22,2025,True,ICSA,DuraComm Corporation,DuraComm DP-10iN-100-MU,High,8.7,3,False,0.00366,CWE-79;CWE-306;CWE-319,3,Energy,United States,True,True,False,False,False
ICSA-25-203-02,2025-07-22,2025,True,ICSA,Lantronix,Lantronix Provisioning Manager,High,8.6,1,False,0.01726,CWE-611,1,Information Technology,United States,False,False,False,False,False
ICSA-25-203-03,2025-07-22,2025,True,ICSA,Schneider Electric,Schneider Electric EcoStruxure,Medium,5.3,1,False,0.00277,CWE-668,1,Commercial Facilities; Critical Manufacturing; Energy,France,True,True,False,False,False
ICSA-25-203-04,2025-07-22,2025,True,ICSA,Schneider Electric,Schneider Electric EcoStruxure Power Operation (Update A),High,8.8,6,True,0.99999,CWE-95;CWE-400;CWE-409;CWE-680;CWE-787,5,Commercial Facilities; Critical Manufacturing; Energy,France,True,True,False,False,False
ICSA-25-203-05,2025-07-22,2025,True,ICSA,Schneider Electric,Schneider Electric System Monitor Application,Medium,6.9,1,True,0.8383,CWE-79,1,Commercial Facilities; Critical Manufacturing; Energy,France,True,True,False,False,False
ICSA-25-203-06,2025-07-22,2025,True,ICSA,Schneider Electric,Schneider Electric EcoStruxture IT Data Center Expert,Critical,9.5,6,False,0.1929,CWE-78;CWE-94;CWE-269;CWE-331;CWE-611;CWE-918,6,Critical Manufacturing,France,False,False,False,False,False
ICSA-25-205-01,2025-07-24,2025,True,ICSA,Mitsubishi Electric,Mitsubishi Electric CNC Series (Update B),High,7.0,1,False,0.00503,CWE-427,1,Critical Manufacturing,Japan,False,False,False,False,False
ICSA-25-205-02,2025-07-24,2025,True,ICSA,Network Thermostat,Network Thermostat X-Series WiFi Thermostats,Critical,9.3,1,False,0.00479,CWE-306,1,Commercial Facilities,United States,False,False,False,False,False
ICSA-25-205-03,2025-07-24,2025,True,ICSA,Honeywell,Honeywell Experion PKS (Update A),Critical,9.4,6,False,0.00719,CWE-119;CWE-191;CWE-226;CWE-430;CWE-457,5,Chemical; Critical Manufacturing; Energy; Healthcare and Public Health; Water and Wastewater Systems,United States,True,True,True,False,False
ICSA-25-205-04,2025-07-24,2025,True,ICSA,LG Innotek,LG Innotek Camera Model LNV5110R,High,8.3,1,False,0.0066,CWE-288,1,Commercial Facilities,South Korea,False,False,False,False,False
ICSA-25-210-01,2025-07-29,2025,True,ICSA,National Instruments Corp (NI),National Instruments LabVIEW,High,7.1,2,False,0.00157,CWE-119,1,Critical Manufacturing,United States,False,False,False,False,False
ICSA-25-210-02,2025-07-29,2025,True,ICSA,Samsung,Samsung HVAC DMS,High,7.5,6,False,0.00469,CWE-22;CWE-23;CWE-36;CWE-502;CWE-698,5,Commercial Facilities; Critical Manufacturing,South Korea,False,False,False,False,False
ICSA-25-210-03,2025-07-29,2025,True,ICSA,Delta Electronics,Delta Electronics DTN Soft,High,8.4,1,False,0.0026,CWE-502,1,Critical Manufacturing,Taiwan,False,False,False,False,False
ICSA-25-212-01,2025-07-31,2025,True,ICSA,Guralp Systems,Guralp Systems FMUS Series and MIN Series Devices (Update B),Critical,9.8,1,False,0.01266,CWE-306,1,Critical Manufacturing,United Kingdom,False,False,False,False,False
ICSA-25-212-02,2025-07-31,2025,True,ICSA,Rockwell Automation,Rockwell Automation Lifecycle Services with VMware,Critical,9.4,4,False,0.02873,CWE-787;CWE-908,2,Critical Manufacturing,United States,False,False,False,False,False
ICSA-25-217-01,2025-08-05,2025,True,ICSA,"Mitsubishi Electric Iconics Digital Solutions, Mitsubishi Electric",Mitsubishi Electric Iconics Digital Solutions Multiple Products (Update A),Medium,4.1,1,False,0.00196,CWE-64,1,Critical Manufacturing,Japan,False,False,False,False,False
ICSA-25-217-02,2025-08-05,2025,True,ICSA,Tigo Energy,Tigo Energy Cloud Connect Advanced (Update A),Critical,9.3,3,False,0.15849,CWE-77;CWE-337;CWE-798,3,Energy,United States,True,True,False,False,False
ICSA-25-219-01,2025-08-07,2025,True,ICSA,Delta Electronics,Delta Electronics DIAView,Critical,9.3,1,False,0.1167,CWE-22,1,Chemical; Commercial Facilities; Critical Manufacturing; Energy; Transportation Systems; Water and Wastewater Systems,Taiwan,True,True,False,False,False
ICSA-25-219-02,2025-08-07,2025,True,ICSA,Johnson Controls Inc.,"Johnson Controls FX Server, FX80 and FX90 (Update A)",High,8.4,1,False,,CWE-1395,1,Critical Manufacturing; Commercial Facilities; Government Facilities; Transportation Systems; Energy,Ireland,True,True,False,False,False
ICSA-25-219-03,2025-08-07,2025,True,ICSA,Burk Technology,Burk Technology ARC Solo,Critical,9.3,1,False,0.00928,CWE-306,1,Communications,United States,False,False,False,False,False
ICSA-25-219-04,2025-08-07,2025,True,ICSA,Rockwell Automation,Rockwell Automation Arena,High,8.4,3,False,0.00263,CWE-121;CWE-122;CWE-125,3,Critical Manufacturing,United States,False,False,False,False,False
ICSA-25-219-05,2025-08-07,2025,True,ICSA,Packet Power,Packet Power EMX and EG,Critical,9.3,1,False,0.00527,CWE-306,1,Energy,United States,True,True,False,False,False
ICSA-25-219-06,2025-08-07,2025,True,ICSA,Dreame Technology,Dreame Technology iOS and Android Mobile Applications (Update A),High,7.3,1,False,0.00117,CWE-295,1,Communications,China,False,False,False,False,False
ICSA-25-219-07,2025-08-07,2025,True,ICSA,EG4 Electronics,EG4 Electronics EG4 Inverters (Update B),Critical,9.2,4,False,0.0035,CWE-203;CWE-307;CWE-319;CWE-494,4,Energy,United States,True,True,False,False,False
ICSA-25-219-08,2025-08-07,2025,True,ICSA,Yealink,Yealink IP Phones and RPS (Redirect and Provisioning Service),Medium,5.3,4,False,0.00295,CWE-295;CWE-307;CWE-770;CWE-863,4,Communications,China,False,False,False,False,False
ICSA-25-224-01,2025-08-12,2025,True,ICSA,Ashlar-Vellum,"Ashlar-Vellum Cobalt, Xenon, Argon, Lithium, Cobalt Share",High,8.4,4,False,0.00167,CWE-122;CWE-125;CWE-787,3,Critical Manufacturing,United States,False,False,False,False,False
ICSA-25-224-02,2025-08-12,2025,True,ICSA,Johnson Controls Inc.,"Johnson Controls iSTAR Ultra, iSTAR Ultra SE, iSTAR Ultra G2, iSTAR Ultra G2 SE, iSTAR Edge G2 (Update A)",High,8.8,6,False,0.009,CWE-78;CWE-345;CWE-922;CWE-1299;CWE-1392,5,Critical Manufacturing,Ireland,False,False,False,False,False
ICSA-25-224-03,2025-08-12,2025,True,ICSA,Schneider Electric,Schneider Electric EcoStruxure (Update B),High,8.7,5,False,0.00908,CWE-22;CWE-502;CWE-918,3,Commercial Facilities; Critical Manufacturing; Energy,France,True,True,False,False,False
ICSA-25-224-04,2025-08-12,2025,True,ICSA,AVEVA,AVEVA PI Integrator,High,7.1,2,False,0.00366,CWE-201;CWE-434,2,Information Technology; Critical Manufacturing,United Kingdom,False,False,False,False,False
ICSA-25-226-01,2025-08-14,2025,True,ICSA,Siemens,Siemens SIMATIC RTLS Locating Manager,Medium,6.3,2,False,0.00125,CWE-522;CWE-617,2,Critical Manufacturing; Transportation Systems,Germany,True,False,True,False,False
ICSA-25-226-02,2025-08-14,2025,True,ICSA,Siemens,Siemens COMOS,High,8.2,1,False,0.00193,CWE-787,1,Critical Manufacturing,Germany,False,False,False,False,False
ICSA-25-226-03,2025-08-14,2025,True,ICSA,Siemens,Siemens Engineering Platforms,High,8.2,1,False,0.0017,CWE-502,1,Critical Manufacturing,Germany,True,False,True,False,False
ICSA-25-226-04,2025-08-14,2025,True,ICSA,Siemens,Siemens Simcenter Femap,High,7.8,2,False,0.00158,CWE-125;CWE-787,2,Critical Manufacturing,Germany,False,False,False,False,False
ICSA-25-226-05,2025-08-14,2025,True,ICSA,Siemens,Siemens Wibu CodeMeter Runtime,High,8.2,1,False,0.00171,CWE-272,1,Critical Manufacturing; Financial Services; Healthcare and Public Health; Transportation Systems,Germany,True,False,True,False,False
ICSA-25-226-06,2025-08-14,2025,True,ICSA,Siemens,Siemens Opcenter Quality,High,7.1,7,False,0.00195,CWE-209;CWE-311;CWE-327;CWE-613;CWE-863,5,Critical Manufacturing,Germany,False,False,False,False,False
ICSA-25-226-07,2025-08-14,2025,True,ICSA,Siemens,Siemens Third-Party Components in SINEC OS,Critical,9.1,489,True,0.03558,CWE-20;CWE-22;CWE-99;CWE-119;CWE-120;CWE-124;CWE-125;CWE-129;CWE-131;CWE-190;CWE-191;CWE-226;CWE-229;CWE-241;CWE-253;CWE-362;CWE-367;CWE-369;CWE-390;CWE-393;CWE-400;CWE-401;CWE-402;CWE-404;CWE-413;CWE-415;CWE-416;CWE-456;CWE-457;CWE-459;CWE-460;CWE-476;CWE-664;CWE-665;CWE-667;CWE-670;CWE-672;CWE-697;CWE-754;CWE-755;CWE-770;CWE-787;CWE-805;CWE-824;CWE-825;CWE-833;CWE-843;CWE-908;CWE-1050,49,Critical Manufacturing,Germany,False,False,False,False,True
ICSA-25-226-08,2025-08-14,2025,True,ICSA,Siemens,Siemens RUGGEDCOM CROSSBOW Station Access Controller,Medium,6.9,3,False,0.00828,CWE-122;CWE-190,2,Critical Manufacturing,Germany,False,False,False,False,False
ICSA-25-226-09,2025-08-14,2025,True,ICSA,Siemens,Siemens RUGGEDCOM APE1808,High,7.5,2,False,0.01018,CWE-78;CWE-250,2,Critical Manufacturing,Germany,False,False,False,False,False
ICSA-25-226-10,2025-08-14,2025,True,ICSA,Siemens,Siemens SIPROTEC 5,Low,2.4,1,False,0.00197,CWE-770,1,Critical Manufacturing,Germany,False,False,False,False,False
ICSA-25-226-11,2025-08-14,2025,True,ICSA,Siemens,Siemens SIMATIC S7-PLCSIM,High,8.5,1,False,0.00185,CWE-502,1,Critical Manufacturing,Germany,True,False,True,False,False
ICSA-25-226-12,2025-08-14,2025,True,ICSA,Siemens,Siemens SIPROTEC 4 and SIPROTEC 4 Compact,High,8.7,1,False,0.00441,CWE-754,1,Critical Manufacturing,Germany,False,False,False,False,False
ICSA-25-226-13,2025-08-14,2025,True,ICSA,Siemens,Siemens SIMATIC RTLS Locating Manager,Critical,9.4,1,False,0.00648,CWE-20,1,Critical Manufacturing,Germany,True,False,True,False,False
ICSA-25-226-14,2025-08-14,2025,True,ICSA,Siemens,Siemens RUGGEDCOM ROX II,Medium,5.1,1,False,0.00292,CWE-434,1,Critical Manufacturing,Germany,False,False,False,False,False
ICSA-25-226-15,2025-08-14,2025,True,ICSA,Siemens,Siemens SINEC OS,Critical,9.1,163,True,0.28058,CWE-20;CWE-99;CWE-119;CWE-121;CWE-125;CWE-131;CWE-311;CWE-362;CWE-369;CWE-395;CWE-400;CWE-402;CWE-413;CWE-415;CWE-416;CWE-456;CWE-459;CWE-476;CWE-606;CWE-667;CWE-787;CWE-833;CWE-1314,23,Critical Manufacturing,Germany,False,False,False,False,True
ICSA-25-226-16,2025-08-14,2025,True,ICSA,Siemens,Siemens SICAM Q100/Q200,Medium,6.8,2,False,0.00095,CWE-312,1,Energy,Germany,True,True,False,False,False
ICSA-25-226-17,2025-08-14,2025,True,ICSA,Siemens,Siemens SINEC Traffic Analyzer,High,8.8,7,False,0.01061,CWE-200;CWE-250;CWE-300;CWE-400;CWE-416;CWE-476;CWE-1164,7,Energy,Germany,True,True,False,False,False
ICSA-25-226-18,2025-08-14,2025,True,ICSA,Siemens,"Siemens SIMOTION SCOUT, SIMOTION SCOUT TIA, and SINAMICS STARTER",Medium,6.8,1,False,0.00172,CWE-611,1,Critical Manufacturing,Germany,False,False,False,False,False
ICSA-25-226-19,2025-08-14,2025,True,ICSA,Siemens,Siemens SINUMERIK,High,8.7,1,False,0.00242,CWE-288,1,Critical Manufacturing,Germany,False,False,False,False,False
ICSA-25-226-20,2025-08-14,2025,True,ICSA,Siemens,Siemens RUGGEDCOM ROX II,High,8.6,1,False,0.00237,CWE-288,1,Critical Manufacturing,Germany,False,False,False,False,False
ICSA-25-226-21,2025-08-14,2025,True,ICSA,Siemens,Siemens BFCClient,High,8.7,5,False,0.87816,CWE-120;CWE-125;CWE-295;CWE-835;CWE-843,5,Critical Manufacturing,Germany,False,False,False,False,False
ICSA-25-226-22,2025-08-14,2025,True,ICSA,Siemens,Siemens Web Installer,High,8.5,1,False,0.00206,CWE-427,1,Critical Manufacturing; Energy,Germany,True,True,True,False,False
ICSA-25-226-23,2025-08-14,2025,True,ICSA,Rockwell Automation,Rockwell Automation FactoryTalk Viewpoint,High,8.5,1,False,0.00136,CWE-250,1,Critical Manufacturing,United States,False,False,False,False,False
ICSA-25-226-24,2025-08-14,2025,True,ICSA,Rockwell Automation,Rockwell FactoryTalk Linx,High,8.4,1,False,0.00497,CWE-284,1,Critical Manufacturing,United States,False,False,False,False,False
ICSA-25-226-25,2025-08-14,2025,True,ICSA,Rockwell Automation,Rockwell Automation Micro800,Critical,9.3,4,False,0.03109,CWE-20;CWE-1395,2,Chemical; Critical Manufacturing; Energy; Food and Agriculture; Transportation Systems; Water and Wastewater Systems,United States,True,True,False,False,False
ICSA-25-226-26,2025-08-14,2025,True,ICSA,Rockwell Automation,Rockwell Automation FLEX 5000 I/O (Update A),High,8.7,2,False,0.00322,CWE-20,1,Chemical; Critical Manufacturing; Energy; Food and Agriculture; Transportation Systems; Water and Wastewater,United States,True,True,False,False,False
ICSA-25-226-27,2025-08-14,2025,True,ICSA,Rockwell Automation,Rockwell Automation ArmorBlock 5000 I/O - Webserver,High,8.8,2,False,0.00409,CWE-287;CWE-863,2,Critical Manufacturing,United States,False,False,False,False,False
ICSA-25-226-28,2025-08-14,2025,True,ICSA,Rockwell Automation,Rockwell Automation ControlLogix Ethernet Modules,Critical,9.3,1,False,0.00811,CWE-1188,1,Chemical; Energy; Critical Manufacturing; Food and Agriculture; Transportation Systems; Water and Wastewater Systems,United States,True,True,True,False,False
ICSA-25-226-29,2025-08-14,2025,True,ICSA,Rockwell Automation,Rockwell Automation Studio 5000 Logix Designer,High,7.3,1,False,0.00127,CWE-20,1,Chemical; Critical Manufacturing,United States,False,False,False,False,False
ICSA-25-226-30,2025-08-14,2025,True,ICSA,Rockwell Automation,Rockwell Automation FactoryTalk Action Manager,High,8.5,1,False,0.01051,CWE-200,1,Chemical; Critical Manufacturing; Energy; Food and Agriculture; Transportation Systems; Water and Wastewater Systems,United States,True,True,False,False,False
ICSA-25-226-31,2025-08-14,2025,True,ICSA,Rockwell Automation,"Rockwell Automation 1756-EN4TR, 1756-EN4TRXT (Update B)",High,7.1,2,False,0.00677,CWE-20;CWE-755,2,Chemical; Critical Manufacturing,United States,False,False,False,False,False
ICSA-25-231-01,2025-08-19,2025,True,ICSA,Siemens,Siemens Desigo CC Product Family and SENTRON Powermanager,High,8.2,1,False,0.00171,CWE-272,1,Critical Manufacturing,Germany,False,False,False,False,False
ICSA-25-231-02,2025-08-19,2025,True,ICSA,Siemens,Siemens Mendix SAML Module,High,8.7,1,False,0.00229,CWE-347,1,Critical Manufacturing,Germany,False,False,False,False,False
ICSA-25-233-01,2025-08-21,2025,True,ICSA,Mitsubishi Electric,Mitsubishi Electric Corporation MELSEC iQ-F Series CPU Module (Update A),Medium,5.3,1,False,0.00585,CWE-130,1,Critical Manufacturing,Japan,False,False,False,False,False
ICSA-25-238-01,2025-08-26,2025,True,ICSA,INVT,INVT VT-Designer and HMITool,High,8.5,9,False,0.0022,CWE-787;CWE-843,2,Commercial Facilities; Critical Manufacturing; Energy; Information Technology; Transportation Systems,China,True,True,False,False,False
ICSA-25-238-03,2025-08-12,2025,True,ICSA,Schneider Electric,Schneider Electric Modicon M340 Controller and Communication Modules (Update A),High,7.5,1,False,0.00476,CWE-20,1,Critical Manufacturing; Energy,France,True,True,True,False,False
ICSA-25-240-01,2025-08-28,2025,True,ICSA,Mitsubishi Electric,Mitsubishi Electric MELSEC iQ-F Series CPU Module,Medium,6.9,1,False,0.00455,CWE-306,1,Critical Manufacturing,Japan,False,False,False,False,False
ICSA-25-240-02,2025-08-28,2025,True,ICSA,Mitsubishi Electric,Mitsubishi Electric MELSEC iQ-F Series CPU Module,High,8.7,1,False,0.00333,CWE-319,1,Critical Manufacturing,Japan,False,False,False,False,False
ICSA-25-240-03,2025-08-28,2025,True,ICSA,Schneider Electric,Schneider Electric Saitel DR & Saitel DP Remote Terminal Unit,Medium,6.7,1,False,0.00192,CWE-269,1,Communications; Critical Manufacturing; Energy; Transportation Systems,France,True,True,False,False,False
ICSA-25-240-04,2025-08-28,2025,True,ICSA,Delta Electronics,Delta Electronics CNCSoft-G2,High,8.5,1,False,0.00419,CWE-787,1,Critical Manufacturing; Energy,Taiwan,True,True,False,False,False
ICSA-25-240-05,2025-08-28,2025,True,ICSA,Delta Electronics,Delta Electronics COMMGR,High,8.8,2,False,0.00403,CWE-94;CWE-121,2,Critical Manufacturing,Taiwan,False,False,False,False,False
ICSA-25-240-06,2025-08-28,2025,True,ICSA,GE Vernova,GE Vernova CIMPLICITY,High,7.0,1,False,0.00347,CWE-427,1,Critical Manufacturing,United States,False,False,False,False,False
ICSA-25-245-01,2025-09-02,2025,True,ICSA,Delta Electronics,Delta Electronics EIP Builder,Medium,6.7,1,False,0.00183,CWE-611,1,Critical Manufacturing,Taiwan,False,False,False,False,False
ICSA-25-245-02,2025-09-02,2025,True,ICSA,Fuji Electric,Fuji Electric FRENIC-Loader 4,High,8.4,1,False,0.00193,CWE-502,1,Commercial Facilities,Japan,False,False,False,False,False
ICSA-25-245-03,2025-09-02,2025,True,ICSA,SunPower,SunPower PVS6,Critical,9.4,1,False,0.00164,CWE-798,1,Energy,United States,True,True,False,False,False
ICSA-25-247-01,2025-09-04,2025,True,ICSA,Honeywell,Honeywell OneWireless Wireless Device Manager (WDM),High,8.8,4,False,0.00719,CWE-119;CWE-191;CWE-226;CWE-430,4,Chemical; Energy,United States,True,True,False,False,False
ICSA-25-252-01,2025-09-09,2025,True,ICSA,Rockwell Automation,Rockwell Automation ThinManager,High,8.6,1,False,0.00466,CWE-918,1,Critical Manufacturing,United States,False,False,False,False,False
ICSA-25-252-02,2025-09-09,2025,True,ICSA,ABB,ABB Cylon Aspect BMS/BAS,Critical,9.3,3,False,0.00593,CWE-120;CWE-288;CWE-306,3,Commercial Facilities,Switzerland,False,False,False,False,False
ICSA-25-252-03,2025-09-09,2025,True,ICSA,Rockwell Automation,Rockwell Automation Stratix IOS,High,8.6,1,False,0.00627,CWE-74,1,Critical Manufacturing,United States,False,False,False,False,False
ICSA-25-252-04,2025-09-09,2025,True,ICSA,Rockwell Automation,Rockwell Automation FactoryTalk Optix,High,7.3,1,False,0.00539,CWE-20,1,Critical Manufacturing,United States,False,False,False,False,False
ICSA-25-252-05,2025-09-09,2025,True,ICSA,Rockwell Automation,Rockwell Automation FactoryTalk Activation Manager,High,8.7,1,False,0.00366,CWE-303,1,Critical Manufacturing,United States,False,False,False,False,False
ICSA-25-252-06,2025-09-09,2025,True,ICSA,Rockwell Automation,Rockwell Automation CompactLogix® 5480,High,7.0,1,False,0.00195,CWE-306,1,Critical Manufacturing,United States,True,False,True,False,False
ICSA-25-252-07,2025-09-09,2025,True,ICSA,Rockwell Automation,Rockwell Automation ControlLogix 5580,High,8.2,1,False,0.00414,CWE-476,1,Critical Manufacturing,United States,True,False,True,False,False
ICSA-25-252-08,2025-09-09,2025,True,ICSA,Rockwell Automation,Rockwell Automation Analytics LogixAI,High,8.7,1,False,0.00288,CWE-497,1,Critical Manufacturing,United States,False,False,False,False,False
ICSA-25-252-09,2025-09-09,2025,True,ICSA,Rockwell Automation,Rockwell Automation 1783-NATR,Medium,6.9,1,False,0.01566,CWE-1103,1,Critical Manufacturing,United States,False,False,False,False,False
ICSA-25-254-01,2025-09-11,2025,False,ICSA,Siemens,Siemens SIMOTION Tools,High,8.1,1,False,0.00192,CWE-754,1,Critical Manufacturing,Germany,True,False,True,False,False
ICSA-25-254-02,2025-09-11,2025,False,ICSA,Siemens,Siemens SIMATIC Virtualization as a Service (SIVaaS),Critical,9.3,1,False,0.00399,CWE-732,1,Critical Manufacturing,Germany,True,False,True,False,False
ICSA-25-254-03,2025-09-11,2025,False,ICSA,Siemens,Siemens SINAMICS Drives,Medium,6.9,1,False,0.00209,CWE-269,1,Critical Manufacturing,Germany,False,False,False,False,False
ICSA-25-254-04,2025-09-11,2025,False,ICSA,Siemens,Siemens SINEC OS,Low,2.3,2,False,0.00176,CWE-200;CWE-400,2,Critical Manufacturing,Germany,False,False,False,False,False
ICSA-25-254-05,2025-09-11,2025,False,ICSA,Siemens,Siemens Apogee PXC and Talon TC Devices,Medium,6.3,1,False,0.00266,CWE-200,1,Critical Manufacturing,Germany,False,False,False,False,False
ICSA-25-254-06,2025-09-11,2025,False,ICSA,Siemens,Siemens Industrial Edge Management OS (IEM-OS),High,8.7,1,False,0.62646,CWE-770,1,Energy,Germany,True,True,False,False,False
ICSA-25-254-07,2025-09-11,2025,False,ICSA,Siemens,Siemens User Management Component (UMC),Critical,9.3,4,False,0.00696,CWE-121;CWE-125,2,Critical Manufacturing,Germany,True,False,True,False,False
ICSA-25-254-08,2025-09-11,2025,False,ICSA,Schneider Electric,Schneider Electric EcoStruxure,Medium,4.1,2,False,0.00259,CWE-200;CWE-400,2,Critical Manufacturing; Energy,France,True,True,False,False,False
ICSA-25-254-09,2024-06-11,2024,True,ICSA,Schneider Electric,"Schneider Electric Modicon M340, BMXNOE0100, and BMXNOE0110 (Update A)",Medium,6.5,1,False,0.00351,CWE-552,1,Commercial Facilities; Critical Manufacturing; Energy,France,True,True,True,False,False
ICSA-25-254-10,2025-09-11,2025,False,ICSA,Daikin,Daikin Security Gateway,High,8.8,1,False,0.0063,CWE-640,1,Energy,Japan,True,True,False,False,False
ICSA-25-259-01,2025-09-09,2025,True,ICSA,Schneider Electric,Schneider Electric Multiple Altivar Process Drives and Communication Modules (Update B),Medium,6.1,1,False,0.00428,CWE-79,1,Critical Manufacturing,France,False,False,False,False,False
ICSA-25-259-02,2025-09-16,2025,False,ICSA,Hitachi Energy,Hitachi Energy RTU500 Series,High,8.2,7,False,0.02006,CWE-121;CWE-122;CWE-190;CWE-354;CWE-476;CWE-611;CWE-776,7,Energy,Switzerland,True,True,False,False,False
ICSA-25-259-03,2025-09-16,2025,False,ICSA,Siemens,"Siemens SIMATIC NET CP, SINEMA, and SCALANCE",High,7.5,2,False,0.06651,CWE-190,1,Critical Manufacturing,Germany,True,False,True,False,False
ICSA-25-259-05,2025-09-16,2025,False,ICSA,Siemens,Siemens OpenSSL Vulnerability in Industrial Products,High,7.4,1,False,0.50445,CWE-125,1,Critical Manufacturing,Germany,True,False,True,False,False
ICSA-25-259-07,2025-09-16,2025,False,ICSA,Delta Electronics,Delta Electronics DIALink,Critical,10.0,2,False,0.13966,CWE-22,1,Critical Manufacturing,Taiwan,False,False,False,False,False
ICSA-25-261-01,2025-09-18,2025,False,ICSA,Westermo,Westermo Network Technologies WeOS 5,High,8.7,1,False,0.00676,CWE-78,1,Commercial Facilities; Critical Manufacturing; Energy; Water and Wastewater Systems,Sweden,True,True,False,False,False
ICSA-25-261-02,2025-09-18,2025,False,ICSA,Westermo,Westermo Network Technologies WeOS 5,High,8.2,1,False,0.00355,CWE-1286,1,Commercial Facilities; Critical Manufacturing; Energy; Water and Wastewater Systems,Sweden,True,True,False,False,False
ICSA-25-261-03,2025-09-18,2025,False,ICSA,Schneider Electric,Schneider Electric Saitel DR & Saitel DP Remote Terminal Unit,Medium,5.8,2,False,0.00524,CWE-78,1,Commercial Facilities; Critical Manufacturing; Energy,France,True,True,False,False,False
ICSA-25-261-04,2025-09-18,2025,False,ICSA,Hitachi Energy,Hitachi Energy Asset Suite,High,8.7,6,False,0.8581,CWE-287;CWE-312;CWE-400;CWE-502;CWE-601;CWE-918,6,Energy,Switzerland,True,True,False,False,False
ICSA-25-261-05,2025-09-18,2025,False,ICSA,Hitachi Energy,Hitachi Energy Service Suite,Critical,9.3,1,True,0.94928,CWE-502,1,Energy,Switzerland,True,True,False,False,False
ICSA-25-261-06,2025-09-18,2025,False,ICSA,Cognex,Cognex In-Sight Explorer and In-Sight Camera Firmware,High,8.6,9,False,0.00389,CWE-259;CWE-276;CWE-294;CWE-307;CWE-319;CWE-602;CWE-732,7,Critical Manufacturing,United States,False,False,False,False,False
ICSA-25-261-07,2025-09-18,2025,False,ICSA,Dover Fueling Solutions (DFS),Dover Fueling Solutions ProGauge MagLink LX4 Devices,Critical,9.3,3,False,0.00729,CWE-190;CWE-321;CWE-1391,3,Transportation Systems,United States,False,False,False,False,False
ICSA-25-266-01,2025-09-23,2025,False,ICSA,AutomationDirect,AutomationDirect CLICK PLUS,High,8.7,7,False,0.0035,CWE-312;CWE-321;CWE-327;CWE-337;CWE-404;CWE-862,6,Critical Manufacturing,United States,False,False,False,False,False
ICSA-25-266-02,2025-09-23,2025,False,ICSA,Mitsubishi Electric,Mitsubishi Electric MELSEC-Q Series CPU Module,Medium,6.8,1,False,0.01023,CWE-130,1,Critical Manufacturing,Japan,False,False,False,False,False
ICSA-25-266-03,2025-09-23,2025,False,ICSA,Schneider Electric,Schneider Electric SESU,High,7.3,1,False,0.00217,CWE-59,1,Chemical; Commercial Facilities; Critical Manufacturing; Energy; Healthcare and Public Health; Information Technology; Transportation Systems; Water and Wastewater Systems,France,True,True,False,False,False
ICSA-25-266-04,2025-09-23,2025,False,ICSA,Viessmann,Viessmann Vitogate 300,High,8.7,2,False,0.00675,CWE-78;CWE-602,2,Commercial Facilities,Germany,False,False,False,False,False
ICSA-25-268-01,2025-09-25,2025,False,ICSA,Dingtian,Dingtian DT-R002,High,8.7,2,False,0.00317,CWE-522,1,Critical Manufacturing,China,False,False,False,False,False
ICSA-25-273-01,2025-09-30,2025,False,ICSA,MegaSys Computer Technologies,MegaSys Enterprises Telenium Online Web Application,Critical,9.3,1,False,0.01205,CWE-78,1,Information Technology; Communications,Canada,False,False,False,False,False
ICSA-25-273-02,2025-09-30,2025,False,ICSA,Festo,Festo SBRD-Q/SBOC-Q/SBOI-Q,High,8.2,4,False,0.01333,CWE-125;CWE-617;CWE-681,3,Critical Manufacturing,Germany,False,False,False,False,False
ICSA-25-273-03,2025-09-30,2025,False,ICSA,Festo,Festo CPX-CEC-C1 and CPX-CMXX,High,7.5,1,False,0.00701,CWE-269,1,Critical Manufacturing,Germany,False,False,False,False,False
ICSA-25-273-04,2025-09-30,2025,False,ICSA,Festo,"Festo Controller CECC-S,-LK,-D Family Firmware (Update A)",Critical,9.8,33,False,0.20968,CWE-20;CWE-22;CWE-119;CWE-120;CWE-126;CWE-269;CWE-283;CWE-311;CWE-327;CWE-330;CWE-401;CWE-426;CWE-476;CWE-552;CWE-640;CWE-668;CWE-674;CWE-732;CWE-755;CWE-770;CWE-787;CWE-822;CWE-916;CWE-923,24,Critical Manufacturing,Germany,False,False,False,False,False
ICSA-25-273-05,2025-09-30,2025,False,ICSA,OpenPLC_V3,OpenPLC_V3,Medium,6.1,1,False,0.00207,CWE-758,1,Critical Manufacturing; Energy; Transportation Systems; Water and Wastewater Systems,United States,True,True,False,False,False
ICSA-25-273-06,2025-09-30,2025,False,ICSA,National Instruments Corp (NI),National Instruments Circuit Design Suite,High,8.4,2,False,0.00183,CWE-125;CWE-843,2,Communications; Defense Industrial Base; Government Facilities,United States,False,False,False,False,False
ICSA-25-273-07,2025-09-30,2025,False,ICSA,LG Innotek,LG Innotek Camera Multiple Models,High,8.8,1,False,0.00476,CWE-288,1,Commercial Facilities,South Korea,False,False,False,False,False
ICSA-25-275-01,2025-10-02,2025,False,ICSA,Raise3D,Raise3D Pro2 Series 3D Printers,High,8.8,1,False,0.00421,CWE-288,1,Critical Manufacturing,United States,False,False,False,False,False
ICSA-25-275-02,2025-10-02,2025,False,ICSA,Hitachi Energy,Hitachi Energy MSM Product,High,7.5,2,False,0.00741,CWE-79;CWE-617,2,Energy,Switzerland,True,True,False,False,False
ICSA-25-280-01,2025-10-07,2025,False,ICSA,Delta Electronics,Delta Electronics DIAScreen,Medium,6.8,4,False,0.00186,CWE-787,1,Energy,Taiwan,True,True,False,False,False
ICSA-25-282-01,2025-10-09,2025,False,ICSA,Hitachi Energy,Hitachi Energy Asset Suite (Update A),Medium,6.0,1,False,0.00287,CWE-117,1,Energy,Switzerland,True,True,False,False,False
ICSA-25-282-02,2025-10-09,2025,False,ICSA,Rockwell Automation,Rockwell Automation Lifecycle Services with Cisco,High,7.7,1,True,0.39447,CWE-121,1,Critical Manufacturing,United States,False,False,False,False,False
ICSA-25-282-03,2025-10-09,2025,False,ICSA,Rockwell Automation,Rockwell Automation Stratix,High,7.7,1,True,0.39447,CWE-121,1,Critical Manufacturing,United States,False,False,False,False,False
ICSA-25-287-01,2025-10-14,2025,False,ICSA,Rockwell Automation,Rockwell Automation 1715 EtherNet/IP Comms Module,High,7.7,2,False,0.0031,CWE-770;CWE-787,2,Critical Manufacturing,United States,False,False,False,False,False
ICSA-25-289-01,2025-10-16,2025,False,ICSA,Rockwell Automation,Rockwell Automation FactoryTalk View Machine Edition and PanelView Plus 7,High,8.7,2,False,0.00567,CWE-22;CWE-285,2,Critical Manufacturing,United States,False,False,False,False,False
ICSA-25-289-02,2025-10-16,2025,False,ICSA,Rockwell Automation,Rockwell Automation FactoryTalk Linx,High,8.5,2,False,0.00176,CWE-268,1,Critical Manufacturing,United States,False,False,False,False,False
ICSA-25-289-03,2025-10-16,2025,False,ICSA,Rockwell Automation,Rockwell Automation FactoryTalk ViewPoint,High,8.7,1,False,0.00425,CWE-611,1,Critical Manufacturing; Energy; Food and Agriculture; Transportation Systems; Water and Wastewater Systems,United States,True,True,False,False,False
ICSA-25-289-04,2025-10-16,2025,False,ICSA,Rockwell Automation,Rockwell Automation ArmorStart AOP,High,8.7,1,False,0.00353,CWE-248,1,Critical Manufacturing,United States,False,False,False,False,False
ICSA-25-289-05,2025-10-16,2025,False,ICSA,Siemens,Siemens Solid Edge,High,7.3,4,False,0.00129,CWE-125;CWE-787,2,Critical Manufacturing,Germany,False,False,False,False,False
ICSA-25-289-06,2025-10-16,2025,False,ICSA,Siemens,Siemens SiPass Integrated,High,8.6,4,False,0.01308,CWE-79;CWE-119;CWE-257;CWE-639,4,Commercial Facilities,Germany,False,False,False,False,False
ICSA-25-289-07,2025-10-16,2025,False,ICSA,Siemens,Siemens SIMATIC ET 200SP Communication Processors,Critical,9.3,1,False,0.00492,CWE-306,1,Critical Manufacturing,Germany,True,False,True,False,False
ICSA-25-289-08,2025-10-16,2025,False,ICSA,Siemens,Siemens SINEC NMS,High,8.7,1,False,0.00346,CWE-89,1,Critical Manufacturing,Germany,False,False,False,False,False
ICSA-25-289-09,2025-10-16,2025,False,ICSA,Siemens,Siemens TeleControl Server Basic,Critical,9.3,1,False,0.00515,CWE-306,1,Critical Manufacturing,Germany,False,False,False,False,False
ICSA-25-289-10,2025-10-16,2025,False,ICSA,Siemens,Siemens HyperLynx and Industrial Edge App Publisher,High,7.0,1,True,0.12723,CWE-843,1,Critical Manufacturing,Germany,False,False,False,False,False
ICSA-25-289-11,2025-10-16,2025,False,ICSA,Hitachi Energy,Hitachi Energy MACH GWS,High,7.1,3,False,0.00202,CWE-276;CWE-295;CWE-354,3,Energy,Switzerland,True,True,False,False,False
ICSA-25-294-01,2025-10-21,2025,False,ICSA,Rockwell Automation,Rockwell Automation 1783-NATR,Critical,9.9,3,False,0.0052,CWE-79;CWE-306;CWE-352,3,Critical Manufacturing,United States,False,False,False,False,False
ICSA-25-294-02,2025-10-21,2025,False,ICSA,Rockwell Automation,Rockwell Automation Compact GuardLogix 5370,High,8.7,1,False,0.00383,CWE-248,1,Critical Manufacturing,United States,False,False,False,False,False
ICSA-25-294-03,2025-10-21,2025,False,ICSA,Siemens,Siemens SIMATIC S7-1200 CPU V1/V2 Devices,High,8.7,2,False,0.00451,CWE-20;CWE-294,2,Critical Manufacturing,Germany,True,False,True,False,False
ICSA-25-294-04,2025-10-21,2025,False,ICSA,Siemens,Siemens RUGGEDCOM ROS Devices,High,7.7,4,False,0.00285,CWE-327;CWE-693;CWE-755,3,Critical Manufacturing,Germany,False,False,False,False,False
ICSA-25-294-05,2025-10-21,2025,False,ICSA,CloudEdge,CloudEdge Online Cameras and App,High,8.7,1,False,0.003,CWE-155,1,Commercial Facilities,China,False,False,False,False,False
ICSA-25-294-06,2025-10-21,2025,False,ICSA,Raisecomm,Raisecomm RAX701-GC Series,Critical,9.3,1,False,0.00799,CWE-288,1,Information Technology; Communications,China,False,False,False,False,False
ICSA-25-296-01,2025-10-23,2025,False,ICSA,AutomationDirect,AutomationDirect Productivity Suite,Critical,9.3,9,False,0.00619,CWE-23;CWE-640;CWE-732;CWE-1327,4,Critical Manufacturing,United States,False,False,False,False,False
ICSA-25-296-02,2025-10-23,2025,False,ICSA,ASKI Energy,ASKI Energy ALS-Mini-S8 and ALS-Mini-S4,Critical,9.9,1,False,0.00745,CWE-306,1,Energy; Critical Manufacturing,Austria,False,True,False,False,False
ICSA-25-296-03,2025-10-23,2025,False,ICSA,Veeder-Root,Veeder-Root TLS4B Automatic Tank Gauge System,Critical,9.4,2,False,0.0134,CWE-77;CWE-190,2,Energy,United States,True,True,False,False,False
ICSA-25-296-04,2025-10-23,2025,False,ICSA,Delta Electronics,Delta Electronics ASDA-Soft,High,8.4,2,False,0.00195,CWE-121,1,Critical Manufacturing,Taiwan,False,False,False,False,False
ICSA-25-301-01,2025-10-28,2025,False,ICSA,Schneider Electric,Schneider Electric EcoStruxure,High,8.2,1,False,0.00322,CWE-770,1,Commercial Facilities; Critical Manufacturing; Energy,France,True,True,True,False,False
ICSA-25-303-01,2025-10-30,2025,False,ICSA,International Standards Organization (ISO),International Standards Organization ISO 15118-2,High,7.2,1,False,0.00755,CWE-923,1,Transportation Systems,Switzerland,False,False,False,False,False
ICSA-25-303-02,2025-10-30,2025,False,ICSA,Hitachi Energy,Hitachi Energy TropOS,High,8.7,3,False,0.01075,CWE-78;CWE-269,2,Critical Manufacturing; Energy,Switzerland,True,True,False,False,False
ICSA-25-308-01,2025-11-04,2025,False,ICSA,Fuji Electric,Fuji Electric Monitouch V-SFT-6 (Update A),High,7.8,3,False,0.00262,CWE-121;CWE-122;CWE-787,3,Critical Manufacturing,Japan,False,False,False,False,False
ICSA-25-308-02,2025-11-04,2025,False,ICSA,Survision,Survision License Plate Recognition Camera,Critical,9.3,1,False,0.00446,CWE-306,1,Commercial Facilities,France,False,False,False,False,False
ICSA-25-308-03,2025-11-04,2025,False,ICSA,Delta Electronics,Delta Electronics CNCSoft-G2,High,8.5,1,False,0.00305,CWE-121,1,Critical Manufacturing; Energy,Taiwan,True,True,False,False,False
ICSA-25-308-04,2025-11-04,2025,False,ICSA,Radiometrics,Radiometrics VizAir,Critical,10.0,3,False,0.00742,CWE-306;CWE-522,2,Transportation Systems,United States,False,False,False,False,False
ICSA-25-308-05,2025-11-04,2025,False,ICSA,IDIS,IDIS ICM Viewer,High,8.7,1,False,0.00461,CWE-88,1,Communications,South Korea,False,False,False,False,False
ICSA-25-310-01,2025-11-06,2025,False,ICSA,Advantech,Advantech DeviceOn iEdge,High,8.7,4,False,0.00711,CWE-22;CWE-79,2,Information Technology,Taiwan,False,False,False,False,False
ICSA-25-310-02,2025-11-06,2025,False,ICSA,Ubia,Ubia Ubox (Update A),Medium,6.5,1,False,0.00256,CWE-522,1,Commercial Facilities,China,False,False,False,False,False
ICSA-25-310-03,2025-11-06,2025,False,ICSA,ABB,ABB FLXeon Controllers,High,8.7,4,False,0.00539,CWE-759;CWE-798;CWE-1287,3,Commercial Facilities,Switzerland,False,False,False,False,False
ICSA-25-317-01,2025-11-13,2025,False,ICSA,Mitsubishi Electric,Mitsubishi Electric MELSEC iQ-F Series,Medium,5.3,1,False,0.00421,CWE-1284,1,Critical Manufacturing,Japan,False,False,False,False,False
ICSA-25-317-02,2025-11-13,2025,False,ICSA,AVEVA,AVEVA Application Server IDE,High,7.2,1,False,0.00158,CWE-80,1,Critical Manufacturing,United Kingdom,False,False,False,False,False
ICSA-25-317-03,2025-11-13,2025,False,ICSA,AVEVA,AVEVA Edge,High,8.3,1,False,0.00099,CWE-327,1,Critical Manufacturing,United Kingdom,False,False,False,False,False
ICSA-25-317-04,2025-11-13,2025,False,ICSA,Brightpick AI,Brightpick Mission Control / Internal Logic Control (Update A),High,7.4,3,False,0.00232,CWE-306;CWE-523,2,Commercial Facilities; Critical Manufacturing; Healthcare and Public Health,Slovakia,False,False,False,False,False
ICSA-25-317-05,2025-11-13,2025,False,ICSA,Rockwell Automation,Rockwell Automation Verve Asset Manager,High,8.4,1,False,0.00318,CWE-863,1,Critical Manufacturing,United States,False,False,False,False,False
ICSA-25-317-06,2025-11-13,2025,False,ICSA,Rockwell Automation,Rockwell Automation Studio 5000 Simulation Interface,Critical,9.3,2,False,0.00171,CWE-22;CWE-918,2,Chemical; Critical Manufacturing,United States,False,False,False,False,False
ICSA-25-317-07,2025-11-13,2025,False,ICSA,Rockwell Automation,Rockwell Automation FactoryTalk DataMosaix Private Cloud,High,8.6,2,False,0.00346,CWE-116;CWE-1390,2,Critical Manufacturing,United States,False,False,False,False,False
ICSA-25-317-08,2025-11-13,2025,False,ICSA,General Industrial Controls,General Industrial Controls Lynx+ Gateway,Critical,9.2,4,False,0.00629,CWE-306;CWE-319;CWE-521,3,Critical Manufacturing,India,False,False,False,False,False
ICSA-25-317-09,2025-11-13,2025,False,ICSA,Rockwell Automation,Rockwell Automation FactoryTalk Policy Manager,High,8.7,1,False,0.03168,CWE-404,1,Critical Manufacturing,United States,False,False,False,False,False
ICSA-25-317-10,2025-11-13,2025,False,ICSA,Rockwell Automation,Rockwell Automation AADvance-Trusted SIS Workstation,High,8.6,1,False,0.02018,CWE-22,1,Critical Manufacturing,United States,False,False,False,False,False
ICSA-25-317-11,2025-11-13,2025,False,ICSA,Siemens,Siemens SICAM P850 family and SICAM P855 family,Medium,5.5,2,False,0.00427,CWE-352;CWE-732,2,Energy,Germany,True,True,False,False,False
ICSA-25-317-12,2025-11-13,2025,False,ICSA,Siemens,Siemens Spectrum Power 4,High,8.7,5,False,0.0039,CWE-266;CWE-648;CWE-732;CWE-829,4,Energy,Germany,True,True,False,False,False
ICSA-25-317-13,2025-11-13,2025,False,ICSA,Siemens,Siemens LOGO! 8 BM Devices,High,8.6,3,False,0.00354,CWE-120;CWE-306,2,Commercial Facilities; Transportation Systems,Germany,False,False,False,False,False
ICSA-25-317-14,2025-11-13,2025,False,ICSA,Siemens,Siemens Solid Edge,High,8.7,1,False,0.00212,CWE-295,1,Critical Manufacturing,Germany,False,False,False,False,False
ICSA-25-317-15,2025-11-13,2025,False,ICSA,Siemens,Siemens COMOS,Critical,9.3,2,False,0.0117,CWE-184;CWE-319,2,Critical Manufacturing,Germany,False,False,False,False,False
ICSA-25-317-16,2025-11-13,2025,False,ICSA,Siemens,Siemens Altair Grid Engine,High,7.8,2,False,0.00138,CWE-209;CWE-427,2,Critical Manufacturing,Germany,False,False,False,False,False
ICSA-25-317-17,2025-11-13,2025,False,ICSA,Siemens,Siemens Software Center and Solid Edge,High,8.5,1,False,0.00162,CWE-427,1,Critical Manufacturing,Germany,False,False,False,False,False
ICSA-25-322-01,2025-11-18,2025,False,ICSA,Schneider Electric,Schneider Electric EcoStruxure Machine SCADA Expert & Pro-face BLUE Open Studio,High,8.3,1,False,0.00099,CWE-327,1,Commercial Facilities; Critical Manufacturing; Energy,France,True,True,False,False,False
ICSA-25-322-02,2025-11-18,2025,False,ICSA,Shelly,Shelly Pro 4PM,High,8.3,1,False,0.00397,CWE-770,1,Critical Manufacturing,Bulgaria,False,False,False,False,False
ICSA-25-322-03,2025-11-18,2025,False,ICSA,Shelly,Shelly Pro 3EM,High,8.3,1,False,0.00186,CWE-125,1,Critical Manufacturing,Bulgaria,False,False,False,False,False
ICSA-25-322-04,2025-11-18,2025,False,ICSA,Schneider Electric,Schneider Electric PowerChute Serial Shutdown,High,7.8,3,False,0.00544,CWE-22;CWE-276;CWE-307,3,Critical Manufacturing,France,False,False,False,False,False
ICSA-25-322-05,2025-11-18,2025,False,ICSA,METZ CONNECT,METZ CONNECT EWIO2,Critical,9.3,5,False,0.00721,CWE-35;CWE-98;CWE-284;CWE-305;CWE-434,5,Critical Manufacturing,Germany,False,False,False,False,False
ICSA-25-324-01,2025-11-20,2025,False,ICSA,Automated Logic,Automated Logic WebCTRL Premium Server,High,8.6,2,False,0.0016,CWE-79;CWE-601,2,Critical Manufacturing,United States,False,False,False,False,False
ICSA-25-324-02,2025-11-20,2025,False,ICSA,iCam365,ICAM365 CCTV Camera Multiple Models,High,7.0,2,False,0.00178,CWE-306,1,Commercial Facilities,China,False,False,False,False,False
ICSA-25-324-03,2025-11-20,2025,False,ICSA,Opto 22,Opto 22 GRV-EPIC and GRV-RIO,High,7.5,1,False,0.07041,CWE-78,1,Critical Manufacturing,United States,False,False,False,False,False
ICSA-25-324-04,2025-11-20,2025,False,ICSA,Festo,Festo MSE6-C2M/D2M/E2M,High,8.8,1,False,0.00643,CWE-912,1,Critical Manufacturing,Germany,False,False,False,False,False
ICSA-25-324-05,2025-11-20,2025,False,ICSA,Festo,Festo Didactic products,High,7.8,1,False,0.00249,CWE-20,1,Commercial Facilities; Communications; Critical Manufacturing; Energy,Germany,True,True,False,False,False
ICSA-25-324-06,2025-11-20,2025,False,ICSA,Emerson,Emerson Appleton UPSMON-PRO,Critical,9.3,1,False,0.01699,CWE-121,1,Critical Manufacturing; Healthcare and Public Health,United States,False,False,False,False,False
ICSA-25-329-01,2025-11-25,2025,False,ICSA,Ashlar-Vellum,"Ashlar-Vellum Cobalt, Xenon, Argon, Lithium, Cobalt Share (Update A)",High,7.8,5,False,0.00418,CWE-122;CWE-125;CWE-787,3,Critical Manufacturing,United States,False,False,False,False,False
ICSA-25-329-02,2025-11-25,2025,False,ICSA,Rockwell Automation,Rockwell Automation Arena Simulation,High,7.1,1,False,0.00156,CWE-121,1,Critical Manufacturing,United States,False,False,False,False,False
ICSA-25-329-03,2025-11-25,2025,False,ICSA,Zenitel,Zenitel TCIV-3+,Critical,10.0,5,False,0.02402,CWE-78;CWE-79;CWE-787,3,Communications,Belgium,False,False,False,False,False
ICSA-25-329-04,2025-11-25,2025,False,ICSA,Opto 22,Opto 22 groov View,Medium,6.1,1,False,0.00269,CWE-1230,1,Critical Manufacturing,United States,False,False,False,False,False
ICSA-25-329-05,2025-11-25,2025,False,ICSA,Festo,"Festo Compact Vision System, Control Block, Controller, and Operator Unit products",Critical,9.8,2,False,0.012,CWE-668;CWE-1188,2,Critical Manufacturing,Germany,False,False,False,False,False
ICSA-25-329-06,2025-11-25,2025,False,ICSA,SiRcom,SiRcom SMART Alert (SiSA),High,8.8,1,False,0.0035,CWE-306,1,Emergency Services; Government Facilities; Defense Industrial Base,United States,False,False,False,False,False
ICSA-25-336-01,2025-12-02,2025,False,ICSA,Industrial Video and Control,Industrial Video & Control Longwatch,Critical,9.3,1,False,0.00681,CWE-94,1,Energy; Water and Wastewater Systems,United States,True,True,False,False,False
ICSA-25-336-02,2025-12-02,2025,False,ICSA,Iskra,Iskra iHUB and iHUB Lite,Critical,9.3,1,False,0.00626,CWE-306,1,Energy,Slovenia,True,True,False,False,False
ICSA-25-338-01,2025-12-04,2025,False,ICSA,Mitsubishi Electric,Mitsubishi Electric GX Works2,Medium,6.8,1,False,0.00102,CWE-312,1,Critical Manufacturing,Japan,False,False,False,False,False
ICSA-25-338-02,2025-12-04,2025,False,ICSA,MAXHUB,MAXHUB Pivot,High,8.7,1,False,0.00294,CWE-640,1,Information Technology,United States,False,False,False,False,False
ICSA-25-338-03,2025-12-04,2025,False,ICSA,Johnson Controls Inc.,Johnson Controls OpenBlue Mobile Web Application for OpenBlue Workplace,Medium,6.5,1,False,0.00306,CWE-425,1,Commercial Facilities; Critical Manufacturing; Energy; Government Facilities; Transportation Systems,Ireland,True,True,False,False,False
ICSA-25-338-04,2025-12-04,2025,False,ICSA,Johnson Controls Inc.,Johnson Controls iSTAR,High,7.1,1,False,0.00105,CWE-298,1,Commercial Facilities; Critical Manufacturing; Energy; Government Facilities; Transportation Systems,Ireland,True,True,False,False,False
ICSA-25-338-05,2025-12-04,2025,False,ICSA,Sunbird,Sunbird DCIM dcTrack and Power IQ,High,8.4,2,False,0.00342,CWE-288;CWE-798,2,Information Technology; Critical Manufacturing,United States,False,False,False,False,False
ICSA-25-338-06,2025-12-04,2025,False,ICSA,SolisCloud,SolisCloud Monitoring Platform,High,8.3,1,False,0.0026,CWE-639,1,Energy,China,True,True,False,False,False
ICSA-25-338-07,2025-12-04,2025,False,ICSA,Advantech,Advantech iView,High,8.7,1,False,0.00443,CWE-89,1,Critical Manufacturing; Information Technology,Taiwan,False,False,False,False,False
ICSA-25-343-01,2025-12-09,2025,False,ICSA,U-Boot,Universal Boot Loader (U-Boot) (Update A),High,8.4,1,False,0.00269,CWE-1274,1,Chemical; Commercial Facilities; Communications; Critical Manufacturing; Dams; Defense Industrial Base; Emergency Services; Energy; Financial Services; Food and Agriculture; Government Facilities; Healthcare and Public Health; Information Technology; Water and Wastewater Systems; Transportation Systems,United States,True,True,False,False,False
ICSA-25-343-02,2025-12-09,2025,False,ICSA,Festo SE & Co. KG,Festo LX Appliance,Medium,6.1,1,False,0.02549,CWE-79,1,Commercial Facilities; Communications; Critical Manufacturing; Energy,Germany,True,True,False,False,False
ICSA-25-343-03,2025-12-09,2025,False,ICSA,"D-Link (India Limited), Sparsh Securitech, Securus CCTV",Multiple India-based CCTV Cameras (Update A),Critical,9.4,1,False,0.00785,CWE-306,1,Commercial Facilities,"Taiwan, India",False,False,False,False,False
ICSA-25-345-01,2025-12-11,2025,False,ICSA,Johnson Controls Inc.,Johnson Controls iSTAR,High,8.7,2,False,0.00292,CWE-78,1,Commercial Facilities; Critical Manufacturing; Energy; Government Facilities; Transportation Systems,Ireland,True,True,False,False,False
ICSA-25-345-02,2025-12-11,2025,False,ICSA,Johnson Controls Inc.,Johnson Controls iSTAR Ultra,High,8.7,2,False,0.00289,CWE-78,1,Critical Manufacturing; Commercial Facilities; Government Facilities; Transportation Systems; Energy,Ireland,True,True,False,False,False
ICSA-25-345-03,2025-12-11,2025,False,ICSA,AzeoTech,AzeoTech DAQFactory (Update A),High,7.8,5,False,0.00383,CWE-125;CWE-416;CWE-787;CWE-824;CWE-843,5,Critical Manufacturing,United States,False,False,False,False,False
ICSA-25-345-04,2025-12-11,2025,False,ICSA,Siemens,Siemens IAM Client,Critical,9.1,1,False,0.00207,CWE-295,1,Critical Manufacturing,Germany,False,False,False,False,False
ICSA-25-345-05,2025-12-11,2025,False,ICSA,Siemens,Siemens Advanced Licensing (SALT) Toolkit,Critical,9.2,1,False,0.00263,CWE-295,1,Critical Manufacturing,Germany,False,False,False,False,False
ICSA-25-345-06,2025-12-11,2025,False,ICSA,Siemens,Siemens SINEMA Remote Connect Server,Medium,4.3,2,False,0.00249,CWE-732;CWE-863,2,Critical Manufacturing,Germany,False,False,False,False,False
ICSA-25-345-07,2025-12-11,2025,False,ICSA,Siemens,Siemens Building X - Security Manager Edge Controller,Medium,5.9,1,False,0.00152,CWE-347,1,Critical Manufacturing,Germany,False,False,False,False,False
ICSA-25-345-08,2025-12-11,2025,False,ICSA,Siemens,Siemens Energy Services,High,7.0,1,False,0.00211,CWE-288,1,Energy,Germany,True,True,False,False,False
ICSA-25-345-09,2025-12-11,2025,False,ICSA,Siemens,Siemens Gridscale X Prepay,Medium,6.9,2,False,0.00456,CWE-204;CWE-294,2,Energy,Germany,True,True,False,False,False
ICSA-25-345-10,2025-12-11,2025,False,ICSA,OpenPLC_V3,OpenPLC_V3 (Update A),High,8.9,4,False,0.0045,CWE-256;CWE-352;CWE-862;CWE-1188,4,Critical Manufacturing; Energy; Transportation Systems; Water and Wastewater Systems,United States,True,True,False,False,False
ICSA-25-350-01,2025-12-16,2025,False,ICSA,Guralp Systems,Guralp Systems FMUS (Fortimus) Series and MIN (Minimus) Series,Medium,5.3,1,False,0.00387,CWE-770,1,Critical Manufacturing,United Kingdom,False,False,False,False,False
ICSA-25-350-02,2025-12-16,2025,False,ICSA,Johnson Controls Inc.,"Johnson Controls PowerG, IQPanel and IQHub (Update A)",High,7.6,4,False,0.00182,CWE-319;CWE-323;CWE-338;CWE-346,4,Commercial Facilities,Ireland,False,False,False,False,False
ICSA-25-350-03,2025-12-16,2025,False,ICSA,Hitachi Energy,"Hitachi Energy AFS, AFR and AFF Series",Critical,9.0,1,False,0.14859,CWE-924,1,Energy,Switzerland,True,True,False,False,False
ICSA-25-350-04,2025-12-16,2025,False,ICSA,Mitsubishi Electric,Mitsubishi Electric GT Designer3,Medium,5.1,1,False,0.00094,CWE-312,1,Critical Manufacturing,Japan,False,False,False,False,False
ICSA-25-352-01,2025-12-18,2025,False,ICSA,Inductive Automation,Inductive Automation Ignition (Update A),Medium,6.4,1,False,0.00247,CWE-250,1,Critical Manufacturing; Energy; Information Technology,United States,True,True,False,False,False
ICSA-25-352-02,2025-12-18,2025,False,ICSA,Schneider Electric,Schneider Electric EcoStruxure Foxboro DCS Advisor,Critical,9.8,1,True,0.99979,CWE-502,1,Critical Manufacturing; Energy,France,True,True,True,False,False
ICSA-25-352-03,2025-12-18,2025,False,ICSA,National Instruments Corp (NI),National Instruments LabView,High,7.8,9,False,0.0016,CWE-121;CWE-125;CWE-416;CWE-787,4,Critical Manufacturing; Defense Industrial Base; Information Technology; Transportation Systems,United States,False,False,False,False,False
ICSA-25-352-04,2025-12-18,2025,False,ICSA,"Mitsubishi Electric Iconics Digital Solutions, Mitsubishi Electric",Mitsubishi Electric Iconics Digital Solutions and Mitsubishi Electrics Products,High,8.2,1,False,0.00578,CWE-78,1,Critical Manufacturing,"Japan, United States",False,False,False,False,False
ICSA-25-352-05,2025-12-18,2025,False,ICSA,Siemens,Siemens Interniche IP-Stack,High,7.5,1,False,0.0049,CWE-940,1,Critical Manufacturing,Germany,True,False,True,False,False
ICSA-25-352-06,2025-12-18,2025,False,ICSA,Advantech,Advantech WebAccess/SCADA,High,8.8,5,False,0.00925,CWE-22;CWE-36;CWE-89;CWE-434,4,Critical Manufacturing; Energy; Water and Wastewater Systems,Taiwan,True,True,False,False,False
ICSA-25-352-07,2025-12-18,2025,False,ICSA,Rockwell Automation,"Rockwell Automation Micro820, Micro850, Micro870",High,7.5,2,False,0.00344,CWE-763;CWE-1395,2,Critical Manufacturing,United States,False,False,False,False,False
ICSA-25-352-08,2025-12-18,2025,False,ICSA,Axis Communications,"Axis Communications Camera Station Pro, Camera Station, and Device Manager (Update B)",Critical,9.0,4,False,0.00595,CWE-288;CWE-295;CWE-502,3,Commercial Facilities; Critical Manufacturing,Sweden,False,False,False,False,False
ICSA-26-006-01,2026-01-06,2026,True,ICSA,Columbia Weather Systems,Columbia Weather Systems MicroServer,High,8.8,3,False,0.00454,CWE-313;CWE-553;CWE-923,3,Information Technology,United States,False,False,False,False,False
ICSA-26-008-01,2026-01-08,2026,True,ICSA,Hitachi Energy,Hitachi Energy Asset Suite,Critical,9.8,1,False,0.00909,CWE-502,1,Energy,Switzerland,True,True,False,False,False
ICSA-26-013-01,2026-01-13,2026,True,ICSA,Rockwell Automation,Rockwell Automation 432ES-IG3 Series A,High,7.5,1,False,0.00373,CWE-770,1,Critical Manufacturing,United States,False,False,False,False,False
ICSA-26-013-02,2026-01-13,2026,True,ICSA,Rockwell Automation,Rockwell Automation FactoryTalk DataMosaix Private Cloud,High,8.8,1,False,0.00435,CWE-89,1,Critical Manufacturing,United States,False,False,False,False,False
ICSA-26-013-03,2026-01-13,2026,True,ICSA,YoSmart,YoSmart YoLink Smart Hub,Medium,5.8,4,False,0.00439,CWE-319;CWE-340;CWE-863,3,Communications,United States,False,False,False,False,False
ICSA-26-015-01,2026-01-15,2026,True,ICSA,AVEVA,AVEVA Process Optimization,Critical,10.0,7,False,0.01568,CWE-89;CWE-94;CWE-319;CWE-427;CWE-676;CWE-862,6,Critical Manufacturing,United Kingdom,False,False,False,False,False
ICSA-26-015-02,2026-01-15,2026,True,ICSA,Festo,Festo Firmware,Critical,9.8,1,False,0.01054,CWE-1059,1,Critical Manufacturing,Germany,False,False,False,False,False
ICSA-26-015-03,2026-01-15,2026,True,ICSA,Siemens,Siemens TeleControl Server Basic,High,8.8,1,False,0.00159,CWE-250,1,Energy; Water and Wastewater Systems; Transportation Systems,Germany,True,True,False,False,False
ICSA-26-015-04,2026-01-15,2026,True,ICSA,Siemens,Siemens SIMATIC and SIPLUS products,High,7.5,1,False,0.00442,CWE-400,1,Critical Manufacturing,Germany,True,False,True,False,False
ICSA-26-015-05,2026-01-15,2026,True,ICSA,Siemens,Siemens RUGGEDCOM ROS,Medium,4.3,1,False,0.00248,CWE-20,1,Critical Manufacturing,Germany,False,False,False,False,False
ICSA-26-015-06,2026-01-15,2026,True,ICSA,Siemens,Siemens SINEC Security Monitor,Medium,6.7,2,False,0.00388,CWE-20;CWE-285,2,Critical Manufacturing,Germany,False,False,False,False,False
ICSA-26-015-07,2026-01-15,2026,True,ICSA,Siemens,Siemens RUGGEDCOM APE1808 Devices,High,8.9,4,False,0.00396,CWE-22;CWE-79,2,Critical Manufacturing,Germany,False,False,False,False,False
ICSA-26-015-08,2026-01-15,2026,True,ICSA,Siemens,Siemens Industrial Edge Devices,Critical,10.0,1,False,0.00663,CWE-639,1,Critical Manufacturing,Germany,True,False,True,False,False
ICSA-26-015-09,2026-01-15,2026,True,ICSA,Siemens,Siemens Industrial Edge Device Kit,Critical,10.0,1,False,0.00663,CWE-639,1,Critical Manufacturing,Germany,False,False,False,False,False
ICSA-26-015-10,2026-01-13,2026,True,ICSA,Schneider Electric,Schneider Electric EcoStruxure Power Build Rapsody (Update A),High,7.8,2,False,0.00356,CWE-415;CWE-416,2,Energy; Critical Manufacturing; Commercial Facilities,France,True,True,False,False,False
ICSA-26-015-11,2026-01-15,2026,True,ICSA,Siemens,Siemens RUGGEDCOM ROX II,High,8.8,6,False,0.00637,CWE-74;CWE-77,2,Critical Manufacturing,Germany,False,False,False,False,False
ICSA-26-015-12,2026-01-15,2026,True,ICSA,Siemens,Siemens SIMATIC CN 4100,High,8.3,5,False,0.00586,CWE-77;CWE-200;CWE-284;CWE-311,4,Critical Manufacturing,Germany,True,False,True,False,False
ICSA-26-020-01,2026-01-20,2026,True,ICSA,Schneider Electric,Schneider Electric EcoStruxure Foxboro DCS,Medium,6.5,1,False,0.01566,CWE-200,1,Commercial Facilities; Critical Manufacturing; Energy,France,True,True,True,False,False
ICSA-26-020-02,2026-01-20,2026,True,ICSA,Schneider Electric,Schneider Electric devices using CODESYS Runtime,High,8.8,37,False,0.01974,CWE-20;CWE-119;CWE-121;CWE-307;CWE-354;CWE-427;CWE-552;CWE-668;CWE-787;CWE-822;CWE-924;CWE-1288,12,Commercial Facilities; Critical Manufacturing; Energy,France,True,True,True,False,False
ICSA-26-020-03,2026-01-20,2026,True,ICSA,Rockwell Automation,Rockwell Automation Verve Asset Manager,High,7.9,2,False,0.00176,CWE-312;CWE-922,2,Critical Manufacturing,United States,False,False,False,False,False
ICSA-26-022-01,2026-01-13,2026,True,ICSA,Schneider Electric,Schneider Electric EcoStruxure Process Expert (Update A),High,7.3,1,False,0.00098,CWE-276,1,Critical Manufacturing; Energy; Commercial Facilities,France,True,True,False,False,False
ICSA-26-022-02,2026-01-22,2026,True,ICSA,AutomationDirect,AutomationDirect CLICK Programmable Logic Controller,Medium,6.1,2,False,0.00105,CWE-256;CWE-261,2,Critical Manufacturing,United States,False,False,False,False,False
ICSA-26-022-03,2026-01-22,2026,True,ICSA,Rockwell Automation,Rockwell Automation CompactLogix 5370,Medium,6.5,1,False,0.00158,CWE-1284,1,Critical Manufacturing,United States,True,False,True,False,False
ICSA-26-022-04,2026-01-22,2026,True,ICSA,Johnson Controls Inc.,Johnson Controls Inc. iSTAR Configuration Utility (ICU) tool,High,7.1,1,False,0.00406,CWE-121,1,Commercial Facilities; Critical Manufacturing; Energy; Government Facilities; Transportation Systems,Ireland,True,True,False,False,False
ICSA-26-022-05,2026-01-22,2026,True,ICSA,Weintek,Weintek cMT X Series HMI EasyWeb Service,High,8.3,2,False,0.00378,CWE-472;CWE-620,2,Critical Manufacturing,Taiwan,False,False,False,False,False
ICSA-26-022-06,2026-01-22,2026,True,ICSA,Hubitat,Hubitat Elevation Hubs,Critical,9.1,1,False,0.00452,CWE-639,1,Energy; Communications,United States,True,True,False,False,False
ICSA-26-022-07,2026-01-22,2026,True,ICSA,Delta Electronics,Delta Electronics DIAView,High,7.8,1,False,0.01411,CWE-77,1,Chemical; Commercial Facilities; Critical Manufacturing; Energy; Transportation Systems; Water and Wastewater Systems,Taiwan,True,True,False,False,False
ICSA-26-022-08,2026-01-22,2026,True,ICSA,EVMAPA,EVMAPA,Critical,9.4,3,False,0.00435,CWE-306;CWE-307;CWE-613,3,Transportation Systems,Czechia,False,False,False,False,False
ICSA-26-027-01,2026-01-27,2026,True,ICSA,iba Systems,iba Systems ibaPDA,Critical,9.8,1,False,0.00389,CWE-732,1,Critical Manufacturing,Germany,False,False,False,False,False
ICSA-26-027-02,2026-01-27,2026,True,ICSA,Festo Didactic SE,Festo Didactic SE MES PC,Critical,9.8,139,True,0.9978,CWE-20;CWE-24;CWE-74;CWE-77;CWE-79;CWE-88;CWE-89;CWE-94;CWE-113;CWE-119;CWE-120;CWE-121;CWE-125;CWE-126;CWE-131;CWE-159;CWE-170;CWE-190;CWE-200;CWE-229;CWE-266;CWE-281;CWE-287;CWE-400;CWE-415;CWE-416;CWE-444;CWE-476;CWE-590;CWE-601;CWE-617;CWE-626;CWE-674;CWE-732;CWE-787;CWE-908;CWE-909;CWE-916;CWE-1173,39,Commercial Facilities; Communications; Critical Manufacturing; Energy,Germany,True,True,False,False,True
ICSA-26-027-03,2026-01-27,2026,True,ICSA,Schneider Electric,Schneider Electric Zigbee Products,Medium,6.5,5,False,0.00365,CWE-120;CWE-400,2,Commercial Facilities; Critical Manufacturing; Energy; Information Technology; Transportation Systems,France,True,True,False,False,False
ICSA-26-027-04,2026-01-27,2026,True,ICSA,Johnson Controls Inc.,Johnson Controls Products,Critical,10.0,1,False,0.0137,CWE-77,1,Commercial Facilities; Critical Manufacturing; Energy; Government Facilities; Transportation Systems,Ireland,True,True,False,False,False
ICSA-26-029-01,2026-01-29,2026,True,ICSA,KiloView,KiloView Encoder Series (Update A),Critical,9.8,1,False,0.00504,CWE-306,1,Communications; Information Technology,China,False,False,False,False,False
ICSA-26-029-02,2026-01-29,2026,True,ICSA,Rockwell Automation,Rockwell Automation ArmorStart LT,High,7.5,9,False,0.00605,CWE-400,1,Critical Manufacturing,United States,False,False,False,False,False
ICSA-26-029-03,2026-01-29,2026,True,ICSA,Rockwell Automation,Rockwell Automation ControlLogix,High,7.5,1,False,0.00342,CWE-401,1,Chemical; Energy; Critical Manufacturing; Food and Agriculture; Transportation Systems; Water and Wastewater Systems,United States,True,True,True,False,False
ICSA-26-034-01,2026-02-03,2026,True,ICSA,Mitsubishi Electric,Mitsubishi Electric FREQSHIP-mini,High,8.8,1,False,0.00154,CWE-276,1,Critical Manufacturing; Energy; Information Technology; Healthcare and Public Health; Government Facilities,Japan,False,True,False,False,False
ICSA-26-034-02,2026-02-03,2026,True,ICSA,Avation,Avation Light Engine Pro,Critical,9.8,1,False,0.00513,CWE-306,1,Commercial Facilities,Australia,False,False,False,False,False
ICSA-26-034-03,2026-02-03,2026,True,ICSA,RISS SRL,RISS SRL MOMA Seismic Station,Critical,9.1,1,False,0.00483,CWE-306,1,Critical Manufacturing; Dams; Energy; Water and Wastewater Systems; Transportation Systems,Italy,True,True,False,False,False
ICSA-26-034-04,2026-02-03,2026,True,ICSA,Synectix,Synectix LAN 232 TRIO,Critical,10.0,1,False,0.0056,CWE-306,1,Critical Manufacturing; Emergency Services; Energy; Information Technology; Transportation Systems; Water and Wastewater Systems,United States,True,True,False,False,False
ICSA-26-036-01,2026-02-05,2026,True,ICSA,TP-Link Systems Inc.,TP-Link Systems Inc. VIGI C330I IP Camera,High,8.8,1,False,0.00444,CWE-287,1,Commercial Facilities,China,False,False,False,False,False
ICSA-26-036-02,2026-02-05,2026,True,ICSA,Mitsubishi Electric,Mitsubishi Electric MELSEC iQ-R Series,Critical,9.4,1,False,0.0056,CWE-1284,1,Critical Manufacturing,Japan,False,False,False,False,False
ICSA-26-036-03,2026-02-05,2026,True,ICSA,o6 Automation GmbH,o6 Automation GmbH Open62541,Medium,5.7,1,False,0.00357,CWE-787,1,Critical Manufacturing,Germany,False,False,False,False,False
ICSA-26-036-04,2026-02-05,2026,True,ICSA,Ilevia,Ilevia EVE X1 Server,Critical,9.8,9,False,0.07616,CWE-22;CWE-78;CWE-79;CWE-532,4,Critical Manufacturing,Italy,False,False,False,False,False
ICSA-26-036-05,2026-02-05,2026,True,ICSA,Hitachi Energy,Hitachi Energy XMC20,Critical,9.0,1,False,0.14859,CWE-924,1,"Energy, Transportation Systems",Switzerland,True,True,False,False,False
ICSA-26-036-06,2026-02-05,2026,True,ICSA,Hitachi Energy,Hitachi Energy FOX61x,Critical,9.0,1,False,0.14859,CWE-924,1,"Energy, Transportation Systems",Switzerland,True,True,False,False,False
ICSA-26-041-01,2026-02-10,2026,True,ICSA,Yokogawa,Yokogawa FAST/TOOLS,High,8.2,14,False,0.004,CWE-29;CWE-86;CWE-209;CWE-291;CWE-319;CWE-327;CWE-352;CWE-358;CWE-359;CWE-497,10,Critical Manufacturing; Energy; Food and Agriculture,Japan,True,True,False,False,False
ICSA-26-041-02,2026-02-10,2026,True,ICSA,ZLAN Information Technology Co.,ZLAN Information Technology Co. ZLAN5143D,Critical,9.8,2,False,0.00761,CWE-306,1,Critical Manufacturing,China,False,False,False,False,False
ICSA-26-041-03,2026-02-10,2026,True,ICSA,AVEVA,AVEVA PI Data Archive,High,7.5,1,False,0.00295,CWE-248,1,Critical Manufacturing,United Kingdom,False,False,False,False,False
ICSA-26-041-04,2026-02-10,2026,True,ICSA,AVEVA,AVEVA PI to CONNECT Agent,Medium,6.5,1,False,0.00116,CWE-532,1,Critical Manufacturing,United Kingdom,False,False,False,False,False
ICSA-26-043-01,2026-02-12,2026,True,ICSA,Siemens,Siemens SINEC NMS,High,7.8,2,False,0.00247,CWE-427,1,Information Technology; Energy; Critical Manufacturing,Germany,True,True,False,False,False
ICSA-26-043-02,2026-02-12,2026,True,ICSA,Siemens,Siemens Polarion,High,7.6,1,False,0.00275,CWE-79,1,Energy; Critical Manufacturing,Germany,True,True,False,False,False
ICSA-26-043-03,2026-02-12,2026,True,ICSA,Siemens,Siemens COMOS,Critical,10.0,6,True,0.09238,CWE-20;CWE-79;CWE-200;CWE-295;CWE-340,5,Critical Manufacturing,Germany,False,False,False,False,False
ICSA-26-043-04,2026-02-12,2026,True,ICSA,Siemens,Siemens Desigo CC Product Family and SENTRON Powermanager,High,8.8,1,False,0.78483,CWE-122,1,Critical Manufacturing,Germany,False,False,False,False,False
ICSA-26-043-05,2026-02-12,2026,True,ICSA,Siemens,Siemens Solid Edge,High,7.8,1,False,0.00196,CWE-125,1,Critical Manufacturing,Germany,False,False,False,False,False
ICSA-26-043-06,2026-02-12,2026,True,ICSA,Siemens,Siemens SINEC OS,Critical,10.0,51,True,0.98754,CWE-20;CWE-22;CWE-119;CWE-121;CWE-124;CWE-125;CWE-126;CWE-190;CWE-200;CWE-284;CWE-295;CWE-306;CWE-340;CWE-385;CWE-415;CWE-416;CWE-476;CWE-590;CWE-680;CWE-682;CWE-697;CWE-770;CWE-787;CWE-1341,24,Energy; Critical Manufacturing; Transportation Systems; Water and Wastewater Systems,Germany,True,True,False,False,True
ICSA-26-043-07,2026-02-12,2026,True,ICSA,Siemens,Siemens Siveillance Video Management Servers,Medium,6.3,1,False,0.00213,CWE-862,1,Critical Manufacturing,Germany,False,False,False,False,False
ICSA-26-043-08,2026-02-12,2026,True,ICSA,Siemens,Siemens NX,High,7.8,3,False,0.00324,CWE-121;CWE-125,2,Critical Manufacturing,Germany,False,False,False,False,False
ICSA-26-043-09,2026-02-12,2026,True,ICSA,Hitachi Energy,Hitachi Energy SuprOS,High,8.8,1,False,0.00168,CWE-1392,1,Energy; Transportation Systems; Government Facilities,Switzerland,True,True,False,False,False
ICSA-26-043-10,2026-02-12,2026,True,ICSA,Airleader GmbH,Airleader Master,Critical,9.8,1,False,0.01228,CWE-434,1,Chemical; Critical Manufacturing; Energy; Food and Agriculture; Healthcare and Public Health; Transportation Systems; Water and Wastewater Systems,Germany,True,True,False,False,False
ICSA-26-048-01,2026-02-17,2026,True,ICSA,Siemens,Siemens Simcenter Femap and Nastran,High,7.8,6,False,0.00168,CWE-122;CWE-125;CWE-787,3,Critical Manufacturing,Germany,False,False,False,False,False
ICSA-26-048-02,2026-02-17,2026,True,ICSA,Delta Electronics,Delta Electronics ASDA-Soft,High,7.8,1,False,0.00542,CWE-121,1,Critical Manufacturing,Taiwan,False,False,False,False,False
ICSA-26-048-03,2026-02-17,2026,True,ICSA,GE Vernova,GE Vernova Enervista UR Setup,High,7.8,2,False,0.00238,CWE-35;CWE-427,2,Critical Manufacturing; Energy; Water and Wastewater Systems,United States,True,True,False,False,False
ICSA-26-048-04,2026-02-17,2026,True,ICSA,Honeywell,Honeywell HIB2PI CCTV Camera (Update B),Critical,9.8,1,False,0.00833,CWE-306,1,Commercial Facilities,India,False,False,False,False,False
ICSA-26-050-01,2026-02-19,2026,True,ICSA,EnOcean Edge Inc,EnOcean SmartServer IoT,High,8.1,2,False,0.00876,CWE-77;CWE-125,2,Information Technology,United States,False,False,False,False,False
ICSA-26-050-02,2026-02-19,2026,True,ICSA,Valmet,Valmet DNA Engineering Web Tools,High,8.6,1,False,0.00525,CWE-22,1,Critical Manufacturing; Energy,Finland,True,True,False,False,False
ICSA-26-050-03,2026-02-19,2026,True,ICSA,Jinan USR IOT Technology Limited (PUSR),Jinan USR IOT Technology Limited (PUSR) USR-W610,Critical,9.8,4,False,0.0057,CWE-306;CWE-319;CWE-521;CWE-522,4,Critical Manufacturing,China,False,False,False,False,False
ICSA-26-050-04,2026-02-19,2026,True,ICSA,Welker,Welker OdorEyes EcoSystem Pulse Bypass System with XL4 Controller,High,8.2,1,False,0.00449,CWE-306,1,Chemical; Critical Manufacturing; Energy; Food and Agriculture,United States,True,True,False,False,False
ICSA-26-055-01,2026-02-24,2026,True,ICSA,InSAT,InSAT MasterSCADA BUK-TS,Critical,9.8,2,False,0.01433,CWE-78;CWE-89,2,Critical Manufacturing; Energy; Water and Wastewater System,Russia,True,True,False,False,False
ICSA-26-055-02,2026-02-24,2026,True,ICSA,Schneider Electric,Schneider Electric EcoStruxure Building Operation Workstation,High,7.3,2,False,0.00135,CWE-94;CWE-611,2,Commercial Facilities; Energy; Government Facilities; Healthcare and Public Health; Information Technology; Transportation Systems; Financial Services; Defense Industrial Base; Critical Manufacturing,France,True,True,False,False,False
ICSA-26-055-03,2026-02-24,2026,True,ICSA,Gardyn,Gardyn Home Kit (Update B),Critical,9.3,10,False,0.02064,CWE-78;CWE-306;CWE-319;CWE-489;CWE-639;CWE-798;CWE-1392,7,Food and Agriculture,United States,False,False,False,False,False
ICSA-26-057-01,2026-02-26,2026,True,ICSA,Johnson Controls Inc.,"Johnson Controls, Inc. Frick Controls Quantum HD",Critical,9.1,6,False,0.01506,CWE-23;CWE-78;CWE-94;CWE-256,4,Food and Agriculture,Ireland,False,False,False,False,False
ICSA-26-057-02,2026-02-26,2026,True,ICSA,"Pelco, Inc.","Pelco, Inc. Sarix Pro 3 Series IP Cameras",High,7.5,1,False,0.00348,CWE-288,1,Commercial Facilities; Defense Industrial Base; Energy; Government Facilities; Healthcare and Public Health; Transportation Systems,United States,True,True,False,False,False
ICSA-26-057-03,2026-02-26,2026,True,ICSA,CloudCharge,CloudCharge cloudcharge.se,Critical,9.4,4,False,0.00518,CWE-306;CWE-307;CWE-522;CWE-613,4,Energy; Transportation Systems,Sweden,False,True,False,True,False
ICSA-26-057-04,2026-02-26,2026,True,ICSA,EV2GO,EV2GO EV Charging Platform,Critical,9.4,4,False,0.00557,CWE-306;CWE-307;CWE-522;CWE-613,4,Energy; Transportation Systems,United Kingdom,False,True,False,True,False
ICSA-26-057-05,2026-02-26,2026,True,ICSA,Chargemap,Chargemap EV Charging Platform,Critical,9.4,4,False,0.00643,CWE-306;CWE-307;CWE-522;CWE-613,4,Energy; Transportation Systems,France,False,True,False,True,False
ICSA-26-057-06,2026-02-26,2026,True,ICSA,SWTCH EV,SWTCH EV swtchenergy.com (Update A),Critical,9.4,4,False,0.00508,CWE-306;CWE-307;CWE-522;CWE-613,4,Energy; Transportation Systems,United States,False,True,False,True,False
ICSA-26-057-07,2026-02-26,2026,True,ICSA,EV Energy,EV Energy Charging Platform,Critical,9.4,4,False,0.00531,CWE-306;CWE-307;CWE-522;CWE-613,4,Energy; Transportation Systems,United Kingdom,False,True,False,True,False
ICSA-26-057-08,2026-02-26,2026,True,ICSA,Mobility46,Mobility46 EV Charging Platform,Critical,9.4,4,False,0.00518,CWE-306;CWE-307;CWE-522;CWE-613,4,Energy; Transportation Systems,Sweden,False,True,False,True,False
ICSA-26-057-10,2026-02-26,2026,True,ICSA,Copeland,Copeland XWEB and XWEB Pro,Critical,10.0,23,False,0.02139,CWE-22;CWE-78;CWE-121;CWE-327;CWE-394,5,Commercial Facilities,United States,False,False,False,False,False
ICSA-26-062-01,2026-03-03,2026,True,ICSA,Mitsubishi Electric,Mitsubishi Electric MELSEC iQ-F Series EtherNet/IP module and Ethernet Module (Update A),High,7.5,3,False,0.00421,CWE-404;CWE-670,2,Commercial Facilities,Japan,False,False,False,False,False
ICSA-26-062-02,2026-03-03,2026,True,ICSA,Hitachi Energy,Hitachi Energy Relion REB500 Product,Medium,6.8,2,False,0.0033,CWE-267,1,Energy,Switzerland,True,True,False,False,False
ICSA-26-062-03,2026-03-03,2026,True,ICSA,Hitachi Energy,Hitachi Energy RTU500 Product,High,7.5,4,False,0.01315,CWE-184;CWE-280;CWE-674;CWE-770,4,Critical Manufacturing,Switzerland,False,False,False,False,False
ICSA-26-062-04,2026-03-03,2026,True,ICSA,Portwell,Portwell Engineering Toolkits,High,8.8,1,False,0.00159,CWE-119,1,Critical Manufacturing; Energy,Taiwan,True,True,False,False,False
ICSA-26-062-05,2026-03-03,2026,True,ICSA,Labkotec,Labkotec LID-3300IP,Critical,9.4,1,False,0.00758,CWE-306,1,Communications; Energy,Finland,True,True,False,False,False
ICSA-26-062-06,2026-03-03,2026,True,ICSA,Mobiliti,Mobiliti e‑mobi EV Charging Platform,Critical,9.4,4,False,0.00871,CWE-306;CWE-307;CWE-522;CWE-613,4,Energy; Transportation Systems,Hungary,False,True,False,True,False
ICSA-26-062-07,2026-03-03,2026,True,ICSA,ePower,ePower EV Charging Platform,Critical,9.4,4,False,0.00889,CWE-306;CWE-307;CWE-522;CWE-613,4,Energy; Transportation Systems,Ireland,False,True,False,True,False
ICSA-26-062-08,2026-03-03,2026,True,ICSA,Everon,Everon EV Charging Platform,Critical,9.4,4,False,0.00637,CWE-306;CWE-307;CWE-522;CWE-613,4,Energy; Transportation Systems,Netherlands,False,True,False,True,False
ICSA-26-064-01,2026-03-05,2026,True,ICSA,Delta Electronics,Delta Electronics CNCSoft-G2,High,7.8,1,False,0.00351,CWE-787,1,Critical Manufacturing,Taiwan,False,False,False,False,False
ICSA-26-069-01,2026-03-10,2026,True,ICSA,Apeman,Apeman Cameras,Critical,9.8,3,False,0.00625,CWE-79;CWE-306;CWE-522,3,Commercial Facilities,China,False,False,False,False,False
ICSA-26-069-02,2026-03-10,2026,True,ICSA,Lantronix,Lantronix EDS3000PS and EDS5000 (Update A),Critical,9.8,8,True,0.1926,CWE-78;CWE-288;CWE-620,3,Communications; Information Technology; Critical Manufacturing,United States,False,False,False,False,False
ICSA-26-069-03,2026-03-10,2026,True,ICSA,Honeywell,Honeywell IQ4 Series BMS Controller (Update A),Critical,9.8,1,False,0.05503,CWE-306,1,Commercial Facilities; Critical Manufacturing; Government Facilities; Healthcare and Public Health,United States,False,False,False,False,False
ICSA-26-071-01,2026-03-12,2026,True,ICSA,Trane,"Trane Tracer SC, Tracer SC+, and Tracer Concierge",High,8.1,5,False,0.00307,CWE-327;CWE-547;CWE-789;CWE-798;CWE-862,5,Critical Manufacturing; Commercial Facilities; Government Facilities,Ireland,False,False,False,False,False
ICSA-26-071-02,2026-03-12,2026,True,ICSA,Siemens,Siemens RUGGEDCOM APE1808 Devices,Critical,9.8,4,True,0.86088,CWE-134;CWE-288;CWE-444;CWE-940,4,Critical Manufacturing; Energy; Transportation Systems,Germany,True,True,False,False,False
ICSA-26-071-03,2026-03-12,2026,True,ICSA,Siemens,Siemens SIDIS Prime,High,8.7,23,False,0.75832,CWE-20;CWE-22;CWE-23;CWE-78;CWE-79;CWE-125;CWE-184;CWE-190;CWE-197;CWE-201;CWE-203;CWE-295;CWE-330;CWE-436;CWE-674;CWE-770;CWE-787;CWE-1321;CWE-1333,19,Critical Manufacturing,Germany,False,False,False,False,False
ICSA-26-071-04,2026-03-12,2026,True,ICSA,Siemens,Siemens SIMATIC,Critical,9.6,1,False,0.00458,CWE-79,1,Critical Manufacturing,Germany,True,False,True,False,False
ICSA-26-071-05,2026-03-12,2026,True,ICSA,Siemens,Siemens Heliox EV Chargers,Low,2.6,1,False,0.00141,CWE-923,1,Critical Manufacturing,Germany,False,False,False,True,False
ICSA-26-071-06,2026-03-12,2026,True,ICSA,Inductive Automation,Inductive Automation Ignition Software,Medium,6.3,1,False,0.00345,CWE-502,1,Information Technology,United States,False,False,False,False,False
ICSA-26-076-01,2026-03-17,2026,True,ICSA,"FESTO, CODESYS",CODESYS in Festo Automation Suite,Critical,9.8,126,True,0.8383,CWE-12;CWE-13;CWE-20;CWE-22;CWE-33;CWE-50;CWE-75;CWE-78;CWE-79;CWE-82;CWE-119;CWE-120;CWE-121;CWE-122;CWE-125;CWE-126;CWE-194;CWE-203;CWE-269;CWE-276;CWE-284;CWE-306;CWE-307;CWE-326;CWE-327;CWE-330;CWE-345;CWE-346;CWE-347;CWE-400;CWE-401;CWE-404;CWE-416;CWE-425;CWE-426;CWE-427;CWE-476;CWE-502;CWE-523;CWE-552;CWE-640;CWE-668;CWE-674;CWE-732;CWE-754;CWE-755;CWE-770;CWE-787;CWE-805;CWE-822;CWE-823;CWE-916;CWE-923;CWE-940;CWE-1188,55,Critical Manufacturing,Germany,False,False,False,False,True
ICSA-26-076-02,2026-03-17,2026,True,ICSA,Schneider Electric,Schneider Electric SCADAPack and RemoteConnect,Critical,9.8,1,False,0.00369,CWE-754,1,Energy,France,True,True,True,False,False
ICSA-26-076-03,2026-03-17,2026,True,ICSA,Schneider Electric,Schneider Electric EcoStruxure IT Data Center Expert,High,7.2,1,False,0.00679,CWE-798,1,Commercial Facilities; Energy; Food and Agriculture; Government Facilities; Transportation Systems,France,True,True,False,False,False
ICSA-26-076-04,2026-03-17,2026,True,ICSA,Siemens,Siemens SICAM SIAPP SDK,High,7.4,6,False,0.00391,CWE-73;CWE-121;CWE-130;CWE-787,4,Critical Manufacturing,Germany,False,False,False,False,False
ICSA-26-078-01,2026-03-19,2026,True,ICSA,Schneider Electric,"Schneider Electric Modicon M241, M251, and M262",Medium,5.3,1,False,0.00455,CWE-404,1,Commercial Facilities; Critical Manufacturing; Energy,France,True,True,True,False,False
ICSA-26-078-02,2026-03-19,2026,True,ICSA,Schneider Electric,"Schneider Electric Modicon Controllers M241, M251, M258, and LMC058",Medium,5.4,1,False,0.00225,CWE-79,1,Commercial Facilities; Critical Manufacturing; Energy,France,True,True,True,False,False
ICSA-26-078-03,2026-03-19,2026,True,ICSA,Schneider Electric,Schneider Electric EcoStruxure Automation Expert,High,8.2,1,False,0.00227,CWE-94,1,Commercial Facilities; Critical Manufacturing; Energy,France,True,True,False,False,False
ICSA-26-078-04,2026-03-19,2026,True,ICSA,Schneider Electric,Schneider Electric EcoStruxure PME and EPO,High,7.8,1,False,0.00186,CWE-502,1,Healthcare and Public Health; Information Technology; Critical Manufacturing; Commercial Facilities; Energy; Transportation Systems; Government Facilities; Water and Wastewater Systems,France,True,True,False,False,False
ICSA-26-078-05,2026-03-10,2026,True,ICSA,Mitsubishi Electric,Mitsubishi Electric CNC Series (Update A),Medium,5.9,1,False,0.00524,CWE-1285,1,Critical Manufacturing,Japan,False,False,False,False,False
ICSA-26-078-06,2026-03-19,2026,True,ICSA,CTEK,CTEK Chargeportal,Critical,9.4,4,False,0.00483,CWE-306;CWE-307;CWE-522;CWE-613,4,Energy; Transportation Systems,Sweden,False,True,False,True,False
ICSA-26-078-07,2026-03-19,2026,True,ICSA,IGL-Technologies,IGL-Technologies eParking.fi,Critical,9.4,4,False,0.00468,CWE-306;CWE-307;CWE-522;CWE-613,4,Energy; Transportation Systems,Finland,True,True,False,False,False
ICSA-26-078-08,2026-03-19,2026,True,ICSA,Automated Logic,Automated Logic WebCTRL Premium Server,Critical,9.1,3,False,0.00328,CWE-290;CWE-319;CWE-605,3,Commercial Facilities,United States,False,False,False,False,False
ICSA-26-083-01,2026-03-24,2026,True,ICSA,Pharos Controls,Pharos Controls Mosaic Show Controller,Critical,9.8,1,False,0.00573,CWE-306,1,Commercial Facilities,United Kingdom,False,False,False,False,False
ICSA-26-083-02,2026-03-24,2026,True,ICSA,Schneider Electric,Schneider Electric EcoStruxure Foxboro DCS,Medium,6.5,1,False,0.00315,CWE-502,1,Commercial Facilities; Critical Manufacturing; Energy,France,True,True,True,False,False
ICSA-26-083-03,2026-03-24,2026,True,ICSA,Schneider Electric,Schneider Electric Plant iT/Brewmaxx,Critical,9.9,4,False,0.82294,CWE-94;CWE-190;CWE-416,3,Energy; Critical Manufacturing; Commercial Facilities,France,True,True,False,False,False
ICSA-26-085-01,2026-03-26,2026,True,ICSA,WAGO,WAGO GmbH & Co. KG Industrial Managed Switches,Critical,10.0,1,False,0.00679,CWE-912,1,Commercial Facilities; Critical Manufacturing; Energy; Transportation Systems,Germany,True,True,False,False,False
ICSA-26-085-02,2026-03-26,2026,True,ICSA,OpenCode Systems,OpenCode Systems OC Messaging and USSD Gateway,High,8.1,1,False,0.00261,CWE-284,1,Communications,Bulgaria,False,False,False,False,False
ICSA-26-085-03,2026-03-26,2026,True,ICSA,PTC,PTC Windchill Product Lifecycle Management,Critical,10.0,1,False,0.00756,CWE-94,1,Critical Manufacturing,United States,False,False,False,False,False
ICSA-26-090-01,2026-03-31,2026,True,ICSA,Anritsu,Anritsu Remote Spectrum Monitor,Critical,9.8,1,False,0.00387,CWE-306,1,Communications; Defense Industrial Base; Emergency Services; Transportation Systems,Japan,False,False,False,False,False
ICSA-26-090-02,2026-03-31,2026,True,ICSA,PX4,PX4 Autopilot,Critical,9.8,1,False,0.00926,CWE-306,1,Transportation Systems; Emergency Services; Defense Industrial Base,Switzerland,False,False,False,False,False
ICSA-26-092-01,2026-04-02,2026,True,ICSA,Siemens,Siemens SICAM 8 Products,High,7.5,2,False,0.00358,CWE-770,1,Critical Manufacturing,Germany,False,False,False,False,False
ICSA-26-092-02,2026-04-02,2026,True,ICSA,Yokogawa,Yokogawa CENTUM VP,Medium,4.0,1,False,0.00165,CWE-259,1,Critical Manufacturing; Energy; Food and Agriculture,Japan,True,True,True,False,False
ICSA-26-092-03,2026-04-02,2026,True,ICSA,Hitachi Energy,Hitachi Energy Ellipse,Critical,9.8,1,False,0.00909,CWE-502,1,Critical Manufacturing,Switzerland,False,False,False,False,False
ICSA-26-097-01,2026-04-07,2026,True,ICSA,Mitsubishi Electric,Mitsubishi Electric GENESIS64 and ICONICS Suite products,High,8.8,2,False,0.00101,CWE-312;CWE-317,2,Critical Manufacturing,"United States, Japan",False,False,False,False,False
ICSA-26-099-01,2026-04-09,2026,True,ICSA,Contemporary Controls Sedona Alliance,Contemporary Controls BASC 20T,Critical,9.8,1,False,0.00443,CWE-807,1,Commercial Facilities; Critical Manufacturing; Energy,United States,True,True,False,False,False
ICSA-26-099-02,2026-04-09,2026,True,ICSA,GPL Odorizers,GPL Odorizers GPL750,High,8.6,1,False,0.00448,CWE-306,1,Critical Manufacturing; Chemical; Energy,United States,True,True,False,False,False
ICSA-26-106-01,2026-04-16,2026,True,ICSA,Delta Electronics,Delta Electronics ASDA-Soft,High,7.8,1,False,0.00339,CWE-121,1,Critical Manufacturing,Taiwan,False,False,False,False,False
ICSA-26-106-02,2026-04-16,2026,True,ICSA,Horner Automation,"Horner Automation Cscape and XL4, XL7 PLC",Critical,9.1,1,False,0.00449,CWE-521,1,Critical Manufacturing,United States,False,False,False,False,False
ICSA-26-106-03,2026-04-16,2026,True,ICSA,Anviz,Anviz Multiple Products,Critical,9.8,12,False,0.01787,CWE-23;CWE-77;CWE-306;CWE-319;CWE-321;CWE-494;CWE-757;CWE-862;CWE-940,9,Commercial Facilities; Critical Manufacturing; Defense Industrial Base; Energy; Financial Services; Food and Agriculture; Government Facilities; Healthcare and Public Health; Information Technology; Transportation Systems,United States,True,True,False,False,False
ICSA-26-106-04,2026-04-16,2026,True,ICSA,AVEVA,AVEVA Pipeline Simulation,Critical,9.1,1,False,0.00388,CWE-862,1,Critical Manufacturing,United Kingdom,False,False,False,False,False
ICSA-26-111-01,2026-04-21,2026,True,ICSA,Siemens,Siemens TPM 2.0,Medium,6.6,1,False,0.00232,CWE-125,1,Critical Manufacturing,Germany,True,False,True,False,False
ICSA-26-111-02,2026-04-21,2026,True,ICSA,Siemens,Siemens RUGGEDCOM CROSSBOW Secure Access Manager Primary,High,8.8,1,False,0.00259,CWE-266,1,Critical Manufacturing,Germany,False,False,False,False,False
ICSA-26-111-03,2026-04-21,2026,True,ICSA,Siemens,Siemens SINEC NMS,High,7.3,1,False,0.00251,CWE-347,1,Critical Manufacturing,Germany,False,False,False,False,False
ICSA-26-111-04,2026-04-21,2026,True,ICSA,Siemens,Siemens Analytics Toolkit,Low,3.7,1,False,0.00137,CWE-295,1,Critical Manufacturing,Germany,False,False,False,False,False
ICSA-26-111-05,2026-04-21,2026,True,ICSA,Hardy Barth,Hardy Barth Salia EV Charge Controller (Update A),High,7.3,2,False,0.00359,CWE-434,1,Energy; Transportation Systems,Germany,False,True,False,True,False
ICSA-26-111-06,2026-04-21,2026,True,ICSA,Zero Motorcycles,Zero Motorcycles Firmware (Update A),Medium,6.4,1,False,0.00134,CWE-322,1,Transportation Systems,United States,False,False,False,False,False
ICSA-26-111-07,2026-04-21,2026,True,ICSA,Siemens,Siemens SCALANCE,Critical,9.1,15,False,0.73188,CWE-20;CWE-74;CWE-80;CWE-125;CWE-287;CWE-306;CWE-354;CWE-770;CWE-835;CWE-862,10,Communications; Information Technology; Critical Manufacturing,Germany,False,False,False,False,False
ICSA-26-111-08,2026-04-21,2026,True,ICSA,Siemens,Siemens RUGGEDCOM CROSSBOW Station Access Controller (SAC),High,7.7,1,False,0.75832,CWE-197,1,Critical Manufacturing,Germany,False,False,False,False,False
ICSA-26-111-09,2026-04-21,2026,True,ICSA,Siemens,Siemens SINEC NMS,High,8.8,1,False,0.00453,CWE-639,1,Critical Manufacturing,Germany,False,False,False,False,False
ICSA-26-111-10,2026-04-21,2026,True,ICSA,Silex Technology,Silex Technology SD-330AC and AMC Manager,Critical,9.8,13,False,0.40002,CWE-79;CWE-93;CWE-121;CWE-122;CWE-226;CWE-266;CWE-306;CWE-321;CWE-327;CWE-1188;CWE-1395,11,Information Technology,Japan,False,False,False,False,False
ICSA-26-111-11,2026-04-21,2026,True,ICSA,Siemens,Siemens Industrial Edge Management,High,7.1,1,False,0.00209,CWE-305,1,Critical Manufacturing,Germany,False,False,False,False,False
ICSA-26-111-12,2026-04-21,2026,True,ICSA,SenseLive,SenseLive X3050,Critical,9.8,11,False,0.00727,CWE-288;CWE-306;CWE-319;CWE-352;CWE-522;CWE-613;CWE-798;CWE-862,8,Critical Manufacturing; Water and Wastewater Systems; Energy; Information Technology,India,True,True,False,False,False
ICSA-26-113-01,2026-04-23,2026,True,ICSA,Yadea,YADEA T5 Electric Bike,High,7.3,1,False,0.00275,CWE-1390,1,Transportation Systems,China,False,False,False,False,False
ICSA-26-113-02,2026-04-23,2026,True,ICSA,Carlson Software,Carlson Software VASCO-B GNSS Receiver,Critical,9.4,1,False,0.00373,CWE-306,1,Critical Manufacturing,United States,False,False,False,False,False
ICSA-26-113-03,2026-04-23,2026,True,ICSA,Milesight,Milesight Cameras,Critical,9.8,5,False,0.00863,CWE-78;CWE-122;CWE-321;CWE-639;CWE-798,5,Commercial Facilities,China,False,False,False,False,False
ICSA-26-113-04,2026-04-23,2026,True,ICSA,SpiceJet,SpiceJet Online Booking System,High,7.5,2,False,0.00497,CWE-306;CWE-639,2,Transportation Systems,India,False,False,False,False,False
ICSA-26-113-05,2026-04-23,2026,True,ICSA,"Hangzhou Xiongmai Technology Co., Ltd","Hangzhou Xiongmai Technology Co., Ltd XM530 IP Camera",Critical,9.8,1,False,0.00756,CWE-306,1,Commercial Facilities,China,False,False,False,False,False
ICSA-26-113-06,2026-04-23,2026,True,ICSA,Intrado,Intrado 911 Emergency Gateway (EGW) (Update A),Critical,9.8,1,False,0.00554,CWE-35,1,Emergency Services,United States,False,False,False,False,False
ICSA-26-118-01,2026-04-28,2026,True,ICSA,NSA,NSA GrassMarlin,Medium,5.5,1,False,0.00197,CWE-611,1,Information Technology,United States,False,False,False,False,False
ICSA-26-120-01,2026-04-30,2026,True,ICSA,ABB,"ABB System 800xA, Symphony Plus IEC 61850",Medium,6.5,1,False,0.00184,CWE-1284,1,Chemical; Critical Manufacturing; Energy; Water and Wastewater Systems,Switzerland,True,True,True,False,False
ICSA-26-120-02,2026-04-30,2026,True,ICSA,ABB,ABB PCM600,Medium,4.4,1,False,0.10191,CWE-22,1,Critical Manufacturing,Switzerland,False,False,False,False,False
ICSA-26-120-03,2026-04-30,2026,True,ICSA,ABB,ABB Edgenius Management Portal,Critical,9.6,1,False,0.0031,CWE-288,1,Critical Manufacturing; Information Technology,Switzerland,False,False,False,False,False
ICSA-26-120-04,2026-04-30,2026,True,ICSA,ABB,ABB Ability OPTIMAX,High,8.1,1,False,0.00414,CWE-303,1,Energy; Water and Wastewater,Switzerland,True,True,False,False,False
ICSA-26-120-05,2026-04-30,2026,True,ICSA,ABB,ABB AWIN Gateways,High,8.3,3,False,0.00285,CWE-294;CWE-306,2,Critical Manufacturing,Switzerland,False,False,False,False,False
ICSA-26-120-06,2026-04-30,2026,True,ICSA,ABB,ABB Ability Symphony Plus Engineering,High,8.8,4,False,0.04322,CWE-89;CWE-190;CWE-271;CWE-367,4,Chemical; Critical Manufacturing; Energy; Water and Wastewater Systems,Switzerland,True,True,True,False,False
ICSA-26-125-01,2026-05-05,2026,True,ICSA,Hitachi Energy,Hitachi Energy PCM600,Medium,4.4,1,False,0.10191,CWE-22,1,Energy,Switzerland,True,True,False,False,False
ICSA-26-125-02,2026-05-05,2026,True,ICSA,B&R Industrial Automation GmbH,ABB B&R PVI,Medium,5.0,1,False,0.00107,CWE-532,1,Energy,Austria,True,True,False,False,False
ICSA-26-125-03,2026-05-05,2026,True,ICSA,B&R Industrial Automation GmbH,ABB B&R Automation Runtime,Medium,6.8,1,False,0.00333,CWE-770,1,Critical Manufacturing,Austria,False,False,False,False,False
ICSA-26-125-04,2026-05-05,2026,True,ICSA,B&R Industrial Automation GmbH,ABB B&R Automation Studio,High,7.4,1,False,0.00214,CWE-295,1,Critical Manufacturing,Austria,False,False,False,False,False
ICSA-26-125-05,2026-05-05,2026,True,ICSA,Johnson Controls Inc.,Johnson Controls CEM AC2000,High,8.7,1,False,0.00108,CWE-427,1,Critical Manufacturing; Commercial Facilities; Government Facilities; Transportation Systems; Energy,Ireland,True,True,False,False,False
ICSA-26-127-01,2026-05-07,2026,True,ICSA,MAXHUB,Maxhub Pivot,High,7.3,1,False,0.00159,CWE-327,1,Information Technology,United States,False,False,False,False,False
ICSA-26-132-01,2026-05-12,2026,True,ICSA,Fuji Electric,Fuji Electric Tellus,High,7.8,1,False,0.00146,CWE-749,1,Critical Manufacturing,Japan,False,False,False,False,False
ICSA-26-132-02,2026-05-12,2026,True,ICSA,Subnet Solutions Inc.,Subnet Solutions PowerSYSTEM Center,High,8.2,4,False,0.00268,CWE-93;CWE-863,2,Critical Manufacturing; Energy,Canada,True,True,False,False,False
ICSA-26-132-03,2026-05-12,2026,True,ICSA,ABB,ABB AC500 V3 Multiple Vulnerabilities,High,8.3,3,False,0.00523,CWE-425;CWE-476;CWE-732,3,Chemical; Critical Manufacturing; Energy; Water and Wastewater Systems,Switzerland,True,True,False,False,False
ICSA-26-132-04,2026-05-12,2026,True,ICSA,ABB,ABB Automation Builder Gateway for Windows,Medium,5.3,1,False,0.00435,CWE-1188,1,Chemical; Critical Manufacturing; Energy; Water and Wastewater Systems,Switzerland,True,True,False,False,False
ICSA-26-132-05,2026-05-12,2026,True,ICSA,ABB,ABB AC500 V3 Stack buffer overflow in Cryptographic Message Syntax,Critical,9.8,1,False,0.48211,CWE-787,1,Chemical; Critical Manufacturing; Energy; Water and Wastewater Systems,Switzerland,True,True,False,False,False
ICSA-26-132-06,2026-05-12,2026,True,ICSA,ABB,ABB WebPro SNMP Card PowerValue,High,8.8,3,False,0.00271,CWE-303;CWE-613;CWE-754,3,Chemical; Communications; Critical Manufacturing; Dams; Energy; Healthcare and Public Health; Information Technology; Water and Wastewater Systems,Switzerland,True,True,False,False,False
ICSA-26-134-01,2026-05-14,2026,True,ICSA,Siemens,Siemens gWAP,High,8.0,1,False,0.01882,CWE-113,1,Critical Manufacturing,Germany,False,False,False,False,False
ICSA-26-134-02,2026-05-14,2026,True,ICSA,Siemens,Siemens Ruggedcom Rox,Medium,6.8,1,False,0.00397,CWE-88,1,Critical Manufacturing,Germany,False,False,False,False,False
ICSA-26-134-03,2026-05-14,2026,True,ICSA,Siemens,Siemens Solid Edge,High,7.8,2,False,0.00106,CWE-121;CWE-824,2,Critical Manufacturing,Germany,False,False,False,False,False
ICSA-26-134-04,2026-05-14,2026,True,ICSA,Siemens,Siemens Teamcenter,High,7.5,3,False,0.7066,CWE-79;CWE-754;CWE-798,3,Critical Manufacturing,Germany,False,False,False,False,False
ICSA-26-134-05,2026-05-14,2026,True,ICSA,Siemens,Siemens Simcenter Femap,High,7.8,1,False,0.00204,CWE-122,1,Critical Manufacturing,Germany,False,False,False,False,False
ICSA-26-134-06,2026-05-14,2026,True,ICSA,Siemens,Siemens Industrial Devices,High,7.5,1,False,0.00324,CWE-476,1,Critical Manufacturing,Germany,True,False,True,False,False
ICSA-26-134-07,2026-05-14,2026,True,ICSA,Siemens,Siemens SIMATIC,High,7.7,1,False,0.00113,CWE-1188,1,Critical Manufacturing,Germany,True,False,True,False,False
ICSA-26-134-08,2026-05-14,2026,True,ICSA,Siemens,Siemens Siemens ROS#,Critical,9.1,1,False,0.00487,CWE-23,1,Critical Manufacturing,Germany,False,False,False,False,False
ICSA-26-134-09,2026-05-14,2026,True,ICSA,Siemens,Siemens Opcenter RDnL,High,7.1,1,False,0.10049,CWE-306,1,Critical Manufacturing,Germany,False,False,False,False,False
ICSA-26-134-10,2026-05-14,2026,True,ICSA,Siemens,Siemens SIMATIC CN 4100,Critical,9.6,171,False,0.66535,CWE-20;CWE-23;CWE-79;CWE-119;CWE-121;CWE-125;CWE-150;CWE-190;CWE-200;CWE-208;CWE-273;CWE-284;CWE-306;CWE-362;CWE-364;CWE-366;CWE-369;CWE-385;CWE-394;CWE-400;CWE-401;CWE-402;CWE-404;CWE-407;CWE-415;CWE-416;CWE-476;CWE-573;CWE-617;CWE-664;CWE-667;CWE-674;CWE-754;CWE-757;CWE-770;CWE-772;CWE-787;CWE-805;CWE-820;CWE-833;CWE-835;CWE-908;CWE-911;CWE-1025;CWE-1285;CWE-1286,46,Critical Manufacturing,Germany,True,False,True,False,True
ICSA-26-134-11,2026-05-14,2026,True,ICSA,Siemens,Siemens Ruggedcom Rox,High,7.5,1,False,0.0054,CWE-78,1,Critical Manufacturing,Germany,False,False,False,False,False
ICSA-26-134-12,2026-05-14,2026,True,ICSA,Siemens,Siemens Ruggedcom Rox,Critical,9.1,1,False,0.00674,CWE-78,1,Critical Manufacturing,Germany,False,False,False,False,False
ICSA-26-134-13,2026-05-14,2026,True,ICSA,Siemens,Siemens SIPROTEC 5,Medium,5.3,1,False,0.00306,CWE-334,1,Critical Manufacturing,Germany,False,False,False,False,False
ICSA-26-134-14,2026-05-14,2026,True,ICSA,Siemens,Siemens SENTRON 7KT PAC1261 Data Manager,Critical,9.1,1,False,0.00811,CWE-444,1,Energy,Germany,True,True,False,False,False
ICSA-26-134-15,2026-05-14,2026,True,ICSA,Siemens,Siemens SIMATIC S7 PLC Web Server,Critical,9.1,3,False,0.0037,CWE-79,1,Chemical; Energy; Food and Agriculture; Water and Wastewater Systems,Germany,True,True,True,False,False
ICSA-26-134-16,2026-05-14,2026,True,ICSA,Siemens,Siemens Ruggedcom Rox,Critical,9.8,35,False,0.027,CWE-20;CWE-22;CWE-120;CWE-121;CWE-122;CWE-125;CWE-131;CWE-190;CWE-191;CWE-328;CWE-416;CWE-664;CWE-674;CWE-787;CWE-825;CWE-1286,16,Critical Manufacturing,Germany,False,False,False,False,False
ICSA-26-134-17,2026-05-14,2026,True,ICSA,Universal Robots,Universal Robots Polyscope 5,Critical,9.8,1,False,0.01829,CWE-78,1,Critical Manufacturing,Denmark,False,False,False,False,False
ICSA-26-139-01,2026-05-19,2026,True,ICSA,ABB,ABB CoreSense HM and CoreSense M10,High,7.1,1,False,0.00179,CWE-22,1,Food and Agriculture; Commercial Facilities; Critical Manufacturing,Switzerland,False,False,False,False,False
ICSA-26-139-02,2026-05-19,2026,True,ICSA,Siemens,Siemens RUGGEDCOM APE1808 Devices,Critical,10.0,1,True,0.31725,CWE-787,1,Critical Manufacturing,Germany,False,False,False,False,False
ICSA-26-139-03,2026-05-19,2026,True,ICSA,ScadaBR,ScadaBR,Critical,9.1,4,False,0.01317,CWE-78;CWE-306;CWE-352;CWE-798,4,Critical Manufacturing; Dams; Chemical; Energy; Water and Wastewater Systems,Brazil,True,True,False,False,False
ICSA-26-139-04,2026-05-19,2026,True,ICSA,ZKTeco,ZKTeco CCTV Cameras,Critical,9.1,1,False,0.00507,CWE-288,1,Commercial Facilities,China,False,False,False,False,False
ICSA-26-139-05,2026-05-19,2026,True,ICSA,Kieback & Peter,Kieback & Peter DDC Building Controllers,Medium,5.3,1,False,0.00271,CWE-79,1,Commercial Facilities; Communications; Financial Services; Food and Agriculture; Government Facilities; Healthcare and Public Health; Information Technology,Germany,False,False,False,False,False
ICSA-26-141-01,2026-05-21,2026,True,ICSA,Hitachi Energy,Hitachi Energy GMS600,Medium,5.9,1,False,0.16195,CWE-203,1,Critical Manufacturing,Switzerland,False,False,False,False,False
ICSA-26-141-02,2026-05-21,2026,True,ICSA,B&R Industrial Automation GmbH,ABB B&R PCs,High,8.3,9,False,0.02101,CWE-119;CWE-125;CWE-338;CWE-835,4,Energy,Austria,True,True,False,False,False
ICSA-26-141-03,2026-05-21,2026,True,ICSA,B&R Industrial Automation GmbH,ABB B&R Automation Studio,Critical,9.8,25,False,0.75832,CWE-20;CWE-119;CWE-120;CWE-122;CWE-125;CWE-190;CWE-197;CWE-200;CWE-286;CWE-416;CWE-476;CWE-674;CWE-754;CWE-787,14,Energy,Austria,True,True,False,False,False
ICSA-26-141-04,2026-05-21,2026,True,ICSA,B&R Industrial Automation GmbH,ABB B&R Automation Runtime,Medium,6.1,3,False,0.00297,CWE-79;CWE-340;CWE-1236,3,Energy,Austria,True,True,False,False,False
ICSA-26-141-05,2026-05-21,2026,True,ICSA,ABB,ABB Terra AC Wallbox,Medium,6.1,3,False,0.00209,CWE-120;CWE-121;CWE-122,3,Energy,Switzerland,False,True,False,True,False
ICSA-26-146-01,2026-05-26,2026,True,ICSA,ABB,ABB Terra AC,Medium,6.8,1,False,0.00273,CWE-122,1,Commercial Facilities; Critical Manufacturing; Energy; Transportation Systems,Switzerland,True,True,False,False,False
ICSA-26-146-02,2026-05-26,2026,True,ICSA,ABB,ABB AC500 V2,Medium,5.8,1,False,0.00406,CWE-126,1,Critical Manufacturing; Energy; Water and Wastewater Systems,Switzerland,True,True,False,False,False
ICSA-26-146-03,2026-05-26,2026,True,ICSA,ABB,ABB Ability Zenon Remote Transport Vulnerability (Update A),High,7.5,1,False,0.00363,CWE-306,1,Chemical; Communications; Critical Manufacturing; Dams; Energy; Healthcare and Public Health; Information Technology; Water and Wastewater Systems,Switzerland,True,True,False,False,False
ICSA-26-146-04,2026-05-26,2026,True,ICSA,B&R Industrial Automation GmbH,ABB B&R Automation Runtime DoS Vulnerability in System Diagnostics Manager,Critical,10.0,1,False,0.00281,CWE-413,1,Chemical; Communications; Critical Manufacturing; Dams; Energy; Healthcare and Public Health; Information Technology; Water and Wastewater Systems,Austria,True,True,False,False,False
ICSA-26-146-05,2026-05-26,2026,True,ICSA,ABB,ABB Ability Camera Connect,Critical,9.8,22,False,0.35863,CWE-119;CWE-122;CWE-125;CWE-190;CWE-191;CWE-193;CWE-415;CWE-416;CWE-427;CWE-787,10,Chemical; Commercial Facilities; Communications; Critical Manufacturing; Energy; Transportation Systems,Switzerland,True,True,False,False,False
ICSA-26-146-06,2026-05-26,2026,True,ICSA,ABB,ABB LVS MConfig,High,7.4,1,False,0.00098,CWE-316,1,Chemical; Critical Manufacturing; Energy; Food and Agriculture; Transportation Systems; Water and Wastewater Systems,Switzerland,True,True,False,False,False
ICSA-26-148-01,2026-05-28,2026,True,ICSA,Danelec,MacGregor Voyage Data Recorder (VDR) G4e,High,8.3,5,False,0.00376,CWE-522;CWE-552;CWE-798;CWE-916;CWE-1392,5,Transportation Systems,Denmark,False,False,False,False,False
ICSA-26-148-02,2026-05-28,2026,True,ICSA,Jinan USR IOT Technology Limited (PUSR),Jinan USR IOT Technology Limited (PUSR) USR-W610 RS232/485 to Wi-Fi/Ethernet Converter,Critical,9.8,1,False,0.00415,CWE-798,1,Critical Manufacturing,China,False,False,False,False,False
ICSA-26-148-03,2026-05-28,2026,True,ICSA,ABB,ABB EIBPORT,High,8.0,1,False,0.00316,CWE-79,1,Critical Manufacturing; Information Technology,Switzerland,False,False,False,False,False
ICSA-26-148-04,2026-05-28,2026,True,ICSA,ABB,ABB Busch-Welcome 2 Wire Door Opener Actuator,Medium,6.8,1,False,0.00193,CWE-489,1,Commercial Facilities,Switzerland,False,False,False,False,False
ICSA-26-148-05,2026-05-28,2026,True,ICSA,CP Plus,CP Plus 8 Ch. Network Video Recorder,High,8.4,1,False,0.00373,CWE-79,1,Commercial Facilities; Critical Manufacturing; Emergency Services,India,False,False,False,False,False
ICSA-26-148-06,2026-05-28,2026,True,ICSA,KMW,KMW CCTV Security Cameras,High,8.4,1,False,0.00624,CWE-620,1,Commercial Facilities; Government Facilities; Critical Manufacturing; Financial Services; Transportation Systems,Romania,False,False,False,False,False
ICSA-26-148-07,2026-05-28,2026,True,ICSA,Schneider Electric,Schnieider Electric EcoStruxure Machine Expert HVAC,Medium,5.5,1,False,0.00125,CWE-312,1,Chemical; Critical Manufacturing; Energy; Water and Wastewater Systems,France,True,True,False,False,False
ICSA-26-148-08,2026-05-28,2026,True,ICSA,XCharge,XCharge C6,Critical,9.8,3,False,0.00246,CWE-121;CWE-494;CWE-1188,3,Transportation Systems,United States,False,False,False,True,False
ICSA-26-155-01,2026-06-04,2026,True,ICSA,NAVTOR,NAVTOR NavBox,Medium,6.3,1,False,0.00122,CWE-798,1,Information Technology,Norway,False,False,False,False,False
ICSA-26-155-02,2026-06-04,2026,True,ICSA,Hitachi Energy,Hitachi Energy ITT600 Explorer,High,7.5,2,False,0.01315,CWE-674;CWE-770,2,Energy,Switzerland,True,True,False,False,False
ICSA-26-155-03,2026-06-04,2026,True,ICSA,B&R Industrial Automation GmbH,B&R PPT30 Operating System,High,7.5,1,False,0.00322,CWE-770,1,Commercial Facilities; Critical Manufacturing; Energy; Transportation Systems; Water and Wastewater Systems,Switzerland,True,True,False,False,False
ICSA-26-155-04,2026-06-04,2026,True,ICSA,Hitachi Energy,Hitachi Energy RTU500,High,7.8,7,False,0.00877,CWE-190;CWE-476;CWE-835,3,Dams; Energy; Water and Wastewater Systems,Switzerland,True,True,False,False,False
ICSA-26-155-05,2026-06-04,2026,True,ICSA,Hitachi Energy,Hitachi Energy MACH HiDraw,Medium,5.5,1,False,0.00103,CWE-122,1,Dams; Energy; Transportation Systems,Switzerland,True,True,False,False,False
ICSA-26-160-01,2026-06-09,2026,True,ICSA,Schneider Electric,Schneider Electric Modicon Network Managed Switches,High,7.5,1,False,0.14859,CWE-924,1,Commercial Facilities; Energy; Food and Agriculture; Government Services and Facilities; Transportation Systems; Water and Wastewater,France,True,True,True,False,False
ICSA-26-160-02,2026-06-09,2026,True,ICSA,Siemens,Siemens KACO Blueplanet Inverters,High,8.3,2,False,0.00186,CWE-89;CWE-321,2,Energy,Germany,True,True,False,False,False
ICSA-26-160-03,2026-06-09,2026,True,ICSA,Schneider Electric,Schneider Electric EcoStruxure Panel Server,Critical,9.0,1,False,0.00291,CWE-1188,1,Commercial Facilities; Critical Manufacturing; Energy,France,True,True,False,False,False
ICSA-26-162-01,2026-06-11,2026,True,ICSA,Yarbo,Yarbo Android/iOS Mobile Application and Cloud Infrastructure,Critical,9.8,2,False,0.00353,CWE-798;CWE-862,2,Commercial Facilities,China,False,False,False,False,False
ICSA-26-162-02,2026-06-11,2026,True,ICSA,Naxclow,Naxclow IoT Platform,Critical,9.8,7,False,0.0033,CWE-262;CWE-321;CWE-340;CWE-538;CWE-639;CWE-862,6,Commercial Facilities,China,False,False,False,False,False
ICSA-26-162-03,2026-06-11,2026,True,ICSA,Brickcom,Brickcom Cameras,High,7.7,2,False,0.00197,CWE-306;CWE-1392,2,Commercial Facilities; Critical Manufacturing; Financial Services; Healthcare and Public Health,Taiwan,False,False,False,False,False
ICSA-26-167-01,2026-06-16,2026,True,ICSA,Rockwell Automation,"Rockwell Automation FactoryTalk, Analytics, PavilionX",High,7.0,1,False,0.00235,CWE-862,1,Critical Manufacturing,United States,False,False,False,False,False
ICSA-26-167-02,2026-06-16,2026,True,ICSA,Rockwell Automation,Rockwell Automation RSLinx,High,7.5,1,False,0.03416,CWE-125,1,Critical Manufacturing; Energy; Food and Agriculture; Water and Wastewater Systems,United States,True,True,False,False,False
ICSA-26-167-03,2026-06-16,2026,True,ICSA,Rockwell Automation,Rockwell Automation Logix 5370 & 5570 Controllers Vulnerable To Denial of Service Via CIP,High,7.5,1,False,0.00302,CWE-404,1,Critical Manufacturing,United States,True,False,True,False,False
ICSA-26-167-04,2026-06-16,2026,True,ICSA,Rockwell Automation,Rockwell Automation CompactLogix,High,7.5,2,False,0.00298,CWE-354;CWE-497,2,Critical Manufacturing,United States,True,False,True,False,False
ICSA-26-167-05,2026-06-16,2026,True,ICSA,Rockwell Automation,Rockwell Automation FLEX I/O EtherNet/IP Adapters,Critical,9.4,2,False,0.00435,CWE-306;CWE-401,2,Critical Manufacturing,United States,False,False,False,False,False
ICSA-26-169-01,2026-06-18,2026,True,ICSA,AVer,AVer PTC cameras,Critical,9.8,1,False,0.00835,CWE-552,1,Government Facilities; Commercial Facilities; Healthcare and Public Health,Taiwan,False,False,False,False,False
ICSA-26-169-02,2026-06-18,2026,True,ICSA,AzeoTech,AzeoTech DAQFactory (Update A),High,7.8,2,False,0.00187,CWE-416;CWE-843,2,Critical Manufacturing,United States,False,False,False,False,False
ICSA-26-169-03,2026-06-18,2026,True,ICSA,Rockwell Automation,Rockwell Automation FactoryTalk Historian Site Edition,High,7.7,3,False,0.00435,CWE-248;CWE-362,2,Critical Manufacturing,United States,False,False,False,False,False
ICSA-26-169-04,2026-06-18,2026,True,ICSA,Schneider Electric,Schneider Electric EasyLogic T150 and Saitel DP,High,7.1,1,False,0.00303,CWE-22,1,Energy; Critical Manufacturing,France,True,True,False,False,False
ICSA-26-169-05,2026-06-18,2026,True,ICSA,Mitsubishi Electric,Mitsubishi Electric MELSEC iQ-F Series,High,7.5,1,False,0.00637,CWE-190,1,Critical Manufacturing,Japan,False,False,False,False,False
ICSA-26-169-06,2026-06-18,2026,True,ICSA,Mitsubishi Electric,Mitsubishi Electric Co.'s MELSEC iQ-F Series FX5-ENET/IP Ethernet Module,High,7.5,1,False,0.00637,CWE-440,1,Critical Manufacturing,Japan,False,False,False,False,False
ICSA-26-169-07,2026-05-12,2026,True,ICSA,Schneider Electric,"Schneider Electric Easergy, EcoStruxture, PowerLogic, and Saitel Products (Update A)",High,8.3,1,False,0.00312,CWE-331,1,Chemical; Critical Manufacturing; Energy; Water and Wastewater Systems,France,True,True,False,False,False
ICSA-26-174-01,2026-06-23,2026,True,ICSA,Siemens,Siemens WinCC Certificate Manager,High,7.1,1,False,0.00057,CWE-313,1,Critical Manufacturing; Transportation Systems; Energy; Healthcare and Public Health; Financial Services; Government Facilities,Germany,True,True,True,False,False
ICSA-26-174-02,2026-06-23,2026,True,ICSA,Siemens,Siemens SIPROTEC 5 Using DIGSI5 Protocol,Medium,6.1,1,False,0.00186,CWE-434,1,Critical Manufacturing; Transportation Systems; Energy; Healthcare and Public Health; Financial Services; Government Facilities,Germany,True,True,False,False,False
ICSA-26-174-03,2026-06-23,2026,True,ICSA,Siemens,Siemens Products using OpenSSL,Critical,9.8,1,False,0.48211,CWE-787,1,Critical Manufacturing; Transportation Systems; Energy; Healthcare and Public Health; Financial Services; Government Facilities,Germany,True,True,True,False,False
ICSA-26-174-04,2026-06-23,2026,True,ICSA,Siemens,Siemens SINEC INS,High,8.8,4,False,0.00432,CWE-26;CWE-78;CWE-250;CWE-760,4,Critical Manufacturing; Transportation Systems; Energy; Healthcare and Public Health; Financial Services; Government Facilities,Germany,True,True,False,False,False
ICSA-26-174-05,2026-06-23,2026,True,ICSA,ABB,ABB Freelance Security Lock,Medium,6.6,1,False,0.00116,CWE-305,1,Critical Manufacturing,Switzerland,True,False,True,False,False
ICSA-26-174-06,2026-06-23,2026,True,ICSA,B&R Industrial Automation GmbH,Impact of Linux Kernel vulnerabilities on B&R products,High,7.8,5,True,0.99907,CWE-123;CWE-269;CWE-669;CWE-787;CWE-1341,5,Critical Manufacturing,Switzerland,False,False,False,False,False
ICSA-26-174-07,2026-06-23,2026,True,ICSA,Hubbell,Hubbell Aclara Metrum Cellular Web Interface,High,7.5,1,False,0.00711,CWE-306,1,Energy,United States,True,True,False,False,False
ICSA-26-176-01,2026-06-25,2026,True,ICSA,Yokogawa,Yokogawa FAST/TOOLS and CI Server,High,7.5,1,False,0.00269,CWE-319,1,Critical Manufacturing; Energy; Food and Agriculture,Japan,True,True,False,False,False
ICSA-26-176-02,2026-06-25,2026,True,ICSA,EVoke Systems,EVoke Systems Charging Station Management System,Critical,9.4,4,False,0.00711,CWE-306;CWE-307;CWE-522;CWE-613,4,Energy; Transportation Systems,United States,False,True,False,True,False
ICSA-26-176-03,2026-06-25,2026,True,ICSA,Horner Automation,Horner Automation Cscape,High,7.8,1,False,0.00175,CWE-125,1,Critical Manufacturing,United States,False,False,False,False,False
ICSA-26-176-04,2026-06-25,2026,True,ICSA,Daktronics,Daktronics Controller Firmware,High,8.1,3,False,0.0068,CWE-22;CWE-434;CWE-798,3,Commercial Facilities; Information Technology; Emergency Services; Healthcare and Public Health,United States,False,False,False,False,False
ICSA-26-176-05,2026-06-25,2026,True,ICSA,H.VIEW,H.VIEW HV-500S6 IP Camera,High,7.2,2,False,0.00632,CWE-78;CWE-434,2,Commercial Facilities,China,False,False,False,False,False
ICSA-26-176-06,2026-06-25,2026,True,ICSA,Delta Electronics,Delta Electronics DTM Soft,High,7.8,1,False,0.00375,CWE-502,1,Critical Manufacturing,Taiwan,False,False,False,False,False
ICSA-26-176-07,2026-06-25,2026,True,ICSA,Schneider Electric,Schneider Electric PowerLogic P7,High,7.5,3,False,0.01727,CWE-78;CWE-476;CWE-617,3,Commercial Facilities; Critical Manufacturing; Energy,France,True,True,False,False,False
ICSA-26-181-01,2026-06-30,2026,True,ICSA,Mitsubishi Electric,Mitsubishi Electric MELSOFT Update Manager SW1DND-UDM-M,High,8.8,4,False,0.26999,CWE-22;CWE-59;CWE-122;CWE-476,4,Critical Manufacturing,Japan,False,False,False,False,False
ICSA-26-181-02,2026-06-30,2026,True,ICSA,Frangoteam,Frangoteam FUXA SCADA/HMI,High,7.5,1,False,0.00609,CWE-290,1,Critical Manufacturing; Energy; Water and Wastewater Systems,Switzerland,True,True,False,False,False
ICSA-26-181-03,2026-06-30,2026,True,ICSA,Schneider Electric,Schneider Electric EcoStruxure IT Data Center Expert,Medium,6.5,1,False,0.00233,CWE-611,1,Information Technology; Critical Manufacturing; Energy,France,True,True,False,False,False
ICSA-26-181-04,2026-06-30,2026,True,ICSA,Schneider Electric,Schneider Electric EasyLogic T150 and Saitel DP RTU,High,7.5,2,False,0.00406,CWE-522;CWE-732,2,Critical Manufacturing; Energy,France,True,True,False,False,False
ICSA-26-181-05,2026-06-30,2026,True,ICSA,B&R Industrial Automation GmbH,XZ Utils vulnerability impacting B&R Products,High,7.5,1,False,0.00651,CWE-366,1,Critical Manufacturing,Switzerland,False,False,False,False,False
ICSA-26-181-06,2026-06-30,2026,True,ICSA,StoneFly,StoneFly Storage Concentrator,Critical,10.0,5,False,0.0436,CWE-78;CWE-79;CWE-89;CWE-798,4,Defense Industrial Base; Energy; Financial Services; Healthcare and Public Health; Information Technology,United States,True,True,False,False,False
ICSA-26-181-07,2026-06-30,2026,True,ICSA,Delta Electronics,Delta Electronics DVP12SE PLC,Critical,9.8,2,False,0.00543,CWE-306;CWE-770,2,Critical Manufacturing,Taiwan,False,False,False,False,False
ICSA-26-183-01,2026-07-02,2026,True,ICSA,ST Engineering iDirect,ST Engineering iDirect iQ-Series Terminals (Update A),High,8.8,4,False,0.00592,CWE-306;CWE-352;CWE-497;CWE-862,4,Communications; Defense Industrial Base; Energy; Government Facilities; Transportation Systems,United States,True,True,False,False,False
ICSA-26-183-02,2026-07-02,2026,True,ICSA,CubeSpace,CubeSpace CW0057 Reaction Wheel,Medium,6.1,1,False,0.00162,CWE-347,1,Communications,South Africa,False,False,False,False,False
ICSA-26-183-03,2026-07-02,2026,True,ICSA,Gardyn,Gardyn IoT Hub,Critical,10.0,3,False,0.0065,CWE-497;CWE-644;CWE-798,3,Food and Agriculture,United States,False,False,False,False,False
ICSA-26-188-01,2026-07-07,2026,True,ICSA,Hydro-Quebec,Hydro-Quebec Le Circuit Electrique charging station backend,Critical,9.8,3,False,0.00758,CWE-284;CWE-307;CWE-613,3,Transportation Systems,Canada,False,False,False,True,False
ICSA-26-188-02,2026-07-07,2026,True,ICSA,Hitachi Energy,Hitachi Energy PROMOD V,High,7.1,1,False,0.00428,CWE-1428,1,Energy,Switzerland,True,True,False,False,False
ICSA-26-188-03,2026-07-07,2026,True,ICSA,Hitachi Energy,Hitachi Energy e-mesh EMS,High,8.1,1,False,0.68047,CWE-122,1,Energy,Switzerland,True,True,False,False,False
ICSA-26-188-04,2026-07-07,2026,True,ICSA,Siemens,Siemens Mendix Studio Pro,Medium,5.4,1,False,0.00318,CWE-94,1,Critical Manufacturing; Energy,Germany,True,True,False,False,False
ICSA-26-188-05,2026-07-07,2026,True,ICSA,Siemens,Siemens SINEC OS,Critical,9.8,77,False,0.02242,CWE-20;CWE-22;CWE-73;CWE-79;CWE-119;CWE-121;CWE-125;CWE-190;CWE-201;CWE-271;CWE-284;CWE-305;CWE-362;CWE-385;CWE-404;CWE-407;CWE-451;CWE-476;CWE-489;CWE-525;CWE-625;CWE-674;CWE-787;CWE-820;CWE-825;CWE-835;CWE-911;CWE-1321;CWE-1335;CWE-1341,30,Critical Manufacturing; Transportation Systems; Energy; Healthcare and Public Health; Financial Services; Government Services and Facilities,Germany,True,True,False,False,True
ICSA-26-188-06,2026-07-07,2026,True,ICSA,Labcenter Electronics,Labcenter Proteus 9,High,7.8,3,False,0.00185,CWE-121;CWE-416;CWE-787,3,Communications; Critical Manufacturing; Defense Industrial Base; Energy; Healthcare and Public Health; Transportation Systems; Water and Wastewater Systems,United Kingdom,True,True,False,False,False
ICSA-26-188-07,2026-07-07,2026,True,ICSA,Digi International,"Digi International PortServer TS, Digi One SP IA",Medium,5.9,2,False,0.00418,CWE-79;CWE-863,2,Critical Manufacturing; Communications; Information Technology; Transportation Systems,United States,False,False,False,False,False
ICSA-26-190-01,2026-07-09,2026,True,ICSA,OpenPLC,OpenPLC v3,Critical,9.9,1,False,0.00616,CWE-73,1,Critical Manufacturing; Energy; Transportation Systems; Water and Wastewater,United States,True,True,False,False,False
ICSA-26-190-02,2026-07-09,2026,True,ICSA,"SuSE, Schneider Electric, Red Hat, Microsoft",Schneider Electric PowerChute Serial Shutdown,Medium,6.1,7,False,0.00274,CWE-22;CWE-93;CWE-116;CWE-307;CWE-400;CWE-532;CWE-1284,7,Communications; Critical Manufacturing; Energy; Healthcare and Public Health; Information Technology; Transportation Systems,France,True,True,False,False,False
ICSA-26-190-03,2026-07-09,2026,True,ICSA,Schneider Electric,Schneider Electric Easergy MiCOM Px40 Series,Medium,5.3,1,False,0.00271,CWE-798,1,Critical Manufacturing; Energy; Transportation Systems,France,True,True,False,False,False
ICSA-26-195-01,2026-07-14,2026,True,ICSA,ABB,ABB Advant Master Online Builder,Medium,4.4,1,False,0.00117,CWE-427,1,Critical Manufacturing,Switzerland,True,False,True,False,False
ICSA-26-195-02,2026-07-14,2026,True,ICSA,ABB,ABB Ability Edgenius,High,7.8,1,True,0.99907,CWE-669,1,Critical Manufacturing,Switzerland,False,False,False,False,False
ICSA-26-195-03,2026-07-14,2026,True,ICSA,ABB,ABB T-MAC Plus,Critical,9.9,4,False,0.00347,CWE-79;CWE-552;CWE-639;CWE-863,4,Critical Manufacturing,Switzerland,False,False,False,False,False
ICSA-26-195-04,2026-07-14,2026,True,ICSA,Rockwell Automation,Rockwell Automation 1715-AENTR EtherNet/IP Adapter,Critical,10.0,1,False,0.00406,CWE-306,1,Energy; Water and Wastewater Systems; Critical Manufacturing,United States,True,True,False,False,False
ICSA-26-197-01,2026-07-16,2026,True,ICSA,Rockwell Automation,Rockwell Automation Arena,High,7.8,4,False,0.00243,CWE-787,1,Critical Manufacturing,United States,False,False,False,False,False
ICSA-26-197-02,2026-07-16,2026,True,ICSA,Rockwell Automation,"Rockwell Automation 1756-EN2, 1756-EN3, and 1756-ENBT",High,7.5,1,False,0.00231,CWE-354,1,Critical Manufacturing,United States,False,False,False,False,False
ICSA-26-197-03,2026-07-16,2026,True,ICSA,NASA,NASA Core Flight System (cFS) Health & Safety (HS) Application,High,7.5,1,False,0.00609,CWE-476,1,Transportation Systems,United States,False,False,False,False,False
ICSA-26-197-04,2026-07-16,2026,True,ICSA,AutomationDirect,AutomationDirect Productivity Suite,High,7.0,6,False,0.00245,CWE-125;CWE-369;CWE-787,3,Critical Manufacturing,United States,False,False,False,False,False
ICSA-26-197-05,2026-07-16,2026,True,ICSA,Siemens,Siemens SICAM 8,High,7.2,4,False,0.00619,CWE-489;CWE-620;CWE-1188,3,Critical Manufacturing; Energy,Germany,True,True,False,False,False
ICSA-26-197-06,2026-07-16,2026,True,ICSA,Rockwell Automation,"Rockwell Automation CompactLogix, ControlLogix, Compact GuardLogix and GuardLogix",High,8.6,3,False,0.00428,CWE-120,1,Critical Manufacturing,United States,True,False,True,False,False
ICSA-26-197-07,2026-07-16,2026,True,ICSA,SALTO,SALTO ProAccess Space,Medium,6.5,1,False,0.00311,CWE-639,1,Commercial Facilities; Critical Manufacturing,Spain,False,False,False,False,False
ICSA-26-197-08,2026-07-16,2026,True,ICSA,Rockwell Automation,Rockwell Automation Flex 5000 Adapter,High,7.5,1,False,0.00428,CWE-415,1,Critical Manufacturing; Information Technology,United States,False,False,False,False,False
ICSA-26-197-09,2026-07-16,2026,True,ICSA,Rockwell Automation,Rockwell Automation FactoryTalk DataMosaix,Medium,6.1,1,False,0.00527,CWE-79,1,Critical Manufacturing; Information Technology,United States,False,False,False,False,False
ICSA-26-202-01,2026-07-21,2026,True,ICSA,Tycon Systems,Tycon Systems TPDIN-Monitor-WEB2 (Update A),Critical,9.8,2,False,0.00448,CWE-306;CWE-312,2,Critical Manufacturing,United States,False,False,False,False,False
ICSA-26-202-02,2026-07-21,2026,True,ICSA,Siemens,Siemens RUGGEDCOM APE1808 with Palo Alto Networks Virtual NGFW,High,7.2,3,False,0.01339,CWE-78;CWE-79;CWE-862,3,Critical Manufacturing,Germany,False,False,False,False,False
ICSA-26-202-03,2026-07-21,2026,True,ICSA,Siemens,Siemens Opcenter X,Critical,10.0,1,False,0.00498,CWE-347,1,Critical Manufacturing,Germany,False,False,False,False,False
ICSA-26-202-04,2026-07-21,2026,True,ICSA,Siemens,Siemens SIDIS Secured SmartPlug,Critical,9.8,12,False,0.07575,CWE-120;CWE-125;CWE-190;CWE-323;CWE-385;CWE-390;CWE-787;CWE-863;CWE-924,9,Critical Manufacturing,Germany,False,False,False,False,False
ICSA-26-202-05,2026-07-21,2026,True,ICSA,Siemens,Siemens IAM Client,Medium,6.7,1,False,0.00164,CWE-426,1,Chemical; Critical Manufacturing; Energy,Germany,True,True,False,False,False
ICSA-26-202-06,2026-07-21,2026,True,ICSA,Siemens,Siemens CADRA,Critical,9.8,11,True,0.51733,CWE-20;CWE-120;CWE-190;CWE-787;CWE-843;CWE-1335,6,Chemical; Commercial Facilities; Communications; Energy,Germany,True,True,False,False,False
ICSA-26-202-07,2026-07-21,2026,True,ICSA,Rockwell Automation,Rockwell Automation FactoryTalk Services Platform,High,7.8,1,False,0.00113,CWE-1390,1,Critical Manufacturing,United States,False,False,False,False,False
ICSA-26-202-08,2026-07-21,2026,True,ICSA,Rockwell Automation,Rockwell Automation 1718-AENTR/1719-AENTR,High,7.5,1,False,0.00428,CWE-770,1,Critical Manufacturing,United States,False,False,False,False,False
ICSA-26-202-09,2026-07-21,2026,True,ICSA,Rockwell Automation,Rockwell Automation 1734 POINT I/O (Update A),Low,3.7,1,False,0.00208,CWE-770,1,Critical Manufacturing,United States,False,False,False,False,False
ICSA-26-202-10,2026-07-21,2026,True,ICSA,Rockwell Automation,Rockwell Automation Studio 5000 Logix Designer,High,7.5,3,False,0.00134,CWE-22;CWE-428;CWE-863,3,Critical Manufacturing,United States,False,False,False,False,False
ICSA-26-204-01,2026-07-23,2026,True,ICSA,Johnson Controls Inc.,Johnson Controls C-CURE 9000 and Victor application server (Update A),Critical,9.6,3,False,0.00492,CWE-250;CWE-918,2,Critical Manufacturing,Ireland,False,False,False,False,False
ICSA-26-204-02,2026-07-23,2026,True,ICSA,Johnson Controls Inc.,Johnson Controls XAAP Android,Low,3.3,1,False,0.0008,CWE-312,1,Critical Manufacturing,Ireland,False,False,False,False,False
ICSA-26-204-03,2026-07-23,2026,True,ICSA,Weintek,Weintek cMT3092X,High,8.8,4,False,0.00325,CWE-256;CWE-286;CWE-732;CWE-784,4,Critical Manufacturing,Taiwan,False,False,False,False,False
ICSA-26-204-04,2026-07-23,2026,True,ICSA,Pronetiqs,Panduit IntraVUE,Critical,10.0,5,False,0.00512,CWE-256;CWE-326;CWE-441;CWE-497,4,Critical Manufacturing; Energy; Information Technology; Water and Wastewater Systems,Netherlands,True,True,False,False,False
ICSA-26-204-05,2026-07-23,2026,True,ICSA,Rockwell Automation,Rockwell Automation ThinManager,High,8.1,1,False,0.00335,CWE-22,1,Chemical; Critical Manufacturing; Energy; Food and Agriculture; Water and Wastewater Systems,United States,True,True,False,False,False
ICSA-26-204-06,2026-07-23,2026,True,ICSA,MZ Automation GmbH,MZ Automation libIEC61850,High,8.1,4,False,0.00613,CWE-121;CWE-122;CWE-228;CWE-476,4,Critical Manufacturing; Energy; Transportation Systems,Germany,True,True,False,False,False
ICSA-26-204-07,2026-07-23,2026,True,ICSA,MZ Automation GmbH,MZ Automation lib60870,High,8.2,1,False,0.00426,CWE-125,1,Chemical; Energy; Water and Wastewater Systems,Germany,True,True,False,False,False
ICSA-26-209-01,2026-07-28,2026,True,ICSA,Siemens,Siemens Desigo CC,Critical,9.8,1,False,0.48211,CWE-787,1,Critical Manufacturing,Germany,False,False,False,False,False
ICSA-26-209-02,2026-07-28,2026,True,ICSA,Siemens,Siemens Mendix Runtime,Critical,9.1,1,False,0.00273,CWE-277,1,Critical Manufacturing,Germany,False,False,False,False,False
ICSA-26-209-03,2026-07-28,2026,True,ICSA,Siemens,Siemens SIMATIC S7-PLCSIM Advanced,High,7.4,1,False,0.00265,CWE-770,1,Critical Manufacturing,Germany,True,False,True,False,False
ICSA-26-209-04,2026-07-28,2026,True,ICSA,Siemens,Siemens SIMATIC S7-1500 CPU 1518(F)-4 PN/DP MFP,Critical,9.8,352,True,0.99907,CWE-20;CWE-115;CWE-120;CWE-123;CWE-124;CWE-125;CWE-130;CWE-131;CWE-134;CWE-158;CWE-159;CWE-166;CWE-170;CWE-190;CWE-213;CWE-237;CWE-252;CWE-256;CWE-266;CWE-269;CWE-304;CWE-311;CWE-358;CWE-360;CWE-362;CWE-364;CWE-366;CWE-367;CWE-369;CWE-372;CWE-392;CWE-401;CWE-402;CWE-404;CWE-413;CWE-416;CWE-457;CWE-459;CWE-476;CWE-478;CWE-489;CWE-573;CWE-617;CWE-667;CWE-669;CWE-672;CWE-674;CWE-681;CWE-704;CWE-763;CWE-772;CWE-787;CWE-789;CWE-805;CWE-820;CWE-821;CWE-822;CWE-824;CWE-825;CWE-833;CWE-835;CWE-841;CWE-843;CWE-908;CWE-909;CWE-911;CWE-1285;CWE-1287;CWE-1341;CWE-1421,70,Critical Manufacturing,Germany,True,False,True,False,True
ICSA-26-209-05,2026-07-28,2026,True,ICSA,MikroTik,MikroTik RouterOS and Cloud Hosted Router,High,8.8,1,False,0.00266,CWE-307,1,Information Technology; Commercial Facilities,Latvia,False,False,False,False,False
ICSA-26-209-06,2026-07-28,2026,True,ICSA,igloohome,igloohome Smart Lock Mobile Application,Medium,5.3,1,False,0.00225,CWE-540,1,Commercial Facilities,Singapore,False,False,False,False,False
ICSA-26-209-07,2026-07-28,2026,True,ICSA,ABB,ABB KNX Update Tool,Medium,6.4,1,False,0.00152,CWE-353,1,Critical Manufacturing,Switzerland,False,False,False,False,False
ICSA-26-211-01,2026-07-30,2026,True,ICSA,MikroTik,MikroTik RouterOS,Medium,4.9,1,False,0.00281,CWE-613,1,Information Technology,Latvia,False,False,False,False,False
ICSA-26-211-02,2026-07-30,2026,True,ICSA,Johnson Controls Inc.,Johnson Controls OpenBlue Employee,Low,2.4,3,False,0.0028,CWE-79;CWE-80;CWE-434,3,Critical Manufacturing; Commercial Facilities; Government Facilities; Transportation Systems; Energy,Ireland,True,True,False,False,False
ICSA-26-211-03,2026-07-30,2026,True,ICSA,Toptech Systems,Toptech Systems RCU II+ and Multiload II+,High,8.8,1,False,0.00278,CWE-306,1,Energy,United States,True,True,True,False,False
ICSA-26-211-04,2026-07-30,2026,True,ICSA,Schneider Electric,Schneider Electric IGSS,High,7.8,1,False,0.0016,CWE-787,1,Commercial Facilities; Critical Manufacturing; Energy,France,True,True,False,False,False
ICSA-26-211-05,2026-07-30,2026,True,ICSA,Rockwell Automation,Rockwell Automation CompactLogix 5380 ControlLogix 5580 / 1756-EN4TR Communications Module,Medium,5.9,1,False,0.00216,CWE-299,1,Critical Manufacturing,United States,True,False,True,False,False
ICSA-26-211-06,2026-07-30,2026,True,ICSA,NASA,NASA Core Flight System (cFS) Health & Safety (HS) Application,High,7.5,1,False,0.00339,CWE-476,1,Transportation Systems,United States,False,False,False,False,False
ICSA-26-211-07,2026-07-30,2026,True,ICSA,Mitsubishi Electric,Mitsubishi Electric CC-Link IE TSN Communication Protocol,High,7.1,1,False,0.00127,CWE-924,1,Critical Manufacturing,Japan,False,False,False,False,False
ICSA-26-211-08,2026-07-30,2026,True,ICSA,o6 Automation GmbH,o6 Automation open62541,High,8.8,4,False,0.01509,CWE-190;CWE-191;CWE-416,3,Critical Manufacturing; Energy; Transportation Systems,Germany,True,True,False,False,False
ICSA-26-211-09,2026-07-30,2026,True,ICSA,Watchfire,Watchfire Controller Software,Medium,5.7,1,False,0.00163,CWE-321,1,Commercial Facilities; Critical Manufacturing; Healthcare and Public Health; Financial Services,United States,False,False,False,False,False
ICSA-26-211-10,2026-07-30,2026,True,ICSA,MZ Automation GmbH,MZ Automation GmbH libiec61850,High,7.5,8,False,0.00278,CWE-125,1,Energy,Germany,True,True,False,False,False
ICSA-26-211-11,2026-07-30,2026,True,ICSA,MZ Automation GmbH,MZ Automation lib60870,Medium,6.5,2,False,0.00403,CWE-125,1,Energy; Water and Wastewater Systems; Critical Manufacturing; Chemical,Germany,True,True,False,False,False
ICSA-26-216-01,2026-08-04,2026,True,ICSA,Acrisure,Acrisure KARR BT and DR-100,High,8.1,1,False,0.00209,CWE-321,1,Transportation Systems,United States,False,False,False,False,False
ICSA-26-218-01,2026-08-06,2026,True,ICSA,ABB,ABB Ability Zenon,High,7.8,13,True,0.83218,CWE-117;CWE-130;CWE-158;CWE-182;CWE-185;CWE-248;CWE-250;CWE-295;CWE-475;CWE-617;CWE-770;CWE-787,12,Chemical; Communications; Critical Manufacturing; Dams; Energy; Healthcare and Public Health; Information Technology; Water and Wastewater Systems,Switzerland,True,True,False,False,False
ICSA-26-218-02,2026-08-06,2026,True,ICSA,Johnson Controls Inc.,Johnson Controls Inc. TL280,Medium,4.1,1,False,0.00177,CWE-327,1,Critical Manufacturing; Commercial Facilities; Government Facilities; Transportation Systems; Energy,Ireland,True,True,False,False,False
ICSA-26-219-01,2026-08-07,2026,True,ICSA,Advisory Circular 90-117 Data Link Communications,CPDLC over ATN-B1 Vulnerabilities,High,7.1,5,False,0.002,CWE-306;CWE-754;CWE-770,3,Transportation Systems,Global,False,False,False,False,False
ICSA-26-225-01,2026-08-13,2026,True,ICSA,AVEVA,AVEVA Enterprise SCADA,High,7.1,1,False,0.00333,CWE-502,1,Critical Manufacturing,United Kingdom,False,False,False,False,False
ICSA-26-225-02,2026-08-13,2026,True,ICSA,Haiwell,Haiwell IoT Cloud HMI Gateway,Critical,10.0,1,False,0.01935,CWE-78,1,Energy; Critical Manufacturing; Water and Wastewater Systems,China,True,True,False,False,False
ICSA-26-225-03,2026-08-13,2026,True,ICSA,Johnson Controls Inc.,Johnson Controls Inc. Airwall,Medium,6.8,2,False,0.00267,CWE-73;CWE-321,2,Critical Manufacturing; Commercial Facilities; Government Facilities; Transportation Systems; Energy,Ireland,True,True,False,False,False
ICSA-26-225-04,2026-08-13,2026,True,ICSA,Hitachi Energy,Hitachi Energy APM Edge Product,High,8.8,2,False,0.93235,CWE-123;CWE-787,2,Energy,Switzerland,True,True,False,False,False
ICSA-26-225-05,2026-08-13,2026,True,ICSA,ANDRITZ,ANDRITZ HIPASE-250 and 250 SCALA,High,8.1,4,False,0.00318,CWE-257;CWE-306;CWE-798,3,Energy,Austria,True,True,False,False,False
ICSA-26-225-06,2026-08-12,2026,True,ICSA,Siemens,Siemens RUGGEDCOM APE1808,Medium,6.1,2,False,0.00385,CWE-22;CWE-79,2,Critical Manufacturing; Energy; Transportation Systems,Germany,True,True,False,False,False
ICSA-26-225-07,2026-08-13,2026,True,ICSA,Siemens,Siemens License Server (SLS),High,7.5,2,False,0.00472,CWE-35;CWE-732,2,Information Technology,Germany,False,False,False,False,False
ICSA-26-225-08,2026-08-13,2026,True,ICSA,Siemens,Siemens Desigo DXR and PXC Controllers,Medium,4.3,1,False,0.00167,CWE-754,1,Commercial Facilities; Critical Manufacturing; Energy; Healthcare and Public Health; Transportation Systems,Germany,True,True,False,False,False
ICSA-26-225-09,2026-08-13,2026,True,ICSA,Siemens,Siemens Siveillance Video,Critical,9.1,1,False,0.00782,CWE-78,1,Critical Manufacturing; Communications; Commercial Facilities,Germany,False,False,False,False,False
ICSA-26-225-10,2026-08-13,2026,True,ICSA,Siemens,Siemens Parasolid,High,7.8,1,False,0.00113,CWE-125,1,Critical Manufacturing,Germany,False,False,False,False,False
ICSA-26-225-11,2026-08-13,2026,True,ICSA,Siemens,Siemens Simcenter Femap,High,7.8,2,False,0.00113,CWE-125,1,Critical Manufacturing,Germany,False,False,False,False,False
ICSA-26-225-12,2026-08-13,2026,True,ICSA,Siemens,Siemens Solid Edge,High,7.8,7,False,0.00113,CWE-125;CWE-416;CWE-787,3,Critical Manufacturing,Germany,False,False,False,False,False
ICSA-26-225-13,2026-08-13,2026,True,ICSA,Siemens,Siemens LOGO! Soft Comfort,Medium,6.8,2,False,0.00112,CWE-321;CWE-759,2,Commercial Facilities; Transportation Systems,Germany,False,False,False,False,False
ICSA-26-225-14,2026-08-13,2026,True,ICSA,Johnson Controls Inc.,Johnson Controls Metasys,High,8.0,1,False,0.00295,CWE-79,1,Critical Manufacturing; Commercial Facilities; Government Facilities; Transportation Systems; Energy,Ireland,True,True,False,False,False
ICSA-26-230-01,2026-08-18,2026,True,ICSA,CISA,CISA Malcolm,High,8.8,6,False,0.00387,CWE-22;CWE-409;CWE-434;CWE-770;CWE-863,5,Information Technology,United States,False,False,False,False,False
ICSA-26-230-02,2026-08-18,2026,True,ICSA,Siemens,Siemens Simcenter Nastran,High,7.8,1,False,0.00117,CWE-121,1,Critical Manufacturing; Defense Industrial Base; Energy; Healthcare and Public Health; Transportation Systems,Germany,True,True,False,False,False
ICSA-26-232-01,2026-08-20,2026,True,ICSA,Johnson Controls Inc.,Johnson Controls Simplex Incident Manager,Medium,5.8,1,False,0.00065,CWE-316,1,Critical Manufacturing; Commercial Facilities; Government Facilities; Transportation Systems; Energy,Ireland,True,True,False,False,False
ICSA-26-237-01,2026-08-25,2026,True,ICSA,Rently,Rently Smart Home,High,8.1,1,False,0.0035,CWE-522,1,Commercial Facilities; Communications; Information Technology,United States,False,False,False,False,False
ICSA-26-237-02,2026-08-25,2026,True,ICSA,Zoneminder,Zoneminder,High,8.8,1,False,0.02315,CWE-78,1,Information Technology,United States,False,False,False,False,False
ICSA-26-237-03,2026-08-25,2026,True,ICSA,Siemens,Siemens SIMATIC IoT2050 Advanced,Critical,10.0,1,False,0.00654,CWE-306,1,Chemical; Critical Manufacturing; Energy; Transportation Systems,Germany,True,True,True,False,False
ICSA-26-237-04,2026-08-25,2026,True,ICSA,PayRange,PayRange API,High,8.8,1,False,0.00442,CWE-862,1,Commercial Facilities,United States,False,False,False,False,False
ICSA-26-237-05,2026-08-25,2026,True,ICSA,Bendix,Bendix EC80 Brake ECU,High,7.5,3,False,0.00334,CWE-121;CWE-787;CWE-798,3,Transportation Systems,United States,False,False,False,False,False
ICSA-26-237-06,2026-08-25,2026,True,ICSA,Ebyte,Ebyte NE2-D11,Critical,9.8,11,False,0.0053,CWE-306;CWE-307;CWE-319;CWE-352;CWE-522;CWE-598;CWE-603;CWE-862;CWE-1021,9,Critical Manufacturing; Energy,China,True,True,False,False,False
ICSA-26-237-07,2026-08-25,2026,True,ICSA,"FURUNO ELECTRIC CO.,LTD.",FURUNO FA-50 Class B AIS Transponder,Critical,9.1,2,False,0.00331,CWE-306;CWE-798,2,Transportation Systems,Japan,False,False,False,False,False
ICSA-26-239-01,2026-08-27,2026,True,ICSA,Xiiaozet,Xiiaozet LK100W,Critical,9.8,3,False,0.0122,CWE-78;CWE-288;CWE-306,3,Information Technology,China,False,False,False,False,False
ICSA-26-239-02,2026-08-27,2026,True,ICSA,All-Line Equipment Company,All-Line Equipment Company Fuel-Boss,High,8.7,2,True,0.9978,CWE-88;CWE-120,2,Critical Manufacturing; Defense Industrial Base; Emergency Services; Transportation Systems,United States,False,False,False,False,False
ICSA-26-239-03,2026-08-27,2026,True,ICSA,Rockwell Automation,Rockwell Automation OTTO Fleet Manager,Medium,6.8,1,False,0.00113,CWE-916,1,Critical Manufacturing; Transportation Systems,United States,False,False,False,False,False
ICSA-26-239-04,2026-08-27,2026,True,ICSA,Applied Systems Engineering,Applied Systems Engineering ASE2000 V2 Communications Test Set,Critical,9.8,2,False,0.17366,CWE-295;CWE-611,2,Chemical; Critical Manufacturing; Energy; Water and Wastewater Systems,United States,True,True,False,False,False
ICSA-26-239-05,2026-08-27,2026,True,ICSA,Ebyte,Ebyte NA111-M,Critical,9.8,13,False,0.0053,CWE-306;CWE-307;CWE-312;CWE-319;CWE-327;CWE-352;CWE-598;CWE-603;CWE-862;CWE-1021;CWE-1390,11,Information Technology,China,False,False,False,False,False
ICSA-26-244-01,2026-09-01,2026,True,ICSA,Rockwell Automation,Rockwell Automation RSLinx Classic,High,8.6,4,False,0.00312,CWE-120;CWE-190;CWE-191,3,Critical Manufacturing,United States,False,False,False,False,False
ICSA-26-244-02,2026-09-01,2026,True,ICSA,Rockwell Automation,Rockwell Automation Redundancy Module Configuration Tool,High,7.3,2,False,0.00091,CWE-276,1,Critical Manufacturing,United States,False,False,False,False,False
ICSA-26-244-03,2026-09-01,2026,True,ICSA,Rockwell Automation,Rockwell Automation Logix Platform,High,7.5,1,False,0.00312,CWE-119,1,Critical Manufacturing,United States,True,False,True,False,False
ICSA-26-244-04,2026-09-01,2026,True,ICSA,Rockwell Automation,Rockwell Automation FactoryTalk Activation Manager,High,7.8,1,False,0.00105,CWE-307,1,Critical Manufacturing,United States,False,False,False,False,False
ICSA-26-244-05,2026-09-01,2026,True,ICSA,Rockwell Automation,"Rockwell Automation ControlLogix, CompactLogix, CompactLogix 5480, GuardLogix, Compact GuardLogix",High,7.5,1,False,0.03348,CWE-835,1,Critical Manufacturing,United States,True,False,True,False,False
ICSA-26-244-06,2026-09-01,2026,True,ICSA,Rockwell Automation,Rockwell Automation Historian ME,High,8.0,2,False,0.00285,CWE-121;CWE-787,2,Chemical; Critical Manufacturing; Food and Agriculture; Healthcare and Public Health; Water and Wastewater Systems,United States,False,False,False,False,False
ICSA-26-246-01,2026-09-03,2026,True,ICSA,OPC Foundation,OPC Foundation OPC UA LocalDiscoveryServer (LDS),Medium,4.6,1,False,,CWE-250,1,Chemical; Energy; Food and Agriculture; Water and Wastewater Systems; Critical Manufacturing,United States,True,True,False,False,False
ICSA-26-246-02,2026-09-03,2026,True,ICSA,IXON,IXON VPN Client,Critical,9.6,1,False,0.00671,CWE-93,1,Commercial Facilities; Critical Manufacturing; Energy; Information Technology; Water and Wastewater Systems,Netherlands,True,True,False,False,False
ICSA-26-246-03,2026-09-03,2026,True,ICSA,Rockwell Automation,Rockwell Automation ControlFLASH,High,7.3,1,False,0.00105,CWE-306,1,Critical Manufacturing; Energy; Water and Wastewater Systems,United States,True,True,False,False,False
ICSA-26-246-04,2026-09-03,2026,True,ICSA,Rockwell Automation,Rockwell Automation ArmorStart LT,High,7.5,2,False,0.00289,CWE-79;CWE-770,2,Critical Manufacturing,United States,False,False,False,False,False
ICSA-26-246-05,2026-09-03,2026,True,ICSA,Rockwell Automation,Rockwell Automation 1756-ENBT Module,High,7.5,1,False,,CWE-754,1,Critical Manufacturing; Food and Agriculture; Transportation Systems; Water and Wastewater Systems,United States,False,False,False,False,False
ICSA-26-246-06,2026-09-03,2026,True,ICSA,Inductive Automation,Inductive Automation Ignition,High,8.8,1,False,0.00506,CWE-276,1,Critical Manufacturing; Energy; Information Technology,United States,True,True,False,False,False
ICSA-26-246-07,2026-09-03,2026,True,ICSA,Pyramid Solutions,Pyramid Solutions NetStaX EtherNet/IP Stack,Critical,9.8,1,False,0.00475,CWE-121,1,Critical Manufacturing; Energy; Water and Wastewater Systems; Chemical,United States,True,True,False,False,False
ICSA-26-246-08,2026-09-03,2026,True,ICSA,Tycon Systems,Tycon Systems TPDIN-Monitor-WEB3,High,8.8,3,False,0.00464,CWE-352;CWE-798;CWE-862,3,Critical Manufacturing; Energy,United States,True,True,False,False,False
ICSA-26-251-01,2026-09-08,2026,True,ICSA,CareCam,CareCam Pro IP Cameras,Medium,6.8,1,False,0.00294,CWE-798,1,Commercial Facilities,China,False,False,False,False,False
ICSA-26-253-01,2026-09-10,2026,True,ICSA,AVEVA,AVEVA Pipeline Integrity Monitor,High,8.4,4,False,0.00224,CWE-79;CWE-321;CWE-327;CWE-862,4,Critical Manufacturing,United Kingdom,False,False,False,False,False
ICSMA-16-089-01,2016-03-29,2016,True,ICSMA,"CareFusion, Becton, Dickinson and Company (BD)",CareFusion Pyxis SupplyStation System Vulnerabilities,Medium,5.5,0,False,,,0,Healthcare and Public Health,United States,False,False,False,False,False
ICSMA-16-196-01,2016-07-14,2016,True,ICSMA,Philips,Philips Xper-IM Connect Vulnerabilities,High,7.0,0,False,,CWE-94;CWE-119;CWE-189;CWE-200;CWE-399,5,Healthcare and Public Health,Netherlands,False,False,False,False,False
ICSMA-16-279-01,2016-10-05,2016,False,ICSMA,Animas,Animas OneTouch Ping Insulin Pump Vulnerabilities,Medium,5.7,3,False,0.04519,CWE-294;CWE-319;CWE-330,3,Healthcare and Public Health,United States,False,False,False,False,False
ICSMA-16-306-01,2016-11-01,2016,False,ICSMA,Smiths Medical,Smiths Medical CADD-Solis Medication Safety Software Vulnerabilities,Critical,9.2,2,False,0.01491,CWE-300;CWE-732,2,Healthcare and Public Health,United States,False,False,False,False,False
ICSMA-17-009-01,2017-01-09,2017,True,ICSMA,St. Jude Medical,St. Jude Merlin@home Transmitter Vulnerability (Update A),High,8.9,1,False,0.0124,CWE-300,1,Healthcare and Public Health,United States,False,False,False,False,False
ICSMA-17-017-01,2017-01-17,2017,True,ICSMA,"Becton, Dickinson and Company (BD)",BD Alaris 8000 Insufficiently Protected Credentials Vulnerability,Medium,4.9,1,False,0.01004,CWE-522,1,Healthcare and Public Health,United States,False,False,False,False,False
ICSMA-17-017-02,2017-01-17,2017,True,ICSMA,"Becton, Dickinson and Company (BD)",BD Alaris 8015 PC Unit (Update B),Medium,6.8,2,False,0.01004,CWE-254;CWE-522,2,Healthcare and Public Health,United States,False,False,False,False,False
ICSMA-17-082-01,2017-03-23,2017,True,ICSMA,"Becton, Dickinson and Company (BD)",BD Kiestra PerformA and KLA Journal Service Applications Hard-Coded Passwords Vulnerability,High,7.3,1,False,0.01752,CWE-259,1,Healthcare and Public Health,United States,False,False,False,False,False
ICSMA-17-082-02,2017-03-23,2017,True,ICSMA,B. Braun Medical Inc.,B. Braun Medical SpaceCom Open Redirect Vulnerability,Medium,5.4,1,False,0.00954,CWE-601,1,Healthcare and Public Health,United States,False,False,False,False,False
ICSMA-17-215-01,2017-08-03,2017,True,ICSMA,Siemens,Siemens Molecular Imaging Vulnerabilities,Critical,9.8,2,True,0.99823,CWE-94;CWE-119,2,Healthcare and Public Health,Germany,False,False,False,False,False
ICSMA-17-215-02,2017-08-03,2017,True,ICSMA,Siemens,Siemens Molecular Imaging Vulnerabilities,Critical,9.8,4,True,0.99999,CWE-94;CWE-119;CWE-264,3,Healthcare and Public Health,Germany,False,False,False,False,False
ICSMA-17-227-01,2017-08-15,2017,True,ICSMA,"BMC Medical, 3B Medical",BMC Medical and 3B Medical Luna CPAP Machine,Medium,4.6,1,False,0.01302,CWE-20,1,Healthcare and Public Health,China,False,False,False,False,False
ICSMA-17-229-01,2017-08-17,2017,True,ICSMA,Philips,Philips' DoseWise Portal Vulnerabilities,High,7.8,2,False,0.02268,CWE-312;CWE-798,2,Healthcare and Public Health,Netherlands,False,False,False,False,False
ICSMA-17-241-01,2017-08-29,2017,True,ICSMA,Abbott Laboratories,"Abbott Laboratories' Accent/Anthem, Accent MRI, Assurity/Allure, and Assurity MRI Pacemaker Vulnerabilities",Medium,5.3,3,False,0.01069,CWE-287;CWE-311;CWE-920,3,Healthcare and Public Health,United States,False,False,False,False,False
ICSMA-17-250-01,2017-09-07,2017,True,ICSMA,I-SENS Inc.,"i-SENS, Inc. SmartLog Diabetes Management Software",High,7.3,1,False,0.01761,CWE-428,1,Healthcare and Public Health,South Korea,False,False,False,False,False
ICSMA-17-250-02,2017-09-07,2017,True,ICSMA,Smiths Medical,Smiths Medical Medfusion 4000 Wireless Syringe Infusion Pump Vulnerabilities (Update A),High,7.0,8,False,0.12785,CWE-120;CWE-125;CWE-259;CWE-260;CWE-284;CWE-295;CWE-798,7,Healthcare and Public Health,United States,False,False,False,False,False
ICSMA-17-255-01,2017-09-12,2017,False,ICSMA,Philips,Philips' IntelliView MX40 Patient Worn Monitor (WLAN) Vulnerabilities,Medium,6.5,2,False,0.00826,CWE-460;CWE-755,2,Healthcare and Public Health,Netherlands,False,False,False,False,False
ICSMA-17-292-01,2017-10-19,2017,False,ICSMA,Boston Scientific,Boston Scientific ZOOM LATITUDE PRM Vulnerabilities,Medium,4.6,2,False,0.00393,CWE-311;CWE-321,2,Healthcare and Public Health,United States,False,False,False,False,False
ICSMA-17-318-01,2017-11-14,2017,False,ICSMA,Philips,Philips IntelliSpace Cardiovascular System and Xcelera System Vulnerability,High,7.2,1,False,0.02175,CWE-522,1,Healthcare and Public Health,Netherlands,False,False,False,False,False
ICSMA-17-332-01,2017-11-28,2017,False,ICSMA,Ethicon,Ethicon Endo-Surgery Generator G11 Vulnerability,Medium,4.8,1,False,0.00364,CWE-287,1,Healthcare and Public Health,United States,False,False,False,False,False
ICSMA-18-025-01,2018-01-25,2018,True,ICSMA,Philips,Philips IntelliSpace Cardiovascular System Vulnerability,Medium,6.7,1,False,0.00437,CWE-613,1,Healthcare and Public Health,Netherlands,False,False,False,False,False
ICSMA-18-037-01,2018-02-06,2018,True,ICSMA,Vyaire Medical,Vyaire Medical CareFusion Upgrade Utility Vulnerability,Medium,6.7,1,False,0.0036,CWE-427,1,Healthcare and Public Health,United States,False,False,False,False,False
ICSMA-18-037-02,2018-02-06,2018,True,ICSMA,GE,GE Medical Devices Vulnerability,Critical,9.8,23,False,0.04741,CWE-287,1,Healthcare and Public Health,United States,False,False,False,False,False
ICSMA-18-058-01,2018-02-27,2018,True,ICSMA,Medtronic,Medtronic 2090 Carelink Programmer Vulnerabilities (Update C),High,7.1,3,False,0.0132,CWE-23;CWE-257;CWE-923,3,Healthcare and Public Health,Ireland,False,False,False,False,False
ICSMA-18-058-02,2018-02-27,2018,True,ICSMA,Philips,Philips Intellispace Portal ISP Vulnerabilities,Medium,6.1,35,True,0.99999,CWE-20;CWE-200;CWE-264;CWE-310;CWE-428;CWE-489,6,Healthcare and Public Health,Netherlands,False,False,False,False,False
ICSMA-18-086-01,2018-03-27,2018,True,ICSMA,Philips,Philips Alice 6 Vulnerabilities (Update B),Medium,5.3,2,False,0.02646,CWE-287;CWE-311,2,Healthcare and Public Health,Netherlands,False,False,False,False,False
ICSMA-18-088-01,2018-03-29,2018,True,ICSMA,Philips,Philips iSite/IntelliSpace PACS Vulnerabilities (Update A),Critical,10.0,0,False,,CWE-17;CWE-19;CWE-20;CWE-78;CWE-79;CWE-94;CWE-119;CWE-200;CWE-254;CWE-255;CWE-262;CWE-264;CWE-284;CWE-287;CWE-295;CWE-310;CWE-319;CWE-326;CWE-362;CWE-399;CWE-400;CWE-416;CWE-428;CWE-476;CWE-521;CWE-611;CWE-613;CWE-798;CWE-928,29,Healthcare and Public Health,Netherlands,False,False,False,False,False
ICSMA-18-107-01,2018-04-17,2018,True,ICSMA,Abbott Laboratories,Abbott Laboratories Defibrillator,High,7.5,2,False,0.01069,CWE-287;CWE-920,2,Healthcare and Public Health,United States,False,False,False,False,False
ICSMA-18-107-02,2018-04-17,2018,True,ICSMA,Biosense Webster,Biosense Webster Carto 3 System Vulnerabilities,Medium,5.0,183,True,0.99933,CWE-19;CWE-20;CWE-79;CWE-119;CWE-190;CWE-200;CWE-254;CWE-264;CWE-284;CWE-287;CWE-352;CWE-611,12,Healthcare and Public Health,United States,False,False,False,False,True
ICSMA-18-114-01,2018-04-24,2018,True,ICSMA,"Becton, Dickinson and Company (BD)",BD Pyxis,Medium,6.8,9,False,0.04575,CWE-323,1,Healthcare and Public Health,United States,False,False,False,False,False
ICSMA-18-123-01,2018-05-03,2018,True,ICSMA,Philips,Philips Brilliance Computed Tomography (CT) System (Update A),High,8.4,3,False,0.00405,CWE-250;CWE-668;CWE-798,3,Healthcare and Public Health,Netherlands,False,False,False,False,False
ICSMA-18-128-01,2018-05-08,2018,True,ICSMA,Silex Technology,Silex Technology SX-500/SD-320AN or GE Healthcare MobileLink (Update B),High,7.4,2,False,0.01348,CWE-78;CWE-287,2,Healthcare and Public Health,United States,False,False,False,False,False
ICSMA-18-137-01,2018-05-17,2018,True,ICSMA,Medtronic,Medtronic N'Vision Clinician Programmer (Update A),Medium,6.3,2,False,0.00411,CWE-311;CWE-693,2,Healthcare and Public Health,Ireland,False,False,False,False,False
ICSMA-18-142-01,2018-05-22,2018,True,ICSMA,"Becton, Dickinson and Company (BD)",BD Kiestra and InoquIA Systems (Update A),Medium,6.3,2,False,0.00412,CWE-356,1,Healthcare and Public Health,United States,False,False,False,False,False
ICSMA-18-144-01,2018-05-24,2018,True,ICSMA,BeaconMedaes,BeaconMedaes TotalAlert Scroll Medical Air Systems,High,7.5,3,False,0.01402,CWE-256;CWE-284;CWE-522,3,Healthcare and Public Health,United States,False,False,False,False,False
ICSMA-18-156-01,2018-06-05,2018,True,ICSMA,Philips,Philips' IntelliVue Patient and Avalon Fetal Monitors,High,8.3,3,False,0.00418,CWE-121;CWE-200;CWE-287,3,Healthcare and Public Health,Netherlands,False,False,False,False,False
ICSMA-18-165-01,2018-06-14,2018,True,ICSMA,Natus Medical Inc,Natus Xltek NeuroWorks,Critical,10.0,8,False,0.03383,CWE-121;CWE-125,2,Healthcare and Public Health,United States,False,False,False,False,False
ICSMA-18-179-01,2018-06-28,2018,True,ICSMA,Medtronic,Medtronic MyCareLink Patient Monitor,Medium,6.4,2,False,0.00362,CWE-259;CWE-749,2,Healthcare and Public Health,Ireland,False,False,False,False,False
ICSMA-18-219-01,2018-08-07,2018,True,ICSMA,Medtronic,Medtronic MyCareLink 24950 Patient Monitor (Update A),Medium,6.8,2,False,0.00364,CWE-313;CWE-345,2,Healthcare and Public Health,Ireland,False,False,False,False,False
ICSMA-18-219-02,2018-08-07,2018,True,ICSMA,Medtronic,Medtronic MiniMed MMT-500/MMT-503 Remote Controllers (Update A),Medium,5.3,2,False,0.00712,CWE-294;CWE-319,2,Healthcare and Public Health,Ireland,False,False,False,False,False
ICSMA-18-226-01,2018-08-14,2018,True,ICSMA,Philips,Philips IntelliSpace Cardiovascular Vulnerabilities,High,7.3,2,False,0.00446,CWE-269;CWE-428,2,Healthcare and Public Health,Netherlands,False,False,False,False,False
ICSMA-18-228-01,2018-08-16,2018,True,ICSMA,Philips,"Philips PageWriter TC10, TC20, TC30, TC50, and TC70 Cardiographs (Update A)",Medium,6.1,2,False,0.005,CWE-20;CWE-798,2,Healthcare and Public Health,Netherlands,False,False,False,False,False
ICSMA-18-233-01,2018-08-21,2018,True,ICSMA,Philips,Philips IntelliVue Information Center iX (Update B),Medium,5.7,1,False,0.14515,CWE-400,1,Healthcare and Public Health,Netherlands,False,False,False,False,False
ICSMA-18-235-01,2018-08-23,2018,True,ICSMA,"Becton, Dickinson and Company (BD)",BD Alaris Plus,Critical,9.4,1,False,0.03058,CWE-287,1,Healthcare and Public Health,United States,False,False,False,False,False
ICSMA-18-240-01,2018-08-28,2018,True,ICSMA,Qualcomm Life,Qualcomm Life Capsule,Critical,9.8,1,False,0.63748,CWE-17,1,Healthcare and Public Health,United States,False,False,False,False,False
ICSMA-18-277-01,2018-10-04,2018,False,ICSMA,Carestream,Carestream Vue RIS,Low,3.7,1,False,0.00735,CWE-209,1,Healthcare and Public Health,United States,False,False,False,False,False
ICSMA-18-277-02,2018-10-04,2018,False,ICSMA,Change Healthcare,Change Healthcare PeerVue Web Server,Medium,4.3,1,False,0.00877,CWE-209,1,Healthcare and Public Health,United States,False,False,False,False,False
ICSMA-18-310-01,2018-11-06,2018,False,ICSMA,Roche,Roche Diagnostics Point of Care Handheld Medical Devices (Update A),High,8.3,5,False,0.0097,CWE-78;CWE-284;CWE-287;CWE-434,4,Healthcare and Public Health,Switzerland,False,False,False,False,False
ICSMA-18-312-01,2018-11-08,2018,False,ICSMA,Philips,Philips iSite and IntelliSpace PACS,Medium,6.3,1,False,0.00812,CWE-521,1,Healthcare and Public Health,Netherlands,False,False,False,False,False
ICSMA-18-340-01,2018-12-06,2018,False,ICSMA,Philips,Philips HealthSuite Health Android App,Low,3.5,1,False,0.00158,CWE-326,1,Healthcare and Public Health,Netherlands,False,False,False,False,False
ICSMA-18-347-01,2018-12-13,2018,False,ICSMA,Medtronic,"Medtronic 9790, 2090 CareLink, and 29901 Encore Programmers",Medium,4.6,1,False,0.00315,CWE-311,1,Healthcare and Public Health,Ireland,False,False,False,False,False
ICSMA-19-022-01,2019-01-22,2019,True,ICSMA,Drager,Drager Infinity Delta,High,8.4,3,False,0.00786,CWE-20;CWE-269;CWE-532,3,Healthcare and Public Health,Germany,False,False,False,False,False
ICSMA-19-029-01,2019-01-29,2019,True,ICSMA,Stryker,Stryker Medical Beds,Medium,6.8,1,False,0.02388,CWE-323,1,Healthcare and Public Health,United States,False,False,False,False,False
ICSMA-19-029-02,2019-01-29,2019,True,ICSMA,"Becton, Dickinson and Company (BD)",BD FACSLyric (Update A),Medium,6.8,1,False,0.00417,CWE-284,1,Healthcare and Public Health,United States,False,False,False,False,False
ICSMA-19-080-01,2019-03-21,2019,True,ICSMA,Medtronic,Medtronic Conexus Radio Frequency Telemetry Protocol (Update C),Critical,9.3,2,False,0.00895,CWE-284;CWE-319,2,Healthcare and Public Health,Ireland,False,False,False,False,False
ICSMA-19-113-01,2019-04-23,2019,True,ICSMA,Fujifilm,Fujifilm FCR Capsula X/Carbon X,Critical,9.8,2,False,0.03633,CWE-284;CWE-400,2,Healthcare and Public Health,Japan,False,False,False,False,False
ICSMA-19-120-01,2019-04-30,2019,True,ICSMA,Philips,Philips Tasy EMR (Update A),Medium,4.3,2,False,0.01154,CWE-79;CWE-200,2,Healthcare and Public Health,Netherlands,False,False,False,False,False
ICSMA-19-164-01,2019-06-13,2019,True,ICSMA,"Becton, Dickinson and Company (BD)",BD Alaris Gateway Workstation,Critical,10.0,2,False,0.02528,CWE-284;CWE-434,2,Healthcare and Public Health,United States,False,False,False,False,False
ICSMA-19-178-01,2019-06-27,2019,True,ICSMA,Medtronic,Medtronic MiniMed 508 and Paradigm Series Insulin Pumps,High,7.1,1,False,0.01234,CWE-284,1,Healthcare and Public Health,Ireland,False,False,False,False,False
ICSMA-19-190-01,2019-07-09,2019,True,ICSMA,GE,GE Aestiva and Aespire Anesthesia (Update A),Medium,5.3,1,False,0.01336,CWE-287,1,Healthcare and Public Health,United States,False,False,False,False,False
ICSMA-19-192-01,2019-07-11,2019,True,ICSMA,Philips,Philips Holter 2010 Plus,Low,1.9,1,False,0.00335,CWE-477,1,Healthcare and Public Health,Netherlands,False,False,False,False,False
ICSMA-19-241-01,2019-08-29,2019,True,ICSMA,Change Healthcare,Change Healthcare McKesson and Horizon Cardiology,High,7.8,1,False,0.00328,CWE-276,1,Healthcare and Public Health,United States,False,False,False,False,False
ICSMA-19-241-02,2019-08-29,2019,True,ICSMA,Philips,Philips HDI 4000 Ultrasound,Low,3.0,1,False,0.00344,CWE-477,1,Healthcare and Public Health,Netherlands,False,False,False,False,False
ICSMA-19-248-01,2019-09-05,2019,True,ICSMA,"Becton, Dickinson and Company (BD)",BD Pyxis (Update A),High,7.6,1,False,0.01288,CWE-384,1,Healthcare and Public Health,United States,False,False,False,False,False
ICSMA-19-255-01,2019-09-12,2019,False,ICSMA,Philips,Philips IntelliVue WLAN,Medium,6.4,2,False,0.01358,CWE-259;CWE-494,2,Healthcare and Public Health,Netherlands,False,False,False,False,False
ICSMA-19-274-01,2019-10-01,2019,False,ICSMA,"ENEA, Green Hills Software, ITRON, IP Infusion, Wind River",Interpeak IPnet TCP/IP Stack (Update D),Critical,9.8,11,False,0.84177,CWE-88;CWE-119;CWE-121;CWE-122;CWE-191;CWE-362;CWE-476,7,Critical Manufacturing; Information Technology; Healthcare and Public Health; Transportation Systems; Water and Wastewater,United States,False,False,False,False,False
ICSMA-19-297-01,2019-10-24,2019,False,ICSMA,Philips,Philips IntelliSpace Perinatal,Medium,6.1,1,False,0.00404,CWE-668,1,Healthcare and Public Health,Netherlands,False,False,False,False,False
ICSMA-19-311-01,2019-11-07,2019,False,ICSMA,Medtronic,Medtronic Valleylab FT10 and LS10,Medium,4.8,2,False,0.00388,CWE-287;CWE-693,2,Healthcare and Public Health,Ireland,False,False,False,False,False
ICSMA-19-311-02,2019-11-07,2019,False,ICSMA,Medtronic,Medtronic Valleylab FT10 and FX8,Critical,9.8,4,False,0.04869,CWE-20;CWE-328;CWE-798,3,Healthcare and Public Health,Ireland,False,False,False,False,False
ICSMA-19-318-01,2019-11-14,2019,False,ICSMA,Philips,Philips IntelliBridge EC40/80 (Update A),Medium,6.3,1,False,0.00328,CWE-326,1,Healthcare and Public Health,Netherlands,False,False,False,False,False
ICSMA-19-353-01,2019-12-19,2019,False,ICSMA,Philips,"Philips Veradius Unity, Pulsera, and Endura Dual WAN Routers",Medium,5.3,1,False,0.00195,CWE-326,1,Healthcare and Public Health,Netherlands,False,False,False,False,False
ICSMA-20-023-01,2020-01-23,2020,True,ICSMA,GE,"GE CARESCAPE, ApexPro, and Clinical Information Center systems",Critical,10.0,6,False,0.04932,CWE-20;CWE-256;CWE-306;CWE-326;CWE-434;CWE-798,6,Healthcare and Public Health,United States,False,False,False,False,False
ICSMA-20-049-01,2020-02-18,2020,True,ICSMA,Spacelabs,Spacelabs Xhibit Telemetry Receiver (XTR),Critical,9.8,1,True,0.99999,CWE-20,1,Healthcare and Public Health,United States,False,False,False,False,False
ICSMA-20-049-02,2020-02-18,2020,True,ICSMA,GE Healthcare,GE Healthcare Ultrasound Products (Update A),High,8.4,2,False,0.00428,CWE-286;CWE-693,2,Healthcare and Public Health,United States,False,False,False,False,False
ICSMA-20-079-01,2020-03-19,2020,True,ICSMA,Insulet,Insulet Omnipod,High,7.3,1,False,0.00477,CWE-284,1,Healthcare and Public Health,United States,False,False,False,False,False
ICSMA-20-091-01,2020-03-31,2020,True,ICSMA,"Becton, Dickinson and Company (BD)",BD Pyxis MedStation and Pyxis Anesthesia (PAS) ES System,Medium,6.8,1,False,0.00334,CWE-693,1,Healthcare and Public Health,United States,False,False,False,False,False
ICSMA-20-163-01,2020-06-11,2020,True,ICSMA,Philips,Philips IntelliBridge Enterprise IBE,Low,2.0,1,False,0.0052,CWE-532,1,Healthcare and Public Health,Netherlands,False,False,False,False,False
ICSMA-20-170-01,2020-06-18,2020,True,ICSMA,Baxter,Baxter ExactaMix (Update A),High,8.1,7,True,0.93307,CWE-20;CWE-259;CWE-284;CWE-311;CWE-319;CWE-668,6,Healthcare and Public Health,United States,False,False,False,False,False
ICSMA-20-170-02,2020-06-18,2020,True,ICSMA,Baxter,Baxter PrismaFlex and PrisMax (Update B),High,7.6,3,False,0.00496,CWE-259;CWE-287;CWE-319,3,Healthcare and Public Health,United States,False,False,False,False,False
ICSMA-20-170-03,2020-06-18,2020,True,ICSMA,Baxter,Baxter Phoenix Hemodialysis Delivery System (Update A),High,7.5,1,False,0.00452,CWE-319,1,Healthcare and Public Health,United States,False,False,False,False,False
ICSMA-20-170-04,2020-06-18,2020,True,ICSMA,Baxter,Baxter Sigma Spectrum Infusion Pumps (Update B),High,8.6,6,False,0.02098,CWE-259;CWE-319;CWE-672;CWE-732,4,Healthcare and Public Health,United States,False,False,False,False,False
ICSMA-20-170-05,2020-06-18,2020,True,ICSMA,BIOTRONIK,BIOTRONIK CardioMessenger II,Medium,4.6,5,False,0.00464,CWE-257;CWE-287;CWE-311;CWE-319,4,Healthcare and Public Health,Germany,False,False,False,False,False
ICSMA-20-170-06,2020-06-18,2020,True,ICSMA,"Becton, Dickinson and Company (BD)",BD Alaris PCU (Update A),Medium,5.3,1,False,0.9166,CWE-400,1,Healthcare and Public Health,United States,False,False,False,False,False
ICSMA-20-177-01,2020-06-25,2020,True,ICSMA,Philips,Philips Ultrasound Systems,Low,3.6,1,False,0.00286,CWE-288,1,Healthcare and Public Health,Netherlands,False,False,False,False,False
ICSMA-20-184-01,2020-07-02,2020,True,ICSMA,OpenClinic GA,OpenClinic GA (Update B),Critical,9.8,14,False,0.9895,CWE-22;CWE-79;CWE-250;CWE-285;CWE-287;CWE-288;CWE-307;CWE-434;CWE-522;CWE-862;CWE-912;CWE-1104,12,Healthcare and Public Health,Open-source,False,False,False,False,False
ICSMA-20-196-01,2020-07-14,2020,True,ICSMA,Capsule Technologies Inc,Capsule Technologies SmartLinx Neuron 2 (Update A),High,7.6,1,False,0.00472,CWE-693,1,Healthcare and Public Health,United States,False,False,False,False,False
ICSMA-20-212-01,2020-07-30,2020,True,ICSMA,Philips,Philips DreamMapper,Medium,5.3,1,False,0.01346,CWE-532,1,Healthcare and Public Health,Netherlands,False,False,False,False,False
ICSMA-20-233-01,2020-08-20,2020,True,ICSMA,Philips,Philips SureSigns VS4,Medium,6.3,3,False,0.01003,CWE-20;CWE-284;CWE-287,3,Healthcare and Public Health,Netherlands,False,False,False,False,False
ICSMA-20-254-01,2020-09-12,2020,False,ICSMA,Philips,Philips Patient Monitoring Devices (Update C),Medium,6.8,8,False,0.00698,CWE-20;CWE-79;CWE-130;CWE-287;CWE-299;CWE-668;CWE-1236;CWE-1286,8,Healthcare and Public Health,Netherlands,False,False,False,False,False
ICSMA-20-261-01,2020-09-17,2020,False,ICSMA,Philips,Philips Clinical Collaboration Platform,Medium,6.8,5,False,0.00621,CWE-16;CWE-83;CWE-352;CWE-693;CWE-757,5,Healthcare and Public Health,Netherlands,False,False,False,False,False
ICSMA-20-296-01,2020-10-22,2020,False,ICSMA,B. Braun Melsungen AG,B. Braun OnlineSuite,High,8.6,3,False,0.02033,CWE-23;CWE-427;CWE-1236,3,Healthcare and Public Health,Germany,False,False,False,False,False
ICSMA-20-296-02,2020-10-22,2020,False,ICSMA,B. Braun Melsungen AG,"B. Braun SpaceCom, Battery Pack SP with Wi-Fi, and Data module compactplus (Update A)",High,7.6,11,False,0.01879,CWE-23;CWE-79;CWE-269;CWE-284;CWE-347;CWE-384;CWE-489;CWE-601;CWE-643;CWE-759;CWE-798,11,Healthcare and Public Health,Germany,False,False,False,False,False
ICSMA-20-317-01,2020-11-12,2020,False,ICSMA,"Becton, Dickinson and Company (BD)",BD Alaris 8015 PC Unit and BD Alaris Systems Manager,Medium,6.5,1,False,0.01715,CWE-287,1,Healthcare and Public Health,United States,False,False,False,False,False
ICSMA-20-343-01,2020-12-08,2020,False,ICSMA,GE Healthcare,GE Healthcare Imaging and Ultrasound Products,Critical,9.8,2,False,0.01502,CWE-497;CWE-523,2,Healthcare and Public Health,United States,False,False,False,False,False
ICSMA-20-345-01,2020-12-10,2020,False,ICSMA,Medtronic,Medtronic MyCareLink Smart,High,8.8,3,False,0.03931,CWE-122;CWE-287;CWE-367,3,Healthcare and Public Health,Ireland,False,False,False,False,False
ICSMA-21-007-01,2021-01-07,2021,True,ICSMA,Innokas YhtymÃƒÂ¤ Oy,Innokas YhtymÃƒÂ¤ Oy Vital Signs Monitor,Medium,5.3,2,False,0.00675,CWE-74;CWE-79,2,Healthcare and Public Health,Finland,False,False,False,False,False
ICSMA-21-012-01,2021-01-12,2021,True,ICSMA,SOOIL Development Co. Ltd.,SOOIL Dana Diabecare RS Products,High,7.6,9,False,0.00581,CWE-290;CWE-294;CWE-322;CWE-330;CWE-522;CWE-523;CWE-602;CWE-603;CWE-798,9,Healthcare and Public Health,South Korea,False,False,False,False,False
ICSMA-21-019-01,2021-01-19,2021,True,ICSMA,Philips,Philips Interventional Workstations,Medium,6.5,1,False,0.00887,CWE-78,1,Healthcare and Public Health,Netherlands,False,False,False,False,False
ICSMA-21-047-01,2021-02-16,2021,True,ICSMA,Hamilton Medical AG,Hamilton-T1,Medium,4.3,3,False,0.00283,CWE-112;CWE-200;CWE-798,3,Healthcare and Public Health,Switzerland,False,False,False,False,False
ICSMA-21-084-01,2021-03-25,2021,True,ICSMA,Philips,Philips Gemini PET/CT Family,Low,2.4,1,False,0.0024,CWE-921,1,Healthcare and Public Health,Netherlands,False,False,False,False,False
ICSMA-21-152-01,2021-06-01,2021,True,ICSMA,Hillrom,Hillrom Medical Device Management (Update C),Medium,5.9,2,False,0.01859,CWE-125;CWE-787,2,Healthcare and Public Health,United States,False,False,False,False,False
ICSMA-21-161-01,2021-06-10,2021,True,ICSMA,ZOLL,ZOLL Defibrillator Dashboard,Critical,9.9,6,False,0.01291,CWE-79;CWE-257;CWE-269;CWE-312;CWE-321;CWE-434,6,Healthcare and Public Health,United States,False,False,False,False,False
ICSMA-21-175-01,2021-06-24,2021,True,ICSMA,Philips,Philips Interoperability Solution XDS,Low,3.7,1,False,0.00458,CWE-319,1,Healthcare and Public Health,Netherlands,False,False,False,False,False
ICSMA-21-187-01,2021-07-06,2021,True,ICSMA,Philips,Philips Vue PACS (Update C),Critical,9.8,17,True,0.9927,CWE-20;CWE-23;CWE-79;CWE-119;CWE-176;CWE-287;CWE-319;CWE-324;CWE-327;CWE-522;CWE-665;CWE-693;CWE-707;CWE-710;CWE-1188;CWE-1214,16,Healthcare and Public Health,Netherlands,False,False,False,False,False
ICSMA-21-196-01,2021-07-15,2021,True,ICSMA,Ypsomed,Ypsomed mylife,High,6.3,4,False,0.01105,CWE-329;CWE-522;CWE-798,3,Healthcare and Public Health,Switzerland,False,False,False,False,False
ICSMA-21-215-01,2021-08-03,2021,True,ICSMA,Swisslog Healthcare,Swisslog Healthcare Translogic PTS,Critical,9.8,8,False,0.08227,CWE-191;CWE-250;CWE-259;CWE-287;CWE-494;CWE-787,6,Healthcare,Switzerland,False,False,False,False,False
ICSMA-21-273-01,2021-09-30,2021,False,ICSMA,Boston Scientific,Boston Scientific Zoom Latitude,Medium,6.9,5,False,0.00425,CWE-284;CWE-353;CWE-916;CWE-1278;CWE-1329,5,Healthcare and Public Health,United States,False,False,False,False,False
ICSMA-21-294-01,2021-10-21,2021,False,ICSMA,B. Braun Melsungen AG,B. Braun Infusomat Space Large Volume Pump (Update A),Critical,9.0,5,False,0.0558,CWE-20;CWE-306;CWE-319;CWE-345;CWE-434,5,Healthcare and Public Health,Germany,False,False,False,False,False
ICSMA-21-308-01,2021-11-04,2021,False,ICSMA,Philips,Philips Tasy EMR,High,8.8,2,False,0.0125,CWE-89,1,Healthcare and Public Health,Netherlands,False,False,False,False,False
ICSMA-21-313-01,2021-11-09,2021,False,ICSMA,Philips,Philips MRI 1.5T and 3T,Medium,6.2,3,False,0.00688,CWE-200;CWE-284;CWE-708,3,Healthcare and Public Health,Netherlands,False,False,False,False,False
ICSMA-21-322-01,2021-11-18,2021,False,ICSMA,Philips,Philips IntelliBridge EC 40 and EC 80 Hub,High,8.1,2,False,0.00453,CWE-288;CWE-798,2,Healthcare and Public Health,Netherlands,False,False,False,False,False
ICSMA-21-322-02,2021-11-18,2021,False,ICSMA,Philips,Philips Patient Information Center iX (PIC iX) and Efficia CM Series (Update A),Medium,6.5,3,False,0.00366,CWE-20;CWE-321;CWE-327,3,Healthcare and Public Health,Netherlands,False,False,False,False,False
ICSMA-21-343-01,2021-12-09,2021,False,ICSMA,Hillrom,Hillrom Welch Allyn Cardio Products,High,8.1,1,False,0.01076,CWE-288,1,Healthcare and Public Health,United States,False,False,False,False,False
ICSMA-21-355-01,2021-12-21,2021,False,ICSMA,Fresenius Kabi,Fresenius Kabi Agilia Connect Infusion System (Update A),High,7.5,13,False,0.01158,CWE-79;CWE-256;CWE-284;CWE-327;CWE-400;CWE-522;CWE-548;CWE-552;CWE-603;CWE-798;CWE-1104,11,Healthcare and Public Health,Germany,False,False,False,False,False
ICSMA-22-006-01,2022-01-06,2022,True,ICSMA,Philips,Philips Engage Software,Low,2.6,1,False,0.00524,CWE-284,1,Healthcare and Public Health,Netherlands,False,False,False,False,False
ICSMA-22-062-01,2022-03-03,2022,True,ICSMA,"Becton, Dickinson and Company (BD)",BD Pyxis,High,7.0,1,False,0.00228,CWE-798,1,Healthcare and Public Health,United States,False,False,False,False,False
ICSMA-22-062-02,2022-03-03,2022,True,ICSMA,"Becton, Dickinson and Company (BD)",BD Viper LT,High,8.0,1,False,0.00231,CWE-798,1,Healthcare and Public Health,United States,False,False,False,False,False
ICSMA-22-088-01,2022-03-29,2022,True,ICSMA,Philips,Philips e-Alert,Medium,6.5,1,False,0.00396,CWE-306,1,Healthcare and Public Health,Netherlands,False,False,False,False,False
ICSMA-22-095-01,2022-04-05,2022,True,ICSMA,LifePoint Informatics,LifePoint Informatics Patient Portal,Medium,6.5,1,False,0.00884,CWE-288,1,Healthcare and Public Health,United States,False,False,False,False,False
ICSMA-22-151-01,2022-05-31,2022,True,ICSMA,"Becton, Dickinson and Company (BD)",BD Pyxis,High,8.8,1,False,0.00409,CWE-262,1,Healthcare and Public Health,United States,False,False,False,False,False
ICSMA-22-151-02,2022-05-31,2022,True,ICSMA,"Becton, Dickinson and Company (BD)",BD Synapsys,Medium,5.7,1,False,0.00223,CWE-613,1,Healthcare and Public Health,United States,False,False,False,False,False
ICSMA-22-167-01,2022-06-16,2022,True,ICSMA,Hillrom,Hillrom Medical Device Management,High,7.7,2,False,0.00287,CWE-259;CWE-284,2,Healthcare and Public Health,United States,False,False,False,False,False
ICSMA-22-174-01,2022-06-23,2022,True,ICSMA,OFFIS,OFFIS DCMTK,High,7.5,3,False,0.03199,CWE-22;CWE-23;CWE-476,3,Healthcare and Public Health,Germany,False,False,False,False,False
ICSMA-22-244-01,2022-09-01,2022,True,ICSMA,Contec Health,Contec Health CMS8000 Patient Monitor (Update A),High,8.7,5,False,0.00974,CWE-419;CWE-489;CWE-770;CWE-798;CWE-1263,5,Healthcare and Public Health,China,False,False,False,False,False
ICSMA-22-251-01,2022-09-08,2022,True,ICSMA,Baxter,Baxter Sigma Spectrum Infusion Pump (Update A),High,7.5,4,False,0.00657,CWE-134;CWE-306;CWE-311,3,Healthcare and Public Health,United States,False,False,False,False,False
ICSMA-22-263-01,2022-09-20,2022,False,ICSMA,Medtronic,Medtronic NGP 600 Series Insulin Pumps,Medium,4.8,1,False,0.00327,CWE-693,1,Healthcare and Public Health,Ireland,False,False,False,False,False
ICSMA-22-277-01,2022-10-04,2022,False,ICSMA,"Becton, Dickinson and Company (BD)",BD Totalys MultiProcessor,Medium,6.6,1,False,0.00166,CWE-798,1,Healthcare and Public Health,United States,False,False,False,False,False
ICSMA-22-298-01,2022-10-25,2022,False,ICSMA,AliveCor,AliveCor KardiaMobile,Medium,5.2,2,False,0.00322,CWE-302;CWE-311,2,Healthcare and Public Health,United States,False,False,False,False,False
ICSMA-22-335-01,2022-12-01,2022,False,ICSMA,"Becton, Dickinson and Company (BD)",BD BodyGuard Pumps,Medium,5.3,1,False,0.00218,CWE-1299,1,Healthcare and Public Health,United States,False,False,False,False,False
ICSMA-23-047-01,2023-02-16,2023,True,ICSMA,"Becton, Dickinson and Company (BD)",BD Alaris Infusion Central (Update A),High,7.3,1,False,0.00162,CWE-257,1,Healthcare and Public Health,United States,False,False,False,False,False
ICSMA-23-061-01,2023-03-02,2023,True,ICSMA,Medtronic,Medtronic Micro Clinician and InterStim Apps,Medium,6.4,1,False,0.00266,CWE-620,1,Healthcare and Public Health,Ireland,False,False,False,False,False
ICSMA-23-103-01,2023-04-13,2023,True,ICSMA,B. Braun Melsungen AG,B. Braun Battery Pack SP with Wi-Fi,Medium,5.5,1,False,0.00604,CWE-95,1,Healthcare and Public Health,Germany,False,False,False,False,False
ICSMA-23-117-01,2023-04-27,2023,True,ICSMA,Illumina,Illumina Universal Copy Service,Critical,10.0,2,False,0.01812,CWE-250;CWE-1327,2,Healthcare and Public Health,United States,False,False,False,False,False
ICSMA-23-180-01,2023-06-29,2023,True,ICSMA,Medtronic,Medtronic Paceart Optima System,Critical,9.8,1,False,0.28495,CWE-502,1,Healthcare and Public Health,Ireland,False,False,False,False,False
ICSMA-23-194-01,2023-07-13,2023,True,ICSMA,"Becton, Dickinson and Company (BD)",BD Alaris System with Guardrails Suite MX (Update A),High,8.2,8,False,0.17366,CWE-20;CWE-79;CWE-287;CWE-311;CWE-319;CWE-345;CWE-611,7,Healthcare and Public Health,United States,False,False,False,False,False
ICSMA-23-248-01,2023-09-05,2023,True,ICSMA,Softneta,Softneta MedDream PACS Premium,Critical,9.8,2,False,0.01264,CWE-256;CWE-749,2,Healthcare and Public Health,Lithuania,False,False,False,False,False
ICSMA-23-285-01,2023-10-12,2023,False,ICSMA,Santesoft,Santesoft Sante DICOM Viewer Pro,High,7.8,2,False,0.00205,CWE-121;CWE-787,2,Healthcare and Public Health,Cyprus,False,False,False,False,False
ICSMA-23-285-02,2023-10-12,2023,False,ICSMA,Santesoft,Santesoft Sante FFT Imaging,High,7.8,1,False,0.00201,CWE-125,1,Healthcare and Public Health,Cyprus,False,False,False,False,False
ICSMA-23-331-01,2023-11-28,2023,False,ICSMA,"Becton, Dickinson and Company (BD)",BD FACSChorus,Medium,5.4,7,False,0.00378,CWE-266;CWE-277;CWE-287;CWE-306;CWE-798;CWE-1299,6,Healthcare and Public Health,United States,False,False,False,False,False
ICSMA-24-023-01,2024-01-23,2024,True,ICSMA,Orthanc,Orthanc Osimis DICOM Web Viewer,High,7.1,1,False,0.00308,CWE-79,1,Healthcare and Public Health,Belgium,False,False,False,False,False
ICSMA-24-058-01,2024-02-27,2024,True,ICSMA,Santesoft,Santesoft Sante DICOM Viewer Pro,High,7.8,1,False,0.00251,CWE-125,1,Healthcare and Public Health,Cyprus,False,False,False,False,False
ICSMA-24-060-01,2024-02-29,2024,True,ICSMA,MicroDicom,MicroDicom DICOM Viewer,High,7.8,2,False,0.00264,CWE-122;CWE-787,2,Healthcare and Public Health,Bulgaria,False,False,False,False,False
ICSMA-24-065-01,2024-03-05,2024,True,ICSMA,Santesoft,Santesoft Sante FFT Imaging,High,7.8,1,False,0.00341,CWE-787,1,Healthcare and Public Health,Cyprus,False,False,False,False,False
ICSMA-24-151-01,2024-05-30,2024,True,ICSMA,Baxter,Baxter Welch Allyn Configuration Tool,Critical,9.4,1,False,0.00477,CWE-522,1,Healthcare and Public Health,United States,False,False,False,False,False
ICSMA-24-151-02,2024-05-30,2024,True,ICSMA,Baxter,Baxter Welch Allyn Connex Spot Monitor,Critical,9.1,1,False,0.00392,CWE-1394,1,Healthcare and Public Health,United States,False,False,False,False,False
ICSMA-24-163-01,2024-06-11,2024,True,ICSMA,MicroDicom,MicroDicom DICOM Viewer,High,8.7,2,False,0.0068,CWE-121;CWE-939,2,Healthcare and Public Health,Bulgaria,False,False,False,False,False
ICSMA-24-200-01,2024-07-18,2024,True,ICSMA,Philips,Philips Vue PACS (Update A),Medium,6.0,2,False,0.53861,CWE-770;CWE-1392,2,Healthcare and Public Health,Netherlands,False,False,False,False,False
ICSMA-24-249-01,2024-09-05,2024,True,ICSMA,Baxter,Baxter Connex Health Portal,Critical,10.0,2,False,0.00598,CWE-89;CWE-284,2,Healthcare and Public Health,United States,False,False,False,False,False
ICSMA-24-254-01,2024-09-10,2024,True,ICSMA,BPL Medical Technologies,BPL Medical Technologies PWS-01-BT and BPL Be Well Android Application,Medium,5.1,1,False,0.00658,CWE-319,1,Healthcare and Public Health,India,False,False,False,False,False
ICSMA-24-319-01,2024-11-14,2024,False,ICSMA,Baxter,Baxter Life2000 Ventilation System,Critical,10.0,9,False,0.03047,CWE-306;CWE-307;CWE-319;CWE-494;CWE-778;CWE-798;CWE-1191;CWE-1263;CWE-1318,9,Healthcare and Public Health,United States,False,False,False,False,False
ICSMA-24-352-01,2024-12-17,2024,False,ICSMA,"Becton, Dickinson and Company (BD)",BD Diagnostic Solutions Products (Update A),High,8.0,1,False,0.00237,CWE-1392,1,Healthcare and Public Health,United States,False,False,False,False,False
ICSMA-24-354-01,2024-12-19,2024,False,ICSMA,Ossur,Ossur Mobile Logic Application,Medium,5.6,3,False,0.00291,CWE-77;CWE-497;CWE-798,3,Healthcare and Public Health,Iceland,False,False,False,False,False
ICSMA-25-030-01,2025-01-30,2025,True,ICSMA,Contec Health,Contec Health CMS8000 Patient Monitor (Update A),Critical,9.3,4,False,0.01299,CWE-359;CWE-787;CWE-912,3,Healthcare and Public Health,China,False,False,False,False,False
ICSMA-25-037-01,2025-02-06,2025,True,ICSMA,MicroDicom,MicroDicom DICOM Viewer,Medium,5.7,1,False,0.00108,CWE-295,1,Healthcare and Public Health,Bulgaria,False,False,False,False,False
ICSMA-25-037-02,2025-02-06,2025,True,ICSMA,Orthanc,Orthanc Server,Critical,9.2,1,False,0.02478,CWE-306,1,Healthcare and Public Health,Belgium,False,False,False,False,False
ICSMA-25-044-01,2025-02-13,2025,True,ICSMA,Qardio,Qardio Heart Health IOS and Android Application and QardioARM A100,High,7.2,3,False,0.00241,CWE-248;CWE-359;CWE-552,3,Healthcare and Public Health,United States,False,False,False,False,False
ICSMA-25-051-01,2025-02-20,2025,True,ICSMA,Medixant,Medixant RadiAnt DICOM Viewer,Medium,5.7,1,False,0.00139,CWE-295,1,Healthcare and Public Health,Poland,False,False,False,False,False
ICSMA-25-058-01,2025-02-27,2025,True,ICSMA,Dario Health,Dario Health USB-C Blood Glucose Monitoring System Starter Kit Android Application,High,8.7,7,False,0.0039,CWE-79;CWE-117;CWE-213;CWE-319;CWE-359;CWE-921;CWE-1004,7,Healthcare and Public Health,United States,False,False,False,False,False
ICSMA-25-072-01,2025-03-13,2025,True,ICSMA,Philips,Philips Intellispace Cardiovascular (ISCV),High,8.5,2,False,0.0023,CWE-287;CWE-1391,2,Healthcare and Public Health,Netherlands,False,False,False,False,False
ICSMA-25-079-01,2025-03-20,2025,True,ICSMA,Santesoft,Santesoft Sante DICOM Viewer Pro,High,8.4,1,False,0.0018,CWE-787,1,Healthcare and Public Health,Cyprus,False,False,False,False,False
ICSMA-25-100-01,2025-04-10,2025,True,ICSMA,INFINITT Healthcare,INFINITT Healthcare INFINITT PACS,High,8.7,3,False,0.00336,CWE-434;CWE-497,2,Healthcare and Public Health,South Korea,False,False,False,False,False
ICSMA-25-121-01,2025-05-01,2025,True,ICSMA,MicroDicom,MicroDicom DICOM Viewer,High,8.6,2,False,0.00543,CWE-125;CWE-787,2,Healthcare and Public Health,Bulgaria,False,False,False,False,False
ICSMA-25-128-01,2025-05-08,2025,True,ICSMA,Pixmeo,Pixmeo OsiriX MD,Critical,9.3,3,False,0.00932,CWE-319;CWE-416,2,Healthcare and Public Health,Switzerland,False,False,False,False,False
ICSMA-25-148-01,2025-05-29,2025,True,ICSMA,Santesoft,Santesoft Sante DICOM Viewer Pro,High,8.4,1,False,0.00191,CWE-125,1,Healthcare and Public Health,Cyprus,False,False,False,False,False
ICSMA-25-160-01,2025-06-10,2025,True,ICSMA,MicroDicom,MicroDicom DICOM Viewer,High,8.6,1,False,0.0072,CWE-787,1,Healthcare and Public Health,Bulgaria,False,False,False,False,False
ICSMA-25-198-01,2025-07-17,2025,True,ICSMA,Panoramic Corporation,Panoramic Corporation Digital Imaging Software,High,8.5,1,False,0.00494,CWE-427,1,Healthcare and Public Health,United States,False,False,False,False,False
ICSMA-25-205-01,2025-07-24,2025,True,ICSMA,Medtronic,Medtronic MyCareLink Patient Monitor (Update A),Medium,6.8,6,False,0.00364,CWE-258;CWE-312;CWE-313;CWE-502;CWE-1263,5,Healthcare and Public Health,Ireland,False,False,False,False,False
ICSMA-25-224-01,2025-08-12,2025,True,ICSMA,Santesoft,Santesoft Sante PACS Server,Critical,9.1,5,False,0.01603,CWE-22;CWE-79;CWE-319;CWE-415,4,Healthcare and Public Health,Cyprus,False,False,False,False,False
ICSMA-25-233-01,2025-08-21,2025,True,ICSMA,FUJIFILM Healthcare Americas Corporation,FUJIFILM Healthcare Americas Synapse Mobility,Medium,5.3,1,False,0.00238,CWE-472,1,Healthcare and Public Health,Japan,False,False,False,False,False
ICSMA-25-294-01,2025-10-21,2025,False,ICSMA,Oxford Nanopore Technologies,Oxford Nanopore Technologies MinKNOW,High,8.3,3,False,0.00284,CWE-306;CWE-522;CWE-754,3,Healthcare and Public Health,United Kingdom,False,False,False,False,False
ICSMA-25-296-01,2025-10-23,2025,False,ICSMA,NIHON KOHDEN,NIHON KOHDEN Central Monitor CNS-6201,High,8.7,1,False,0.00476,CWE-476,1,Healthcare and Public Health,Japan,False,False,False,False,False
ICSMA-25-301-01,2025-10-28,2025,False,ICSMA,Vertikal Systems,Vertikal Systems Hospital Manager Backend Services,High,8.7,2,False,0.00406,CWE-209;CWE-497,2,Healthcare and Public Health,Romania,False,False,False,False,False
ICSMA-25-336-01,2025-12-02,2025,False,ICSMA,Mirion Medical,Mirion Medical EC2 Software NMIS BioDose,High,8.7,5,False,0.0042,CWE-603;CWE-732;CWE-798,3,Healthcare and Public Health,United States,False,False,False,False,False
ICSMA-25-345-01,2025-12-11,2025,False,ICSMA,Grassroots,Grassroots DICOM (GDCM),Medium,6.8,1,False,0.00146,CWE-787,1,Healthcare and Public Health,United States,False,False,False,False,False
ICSMA-25-345-02,2025-12-11,2025,False,ICSMA,Varex Imaging,Varex Imaging Panoramic Dental Imaging Software,High,8.5,1,False,0.00494,CWE-427,1,Healthcare and Public Health,United States,False,False,False,False,False
ICSMA-25-364-01,2025-12-30,2025,False,ICSMA,WHILL Inc.,WHILL Model C2 Electric Wheelchairs and Model F Power Chairs (Update B),Critical,9.8,1,False,0.05643,CWE-306,1,Healthcare and Public Health,Japan,False,False,False,False,False
ICSMA-26-041-01,2026-02-10,2026,True,ICSMA,ZOLL,ZOLL ePCR IOS Mobile Application,Medium,5.5,1,False,0.00179,CWE-538,1,Healthcare and Public Health,United States,False,False,False,False,False
ICSMA-26-083-01,2026-03-24,2026,True,ICSMA,Grassroots,Grassroots DICOM (GDCM),High,7.5,1,False,0.00353,CWE-401,1,Healthcare and Public Health,United States,False,False,False,False,False
ICSMA-26-146-01,2026-05-26,2026,True,ICSMA,Eppendorf,Eppendorf BioFlo 320,Critical,9.8,1,False,0.00498,CWE-259,1,Healthcare and Public Health,Germany,False,False,False,False,False
ICSMA-26-148-01,2026-05-28,2026,True,ICSMA,Fourth Frontier,"Fourth Frontier Frontier X Mobile Application, Frontier X2",High,8.8,1,False,0.0028,CWE-306,1,Healthcare and Public Health,United States,False,False,False,False,False
ICSMA-26-169-01,2026-06-18,2026,True,ICSMA,Apollo Pharmacy,Apollo Pharmacy Blood Glucose Monitoring System APG-01 BT,Medium,6.5,2,False,0.00348,CWE-319;CWE-862,2,Healthcare and Public Health,India,False,False,False,False,False
ICSMA-26-176-01,2026-06-25,2026,True,ICSMA,pydicom,pydicom pynetdicom Library,Critical,9.1,1,False,0.0064,CWE-22,1,Healthcare and Public Health,United States,False,False,False,False,False
ICSMA-26-176-02,2026-06-25,2026,True,ICSMA,Open Health Imaging Foundation (OHIF),OHIF Viewers DICOM,High,8.2,1,False,0.00388,CWE-918,1,Healthcare and Public Health,United States,False,False,False,False,False
ICSMA-26-181-01,2026-06-30,2026,True,ICSMA,OFFIS,OFFIS DCMTK Toolkit,Critical,9.8,5,False,0.00664,CWE-22;CWE-401;CWE-843,3,Healthcare and Public Health,Germany,False,False,False,False,False
ICSMA-26-216-01,2026-08-04,2026,True,ICSMA,Thermo Fisher,Thermo Fisher Applied Biosystems Genetic Analyzers,High,8.4,1,False,0.00205,CWE-353,1,Healthcare and Public Health,United States,False,False,False,False,False
ICSMA-26-218-01,2026-08-06,2026,True,ICSMA,Medixant,Medixant RadiAnt DICOM,Medium,4.3,1,False,0.00288,CWE-787,1,Healthcare and Public Health,Poland,False,False,False,False,False
ICSMA-26-223-01,2026-08-11,2026,True,ICSMA,Quanovate Tech Inc. (operating as Mira / Mira Care),"Mira Hormone Monitor, Mira Android App",Critical,9.8,8,False,0.00314,CWE-290;CWE-306;CWE-307;CWE-598;CWE-798;CWE-807;CWE-1390,7,Healthcare and Public Health,United States,False,False,False,False,False
ICSMA-26-223-02,2026-08-11,2026,True,ICSMA,Pulsetto,Pulsetto Vagus Nerve Stimulator,High,8.1,1,False,0.00133,CWE-912,1,Healthcare and Public Health,Lithuania,False,False,False,False,False
ICSMA-26-225-01,2026-08-13,2026,True,ICSMA,Flow Neuroscience,Flow Neuroscience FL-100,High,8.1,1,False,0.00229,CWE-798,1,Healthcare and Public Health,Sweden,False,False,False,False,False
ICSMA-26-253-01,2026-09-10,2026,True,ICSMA,NextGen Healthcare,NextGen Healthcare Mirth Connect,High,8.3,3,False,0.0045,CWE-89;CWE-611,2,Healthcare and Public Health,United States,False,False,False,False,False
ICSMA-26-253-02,2026-09-10,2026,True,ICSMA,Orthanc,Orthanc DICOM Server,High,8.1,1,False,0.0056,CWE-190,1,Healthcare and Public Health,Belgium,False,False,False,False,False
